latent,gene,assignment_prob
Latent_0,HBB,0.05863950092291094
Latent_0,HBA2,0.05562120158852523
Latent_0,SLC4A1,0.045606054308310294
Latent_0,ATP8B4,0.045256204294020226
Latent_0,SNTB1,0.0217886710597417
Latent_0,SPIDR,0.01797968883156546
Latent_0,MACF1,0.015864604165808375
Latent_0,SIK3,0.014411228833127414
Latent_0,TBC1D5,0.013318720540053423
Latent_0,HBA1,0.012992255370859452
Latent_0,EIF4G3,0.012970929373599935
Latent_0,KIF13A,0.011581157466931268
Latent_0,INPP5D,0.010585989120990166
Latent_0,CMIP,0.010304397362478566
Latent_0,IGKC,0.00948784494310772
Latent_0,ARL15,0.00934051003556533
Latent_0,VAV3,0.009301382626990071
Latent_0,EIF4A1,0.009135777775449817
Latent_0,PCCA,0.008883984229351388
Latent_0,FAM102B,0.0077820051457021516
Latent_0,GAPDH,0.007554034173344635
Latent_0,JARID2,0.0075057791830374825
Latent_0,PIKFYVE,0.007459974192510845
Latent_0,ELOVL5,0.006978371069198429
Latent_0,CPNE8,0.006086073797917586
Latent_0,PPM1L,0.006066208595974573
Latent_0,HBM,0.005720562114766056
Latent_0,GSE1,0.0056998086054440775
Latent_0,ZNF804A,0.005453049476649855
Latent_0,RFX7,0.005446316452016127
Latent_0,TET2,0.005238366572320229
Latent_0,NR6A1,0.005231727085123677
Latent_0,PTPN12,0.0050230254910069196
Latent_0,CCDC6,0.005003910160136355
Latent_0,IGFBP7,0.0049916380653206435
Latent_0,RIN3,0.004978637455718506
Latent_0,HTT,0.00494936163048611
Latent_0,SEPTIN7,0.004794258764033053
Latent_0,FAM13B,0.004740445654898135
Latent_0,GALNT1,0.004694686576179978
Latent_0,SLC39A11,0.004561013138675167
Latent_0,GPD2,0.004554298140986862
Latent_0,DNAJB6,0.004543231555798152
Latent_0,SPN,0.004323006573527494
Latent_0,PHLPP1,0.004297719744347321
Latent_0,AUTS2,0.004276140591380289
Latent_0,MCTP2,0.004114029207957519
Latent_0,FNDC3B,0.004113991320230075
Latent_0,NRIP1,0.004045969650239679
Latent_0,KCNQ5,0.003805277404977463
Latent_1,BCL11B,0.08577008284911102
Latent_1,CD247,0.04696343189967053
Latent_1,INPP4B,0.045796818019379064
Latent_1,THEMIS,0.04367627220231619
Latent_1,STAT4,0.04234486340977393
Latent_1,TC2N,0.03807576701188743
Latent_1,ITK,0.035605714406316685
Latent_1,PRKCH,0.033007374419294265
Latent_1,NELL2,0.026840260013351627
Latent_1,TNIK,0.023667301671512153
Latent_1,RPL3,0.02234091214483257
Latent_1,SKAP1,0.020177338433157246
Latent_1,RORA,0.01957072591190149
Latent_1,OXNAD1,0.018376206151077355
Latent_1,PRKCQ,0.01694929519725055
Latent_1,CD96,0.01560481306272151
Latent_1,ANK3,0.01507910873026454
Latent_1,MLLT3,0.01457093348079435
Latent_1,LINC01934,0.012391027372129697
Latent_1,TGFBR3,0.011022598780359596
Latent_1,CD6,0.010830042471857438
Latent_1,DDX5,0.00911408425726933
Latent_1,LINC00861,0.008959706592239101
Latent_1,NCALD,0.008342258893838031
Latent_1,SLFN12L,0.00806536005870157
Latent_1,DOCK9,0.007303308174450283
Latent_1,RASGRF2,0.007175399671263262
Latent_1,CNOT6L,0.00710622560907975
Latent_1,TAFA1,0.006862606394250815
Latent_1,APBA2,0.006841929913382476
Latent_1,EEF1G,0.006582090420221157
Latent_1,FAU,0.0063473934304861665
Latent_1,MGAT4A,0.005936934749771919
Latent_1,TCF7,0.005900006394267883
Latent_1,KLF12,0.005893023652011157
Latent_1,KLRK1,0.0057126128329865675
Latent_1,CD226,0.00533637956181947
Latent_1,PTPN4,0.005189118886188544
Latent_1,CD2,0.005008653193141588
Latent_1,CD3G,0.004831267681729052
Latent_1,TSHZ2,0.004814826227248115
Latent_1,RPL11,0.004586989569758539
Latent_1,IL7R,0.004470565612633189
Latent_1,LEPROTL1,0.0043236335265895084
Latent_1,RORA-AS1,0.004175577079870932
Latent_1,NR3C2,0.00390541198816561
Latent_1,BCL2,0.003625835411520763
Latent_1,CDC42SE2,0.003462492141743153
Latent_1,PYHIN1,0.003388912210534786
Latent_1,EEF1D,0.0033665869101756362
Latent_2,HBD,0.0701591521540241
Latent_2,CA1,0.06396662839921659
Latent_2,HBM,0.06031296861383539
Latent_2,FCHSD2,0.04538002573467556
Latent_2,BANK1,0.035078058005313856
Latent_2,HBB,0.03355817473922015
Latent_2,HBA1,0.028829292105311426
Latent_2,TCF4,0.022476781452095168
Latent_2,HBA2,0.018933936199640282
Latent_2,IRF4,0.018627497280225995
Latent_2,EBF1,0.018182327780857207
Latent_2,CCDC50,0.01707771734463717
Latent_2,LINC01478,0.015114524691500073
Latent_2,GYPB,0.014348672637683853
Latent_2,FHDC1,0.012571495852523765
Latent_2,SEL1L3,0.012457807865399458
Latent_2,HDAC9,0.011451303338820183
Latent_2,RALGPS2,0.011372618724257834
Latent_2,NIBAN3,0.009957367118052864
Latent_2,AHSP,0.009782127427712421
Latent_2,RHEX,0.009021697557874507
Latent_2,LINC00926,0.00836972807443677
Latent_2,UVRAG,0.008207761859150581
Latent_2,NPL,0.008010259530224233
Latent_2,GNG7,0.0079756890806187
Latent_2,AFF3,0.007899691751918594
Latent_2,RPS29,0.006308096075897986
Latent_2,AC023590.1,0.0062349745641353755
Latent_2,PAX5,0.006102402307657132
Latent_2,AC008014.1,0.0060406288460819555
Latent_2,MEF2C,0.00603792506861536
Latent_2,DENND5B,0.005923543600846907
Latent_2,MS4A1,0.00588074237942626
Latent_2,IGHM,0.005880675722295145
Latent_2,RPS15A,0.005871948290953513
Latent_2,COL19A1,0.005540529447468547
Latent_2,NGLY1,0.004996503599759325
Latent_2,COBLL1,0.004460901209826459
Latent_2,RPS27,0.004264533454605168
Latent_2,TTC28,0.004210610992491749
Latent_2,ALCAM,0.004133873143071966
Latent_2,CD74,0.0040706046016771415
Latent_2,TRAK2,0.0037278532999436647
Latent_2,KLHL14,0.003661195079866666
Latent_2,ARHGAP24,0.0034267287929988757
Latent_2,RUBCNL,0.0033338003172028365
Latent_2,H3F3A,0.003307758959128286
Latent_2,EPHB1,0.0032609941167854742
Latent_2,AP1S3,0.003236321379776362
Latent_2,RPL21,0.0032173910966962244
Latent_3,GNAQ,0.025319534216181484
Latent_3,ATG7,0.0221199401698978
Latent_3,QKI,0.02066116226582701
Latent_3,H2AFY,0.018374157259807258
Latent_3,LRMDA,0.014641208873723659
Latent_3,FBXW7,0.011677776318430933
Latent_3,RTN4,0.009399850882869158
Latent_3,KMT2C,0.009380397937767982
Latent_3,FAR1,0.008795286400703576
Latent_3,ANGPT1,0.008479185765123057
Latent_3,HNRNPA2B1,0.008294792735276925
Latent_3,HNRNPU,0.008090441538586613
Latent_3,VTI1A,0.007766714487110085
Latent_3,SND1,0.007637046599842902
Latent_3,EIF3A,0.007289728655191381
Latent_3,RREB1,0.006972857985581727
Latent_3,DENND1A,0.006753693179139043
Latent_3,RBPJ,0.006620725869593296
Latent_3,COP1,0.006614507922147249
Latent_3,SUMF1,0.006409296404695131
Latent_3,RNF130,0.006207478361028702
Latent_3,CSNK1A1,0.006202184753684172
Latent_3,CERS6,0.005997641972475618
Latent_3,VAPA,0.0059808768203901096
Latent_3,SP3,0.005721009779565888
Latent_3,RPS6KC1,0.005560200675170507
Latent_3,PLXDC2,0.005424438914080367
Latent_3,MAP4K3,0.005422505391913138
Latent_3,ITFG1,0.005365750981706579
Latent_3,LARP4B,0.005361066379642187
Latent_3,OSBPL8,0.005245241441181733
Latent_3,SYNCRIP,0.005214184260156652
Latent_3,ATP13A3,0.0051624655758913665
Latent_3,TRA2B,0.005161066113011651
Latent_3,FOXN2,0.0050974356557102205
Latent_3,FAF1,0.0050218084501944035
Latent_3,UBE2D3,0.004875215016589923
Latent_3,CLASP2,0.004828413110642178
Latent_3,LRRFIP2,0.004769970643261438
Latent_3,CELF1,0.0047447555067002215
Latent_3,TET2,0.004653620582239884
Latent_3,CPPED1,0.004510303713541993
Latent_3,ANKS1A,0.004425421856422995
Latent_3,TRAPPC9,0.004423669651990951
Latent_3,RAB7A,0.004376198428649025
Latent_3,MTDH,0.0042266870994041245
Latent_3,GSK3B,0.004160148268833419
Latent_3,USP25,0.004062527867136843
Latent_3,RBM25,0.003984442077590505
Latent_3,PPA2,0.00395452258519739
Latent_4,PLCG2,0.07369733299410687
Latent_4,GPCPD1,0.03805531674136996
Latent_4,FYB1,0.03535071008559023
Latent_4,DPYD,0.032996118083792714
Latent_4,VIM,0.024405973368132557
Latent_4,CELF2,0.023034692163883676
Latent_4,PTPRC,0.020830343393487948
Latent_4,PLCL1,0.016287706784295603
Latent_4,STK17B,0.01573419290578904
Latent_4,SBF2,0.014195306033826629
Latent_4,SAMHD1,0.013158478823494128
Latent_4,SLC2A1,0.01313224975308575
Latent_4,LRRFIP1,0.013071946336624778
Latent_4,PAG1,0.013050828384417155
Latent_4,SVIL,0.013038863248723524
Latent_4,PRKCA,0.011855564833062746
Latent_4,RABGAP1L,0.010232975475275569
Latent_4,CMTM7,0.009260021049375169
Latent_4,TRPS1,0.009061232223268238
Latent_4,DISC1,0.008658178375656266
Latent_4,SH3KBP1,0.008595253357971084
Latent_4,LRRC8C,0.008150676588768007
Latent_4,RUNX2,0.007971158964347023
Latent_4,TXNDC5,0.007002056129409954
Latent_4,ITM2B,0.006798578862756566
Latent_4,UBASH3B,0.006328675262208349
Latent_4,CAPZB,0.006104777082638528
Latent_4,SFMBT2,0.005631672238040966
Latent_4,TLE4,0.00546020997944148
Latent_4,PKM,0.005427604743018906
Latent_4,NCOA4,0.005348115764275483
Latent_4,AOAH,0.0052349598300855185
Latent_4,LCP1,0.005103904505382691
Latent_4,MAN1C1,0.004974303547605548
Latent_4,NAMPT,0.004835968429718657
Latent_4,PLCL2,0.004794971709163969
Latent_4,ALAS2,0.004730813827830803
Latent_4,CACNA2D3,0.004720061128167913
Latent_4,JAML,0.004550201887427583
Latent_4,PIK3R1,0.004406509052321749
Latent_4,SLCO3A1,0.004351217041067855
Latent_4,TNFAIP3,0.004301416905289408
Latent_4,ANXA1,0.004210093945208035
Latent_4,WNK1,0.004056605881358113
Latent_4,RGS6,0.004038473185155191
Latent_4,CD44,0.003952402621977728
Latent_4,ARHGAP26,0.0038805471573173204
Latent_4,TIAM1,0.0038797359746039917
Latent_4,TCF7L2,0.0037634140488315357
Latent_4,AAK1,0.0037121173595442867
Latent_5,CPEB4,0.08895652246084776
Latent_5,KCNQ5,0.05803621341296189
Latent_5,SSBP2,0.04181178826774954
Latent_5,ITGB1,0.023445880558884566
Latent_5,SOX6,0.020761664441270745
Latent_5,TFRC,0.02014624127940503
Latent_5,ELL2,0.019972786643248537
Latent_5,WDR26,0.01923146519047442
Latent_5,CD69,0.01843825307477565
Latent_5,NRIP1,0.01703025187209623
Latent_5,MARK3,0.015083207834055805
Latent_5,FOXO3,0.014929518095621496
Latent_5,FBXW7,0.013335063396317782
Latent_5,BSG,0.01330021560605512
Latent_5,RABGAP1L,0.012190998964869379
Latent_5,TANGO2,0.012150605528042906
Latent_5,AUTS2,0.011201107063132572
Latent_5,PSAP,0.011056870697656658
Latent_5,CCDC171,0.010692366582391536
Latent_5,CLTC,0.0105651114922305
Latent_5,SOX4,0.010199339712160822
Latent_5,RIOK3,0.009662544925162865
Latent_5,LGALS3,0.009457066010689642
Latent_5,MIR181A1HG,0.009457015381030347
Latent_5,FOXP1,0.00809596508651328
Latent_5,MAML3,0.007560132179482064
Latent_5,IKZF2,0.007462373790444145
Latent_5,BACH2,0.007459874163139666
Latent_5,PHLPP2,0.007357456857911915
Latent_5,SATB1-AS1,0.007302391438242283
Latent_5,WNK1,0.007095019014494417
Latent_5,PRKACB,0.006895068177624884
Latent_5,L3MBTL4,0.006886503210853469
Latent_5,SEC14L1,0.006823261241590861
Latent_5,MGST3,0.0065473947563368115
Latent_5,RUNX1,0.006372104740846685
Latent_5,TANK,0.006310678383649243
Latent_5,CLCN3,0.0054610547037073015
Latent_5,TUT7,0.005454994355305125
Latent_5,AC069410.1,0.005431158311351264
Latent_5,VAV3,0.00512783348194327
Latent_5,ARPP21,0.0050291201821018195
Latent_5,AFF3,0.0049546964338493095
Latent_5,GCLC,0.004898184530371485
Latent_5,TAPT1,0.004816822609060157
Latent_5,GUK1,0.004691991783727784
Latent_5,EP300,0.004590908830330158
Latent_5,CD38,0.004402232787903067
Latent_5,TAPT1-AS1,0.0043598005850749005
Latent_5,IL1R1,0.004276893558763242
Latent_6,COBLL1,0.047159800864565025
Latent_6,RAPGEF2,0.0420475189333384
Latent_6,TMSB4X,0.04081804117624325
Latent_6,DPYD,0.03212429564071455
Latent_6,TLCD4,0.026637255388161807
Latent_6,AOAH,0.02650591363781661
Latent_6,ID2,0.0262890710633558
Latent_6,BCL11A,0.02273671566740059
Latent_6,TMSB10,0.02142155871671142
Latent_6,PIP5K1B,0.015719678628622117
Latent_6,RIPOR3,0.015676748885695025
Latent_6,ARHGAP26,0.014001902507341022
Latent_6,RNF213,0.013684155580060954
Latent_6,GNG2,0.012995405456408166
Latent_6,PTPRC,0.012620533582675186
Latent_6,SOX6,0.012090944570380808
Latent_6,ACTB,0.011669160817714398
Latent_6,CEBPD,0.010800745182441977
Latent_6,NKAIN2,0.010476559073254671
Latent_6,NLRP1,0.009837797246627275
Latent_6,FYN,0.009604315470241275
Latent_6,SLC25A21,0.009216286405476762
Latent_6,MARCH8,0.008786658462062712
Latent_6,FYB1,0.008677977494699653
Latent_6,KLF2,0.00847497165227256
Latent_6,CORO1A,0.007967826021671334
Latent_6,RHBDD1,0.007816905086165886
Latent_6,MARCH3,0.007449054117719942
Latent_6,TLE4,0.007293003595863882
Latent_6,NKG7,0.007217281747502569
Latent_6,BANK1,0.007122064772289664
Latent_6,ITGB2,0.0070188632697357305
Latent_6,ITGAL,0.006996758433272087
Latent_6,LHFPL2,0.006705302331416119
Latent_6,LTBP1,0.006555319026720449
Latent_6,FTX,0.0064200894206214365
Latent_6,MYO1D,0.006236537515706777
Latent_6,LFNG,0.006100815133898427
Latent_6,SRGN,0.0060268479666970255
Latent_6,STK10,0.005751300114460893
Latent_6,DUSP1,0.005546464353951938
Latent_6,AL050309.1,0.005150333212017403
Latent_6,RASA3,0.004937559360586969
Latent_6,RGS6,0.004928085067582879
Latent_6,NBAS,0.004616430221051501
Latent_6,BTG1,0.004609356296829931
Latent_6,DENND5B,0.004559154486032349
Latent_6,IFITM2,0.004543656304959271
Latent_6,SLCO3A1,0.004431998013743036
Latent_6,IRS2,0.004362913861932185
Latent_7,MAP3K1,0.028075821834960817
Latent_7,ADAM19,0.025881102041630775
Latent_7,NCOA3,0.022899303729804487
Latent_7,SMCHD1,0.02283948791349918
Latent_7,TPT1,0.02271458097945914
Latent_7,TUBA1B,0.019657090247659895
Latent_7,RPS3A,0.019234759432080254
Latent_7,IGF1R,0.017268036775486887
Latent_7,ZFP36L2,0.014274634556753643
Latent_7,AP001011.1,0.013129363915889657
Latent_7,RPS12,0.012480032031206852
Latent_7,EZR,0.012159817566018824
Latent_7,CD247,0.011946823133311819
Latent_7,PLCB1,0.011820062743446118
Latent_7,RPS6,0.011693054636592521
Latent_7,RPS20,0.011437241445140696
Latent_7,RPL13,0.010741836508029871
Latent_7,RPL17,0.010375154131592026
Latent_7,COL19A1,0.010239398370430282
Latent_7,LMBRD1,0.00951471978799869
Latent_7,FCHSD2,0.009378053462362734
Latent_7,MS4A1,0.008670918404486657
Latent_7,PRKCB,0.0083117107477292
Latent_7,RPS3,0.008288348819609211
Latent_7,RPS14,0.008221737512914586
Latent_7,NAALADL2,0.007861848801869943
Latent_7,BANK1,0.007584056395676225
Latent_7,RPS15A,0.00739183064635983
Latent_7,RPS18,0.00736333775914419
Latent_7,PRKCH,0.007008602125463695
Latent_7,KEL,0.006990917778991057
Latent_7,ATP8B4,0.006708483960576216
Latent_7,RPL9,0.006446952034884559
Latent_7,SP100,0.006344619430695533
Latent_7,RPS17,0.006220941361758003
Latent_7,RAPGEF1,0.006106328244044015
Latent_7,TLN2,0.006086317369869667
Latent_7,RPL35A,0.006023321303066458
Latent_7,PLXNA4,0.006000121373799623
Latent_7,LRMDA,0.005894948259730136
Latent_7,CAMK1D,0.005583321277649349
Latent_7,PLEKHG1,0.005533649269000832
Latent_7,RPL31,0.005477342324575383
Latent_7,UVRAG,0.005367015796500309
Latent_7,MTRNR2L12,0.005251830017904998
Latent_7,SNHG5,0.004985842603821498
Latent_7,GNAQ,0.004948459788711928
Latent_7,MARCH1,0.004931944493761998
Latent_7,TMEM131,0.004793859601666144
Latent_7,RPL15,0.0047428834824178884
Latent_8,ZNF385D,0.044697659165636554
Latent_8,CDK6,0.02478779303583668
Latent_8,ITPR2,0.018091495549921524
Latent_8,SSBP2,0.016918764295946857
Latent_8,FHIT,0.015390938601502474
Latent_8,HBA2,0.014208584171304328
Latent_8,ANKRD17,0.014077886452157674
Latent_8,ARID1B,0.013897800297632257
Latent_8,FIRRE,0.011154461144133475
Latent_8,GPC5,0.010557637804874294
Latent_8,TCF12,0.010524553897700758
Latent_8,PTH2R,0.009870214941467396
Latent_8,ETV6,0.00972182129232113
Latent_8,XACT,0.009631766929824542
Latent_8,IMMP2L,0.009321555881059543
Latent_8,MME,0.008564226888861416
Latent_8,HBB,0.008516774225092663
Latent_8,TBL1XR1,0.008168804716628529
Latent_8,SMARCC1,0.007517631911711187
Latent_8,MSI2,0.007145116135227052
Latent_8,MLLT10,0.006879386330725378
Latent_8,HSP90B1,0.006862554213519839
Latent_8,TCF4,0.0063863988775014185
Latent_8,LINC00486,0.006272806915219761
Latent_8,UBE3A,0.006153598775121465
Latent_8,DAPK1,0.005910097538054565
Latent_8,NLK,0.005728650829128448
Latent_8,CHD9,0.005288481272241625
Latent_8,ZMYM2,0.0052464939484521715
Latent_8,AL589693.1,0.0051445961171750565
Latent_8,SOX4,0.005057351734111275
Latent_8,SRBD1,0.005053406380272762
Latent_8,KANSL1L,0.004788429413217112
Latent_8,SINHCAF,0.004744270921375199
Latent_8,PTBP2,0.004593652427956331
Latent_8,ARHGAP32,0.004535075454837783
Latent_8,ACSM3,0.004520131612660995
Latent_8,EBF1,0.004511461581336749
Latent_8,SFPQ,0.004433186721566131
Latent_8,HBA1,0.004352144023778907
Latent_8,ZNF521,0.004300178780972013
Latent_8,NPR3,0.004232304462845977
Latent_8,KDM1A,0.004190216594566724
Latent_8,HIVEP1,0.004173185720993336
Latent_8,MGLL,0.004159914379136793
Latent_8,HBM,0.00403789634935359
Latent_8,GRAP2,0.0038014885440924304
Latent_8,TASP1,0.003758190404226135
Latent_8,SCARB2,0.0037095291253980258
Latent_8,RALGPS2,0.0036176580188846973
Latent_9,IGHA1,0.049406044241685675
Latent_9,MOB1B,0.03339835595283959
Latent_9,IGHG3,0.021313513108715463
Latent_9,HMBS,0.020220999977286096
Latent_9,FRYL,0.019022680075906625
Latent_9,DNAJC6,0.01780010434316361
Latent_9,SRPK2,0.017538014890714916
Latent_9,IGLL1,0.016302538870133606
Latent_9,IGHG1,0.01611830273416957
Latent_9,SNCA,0.01587558025734503
Latent_9,SLC40A1,0.015475163921893673
Latent_9,RB1CC1,0.015089562220931114
Latent_9,SPTA1,0.012894209445348716
Latent_9,TFDP2,0.012324026685667198
Latent_9,GNAQ,0.01228069964310382
Latent_9,NKG7,0.012140649006710686
Latent_9,SP140,0.012038714932314346
Latent_9,TAFA2,0.012025388448706363
Latent_9,RIPOR2,0.011566018307046651
Latent_9,IGKC,0.011554339056439033
Latent_9,MBD5,0.011433764882481537
Latent_9,IGLC3,0.011153111730833708
Latent_9,ST6GAL1,0.010581108313461996
Latent_9,LPIN2,0.009986007389066695
Latent_9,CAMK1D,0.00987439149528277
Latent_9,ATM,0.009197328834863221
Latent_9,IGLC2,0.008741169372121205
Latent_9,NEDD9,0.008397646203924218
Latent_9,TBC1D22A,0.008327962134900772
Latent_9,GNLY,0.00815527271132999
Latent_9,TLN2,0.007499424788597711
Latent_9,DCAF6,0.007316889773525223
Latent_9,HLA-E,0.0072911682659280875
Latent_9,SH3BP5,0.007278570274078341
Latent_9,ZNRF1,0.0066044196958528895
Latent_9,ANKRD44,0.006429015826737082
Latent_9,SP100,0.006379662901363898
Latent_9,DACH1,0.006261963946686319
Latent_9,SMAP2,0.006259974850745512
Latent_9,SMCHD1,0.0061966247563784264
Latent_9,RAPGEF1,0.005868866828309297
Latent_9,MACO1,0.005469988427452786
Latent_9,ATG14,0.005453328181663787
Latent_9,TOP1,0.005446792616747478
Latent_9,AFF1,0.00535400704317422
Latent_9,CDC42BPA,0.005292949834073555
Latent_9,NFIA,0.005203246491356655
Latent_9,CD53,0.0051847747247606045
Latent_9,TXNIP,0.005107236274275794
Latent_9,ZMIZ1,0.004770151757693913
Latent_10,RCSD1,0.03409800440122484
Latent_10,LYN,0.03231652901817603
Latent_10,SSBP2,0.030984289575560004
Latent_10,DLEU2,0.028674935073479714
Latent_10,SPTB,0.027182427282223816
Latent_10,PRDX2,0.027177748833107578
Latent_10,CD79B,0.02666843584840025
Latent_10,TCF4,0.02303030157555989
Latent_10,PELI2,0.021106138050683655
Latent_10,ZEB2,0.018153234209988624
Latent_10,MIR181A1HG,0.017296483043396964
Latent_10,PRKCE,0.016753361584495582
Latent_10,ARHGAP24,0.01594592655982327
Latent_10,AC079804.3,0.015298503104161455
Latent_10,UTRN,0.013520245309398767
Latent_10,PIP4K2A,0.013050289104089985
Latent_10,XYLT1,0.011678278457237188
Latent_10,GSAP,0.011298929682958462
Latent_10,ANKRD12,0.011194159449922754
Latent_10,PCDH9,0.010858072442132712
Latent_10,LINC01374,0.009227335974027554
Latent_10,MME,0.00852348994421588
Latent_10,GPR183,0.008017745904936126
Latent_10,AFF3,0.007913463885597539
Latent_10,FRMD4A,0.007695627526140518
Latent_10,PAX5,0.0076620951771601414
Latent_10,EPB41,0.007443160275460923
Latent_10,SESTD1,0.007148636926656862
Latent_10,PHTF2,0.006662884158240669
Latent_10,SIPA1L3,0.006545503028204214
Latent_10,L3MBTL4,0.006396343554223716
Latent_10,PIK3AP1,0.006019607698657589
Latent_10,CAMK1D,0.005959318650472772
Latent_10,RPL4,0.005856340142518316
Latent_10,TNFAIP3,0.005702353130963746
Latent_10,MCTP2,0.005690937325489938
Latent_10,PPP3CA,0.005481802262404255
Latent_10,ARPP21,0.005471270680336281
Latent_10,SWAP70,0.005234731814836263
Latent_10,RORA,0.004854756381930226
Latent_10,KHDRBS2,0.004827626922153392
Latent_10,WASHC4,0.004713678841766007
Latent_10,IL32,0.004661784204559702
Latent_10,SON,0.004480927589764856
Latent_10,RB1,0.004464634489925443
Latent_10,CDC42SE2,0.004269626818875974
Latent_10,SUB1,0.004142633517706005
Latent_10,RUNX2,0.004092466054460109
Latent_10,CASC15,0.003965849918199908
Latent_10,RGCC,0.003940673435061691
Latent_11,LYN,0.07130968461602766
Latent_11,CD74,0.05238934627869765
Latent_11,SYK,0.048803806487421594
Latent_11,HDAC9,0.035519802832276993
Latent_11,TCF4,0.03461545505038549
Latent_11,ARHGAP24,0.03214677980276779
Latent_11,HLA-DRB1,0.022972629247101837
Latent_11,IRF8,0.019049825492237805
Latent_11,WDFY4,0.018518690157712913
Latent_11,ZEB2,0.01776450043538743
Latent_11,APP,0.01598237407071481
Latent_11,MIR181A1HG,0.01581720434226405
Latent_11,VPS13C,0.01349694915765351
Latent_11,PIK3AP1,0.01269620570503865
Latent_11,UBE2E2,0.012348506661476742
Latent_11,SKAP2,0.010901872860487393
Latent_11,HLA-DRA,0.010847866907595398
Latent_11,HLA-DPA1,0.010328498455203844
Latent_11,MEF2C,0.010177936391745548
Latent_11,HLA-DPB1,0.010096637462101765
Latent_11,CIITA,0.009187477792106796
Latent_11,TSPAN5,0.009042681729402629
Latent_11,MCTP1,0.009036271749554892
Latent_11,EPB41,0.008925602950649878
Latent_11,MYO1E,0.00851870235608364
Latent_11,GAS7,0.008448333796863541
Latent_11,MARCH1,0.008092852265106228
Latent_11,PLXDC2,0.007900546113431845
Latent_11,PRKCE,0.007606663012910674
Latent_11,SOX4,0.00706961559775626
Latent_11,UVRAG,0.006869372316876109
Latent_11,TRAK1,0.006566824913216032
Latent_11,ACAP2,0.006504286737999092
Latent_11,XYLT1,0.0062106091732028815
Latent_11,ZFAND3,0.006197197534340385
Latent_11,HLA-DRB5,0.005963118949608906
Latent_11,PCDH9,0.005774416542587263
Latent_11,VAV3,0.00571145993062467
Latent_11,FAM49A,0.005659108884264629
Latent_11,TET2,0.005657454620619449
Latent_11,AFF3,0.00564467958235343
Latent_11,NIBAN3,0.005186177183053695
Latent_11,TENT5C,0.004899077527098261
Latent_11,MEF2A,0.0048893212016858905
Latent_11,ACTR2,0.004652153709938676
Latent_11,ETV6,0.0045960758005519665
Latent_11,DAPK1,0.00459232586908138
Latent_11,CLEC12A,0.004343903864150283
Latent_11,KYNU,0.004215786746275841
Latent_11,DACH1,0.004140386948336125
Latent_12,NAMPT,0.028448348201180147
Latent_12,DOCK2,0.026753826918332866
Latent_12,LRRFIP1,0.0217074385717157
Latent_12,PABPC1,0.020518767985764935
Latent_12,FOS,0.02042543760474379
Latent_12,SBF2,0.019676185229239578
Latent_12,NFKBIZ,0.01729199878971501
Latent_12,CELF2,0.016214660985398668
Latent_12,ELMO1,0.01541391083083236
Latent_12,AHR,0.015348779761118123
Latent_12,CERS6,0.015340372675364809
Latent_12,CD44,0.015137820269923113
Latent_12,DISC1,0.01470631540622015
Latent_12,FOSB,0.01346792453376139
Latent_12,DPYD,0.01234058286488872
Latent_12,ANTXR2,0.011978994579569913
Latent_12,RALGAPA2,0.010989451445979497
Latent_12,TBC1D4,0.010426825966882403
Latent_12,ARHGAP15,0.009601384820944107
Latent_12,TNFSF13B,0.009586481199666987
Latent_12,NAP1L1,0.009484555314451758
Latent_12,MAML3,0.008996989067726899
Latent_12,RUNX2,0.0086182356005168
Latent_12,TLR2,0.008604347224004391
Latent_12,DENND5A,0.008537038229910355
Latent_12,N4BP2L2,0.00828152410181242
Latent_12,PPP1CB,0.007854738548848923
Latent_12,PRKAG2,0.00784559939199441
Latent_12,FAM160A1,0.0072247011701089495
Latent_12,STK17B,0.0072110498616794775
Latent_12,VIM,0.006960824489173404
Latent_12,SVIL,0.006843021350964888
Latent_12,APP,0.006465586061177803
Latent_12,FLNB,0.0063776829207681796
Latent_12,BTBD11,0.006291149747250675
Latent_12,STAT3,0.006150504558215484
Latent_12,HIF1A,0.005864332257121467
Latent_12,TRPS1,0.005827424157376331
Latent_12,ABCC1,0.005811356380857125
Latent_12,ZNF609,0.005774547774367679
Latent_12,IKZF1,0.0055539892153054415
Latent_12,ZBTB20,0.005540124183231216
Latent_12,AIF1,0.005486775135752352
Latent_12,FKBP5,0.005443758680231628
Latent_12,SNED1,0.005266414627776983
Latent_12,GNAQ,0.00516060404201847
Latent_12,C9orf72,0.00505497897341187
Latent_12,RNASET2,0.0050074469134702695
Latent_12,NFKB1,0.004804109773814044
Latent_12,BTBD9,0.004731344660626654
Latent_13,WRN,0.032735724365467726
Latent_13,PAG1,0.025232420121994042
Latent_13,DENND4A,0.02079944294292355
Latent_13,USP24,0.018399211006340788
Latent_13,BMP2K,0.015076627588423293
Latent_13,GCLC,0.012488177541324145
Latent_13,IGLC2,0.010796162186596358
Latent_13,PDZD8,0.01050164929403785
Latent_13,TBC1D5,0.009506970575820554
Latent_13,B2M,0.009405504868565829
Latent_13,RAB11A,0.009150561886760354
Latent_13,TFR2,0.008694873848873593
Latent_13,RGS2,0.008649896027343474
Latent_13,LTBP1,0.008286353198515355
Latent_13,PRKDC,0.0076168735109296845
Latent_13,PIGQ,0.007452218472692812
Latent_13,HMGA2,0.007292071185274633
Latent_13,IGKC,0.007085414591377888
Latent_13,RNF213,0.007008526212866883
Latent_13,SLC25A21,0.006774995718878826
Latent_13,ZMYND8,0.006663718424721847
Latent_13,GYPC,0.00661085170943696
Latent_13,PBX1,0.006313305687887118
Latent_13,FBXO7,0.006266005342793321
Latent_13,DHX9,0.006036910407991234
Latent_13,NEDD4L,0.005823632918850887
Latent_13,NKAIN2,0.005741884247810195
Latent_13,SNHG29,0.005697831102831531
Latent_13,SELENBP1,0.00548542446048062
Latent_13,PCM1,0.005414347990540252
Latent_13,HLA-B,0.005383660030995076
Latent_13,CAT,0.005168023115778981
Latent_13,FAM117A,0.0051265340655946645
Latent_13,ST8SIA6,0.005014205449065838
Latent_13,RNF220,0.004914097917030121
Latent_13,GCLM,0.004893039528160536
Latent_13,KIAA1211,0.004681469262967339
Latent_13,MEIS1,0.004627883247625898
Latent_13,POLA1,0.00457740683131516
Latent_13,SRSF10,0.004489788127458358
Latent_13,NUP153,0.0044280902950783185
Latent_13,ARMC8,0.0044170572945900965
Latent_13,MED12L,0.004408056744689513
Latent_13,METAP2,0.004306992359441066
Latent_13,CENPP,0.004263777386941483
Latent_13,LTB,0.004218260063239576
Latent_13,AC107223.1,0.004213231329310108
Latent_13,HIPK1,0.0041473871324081155
Latent_13,CCDC14,0.004101711441693236
Latent_13,VRK1,0.003944109122805987
Latent_14,SETBP1,0.07310246702322577
Latent_14,MEF2C,0.0626257306245443
Latent_14,CD74,0.052919317343731315
Latent_14,TCF4,0.03267489726908299
Latent_14,ASAP1,0.02988646280023724
Latent_14,MZB1,0.02936954998354855
Latent_14,FCHSD2,0.022820269917794823
Latent_14,JCHAIN,0.022681122052860835
Latent_14,SLC25A37,0.022427326496040293
Latent_14,PCDH9,0.020201127679838556
Latent_14,KHDRBS2,0.01411032556092654
Latent_14,PDE3B,0.013898982438394415
Latent_14,BANK1,0.013151469598687304
Latent_14,LARGE1,0.012955470555511748
Latent_14,HLA-DPB1,0.012497674834635127
Latent_14,TBC1D9,0.012018313658545712
Latent_14,RALGPS2,0.011781626378766794
Latent_14,EBF1,0.011722082455915252
Latent_14,USP15,0.011523382003637284
Latent_14,HLA-DRB1,0.011012456527093638
Latent_14,BLK,0.00978540656115752
Latent_14,PAX5,0.008871170853455315
Latent_14,LYN,0.008426798495939178
Latent_14,TRIO,0.007876702239129547
Latent_14,NDFIP1,0.007769709930086584
Latent_14,HBB,0.007483927152835067
Latent_14,BLNK,0.007273348867193508
Latent_14,HBA2,0.007260870241400096
Latent_14,HDAC9,0.006898952266405146
Latent_14,SLC15A4,0.0067393979711544245
Latent_14,ST6GAL1,0.006603979459245324
Latent_14,AP002075.1,0.006432122957398993
Latent_14,HBA1,0.006285736570828658
Latent_14,FCRL1,0.0062786194650225734
Latent_14,HLA-DQA1,0.006140747158709116
Latent_14,CCDC50,0.006119987275808917
Latent_14,LINC00996,0.006042746288530811
Latent_14,NIBAN3,0.005998915443418557
Latent_14,MME,0.005870070689714095
Latent_14,ARAP2,0.005573695916367717
Latent_14,OSBPL10,0.005525160075004988
Latent_14,TSPAN5,0.005433266108695997
Latent_14,RHOQ,0.005397866400253772
Latent_14,HBD,0.005173368782998862
Latent_14,AKAP7,0.005105891846141897
Latent_14,WNK1,0.004856680542054799
Latent_14,AHSP,0.004701877493936145
Latent_14,CDK14,0.00464940817343703
Latent_14,HLA-DPA1,0.004626830865196965
Latent_14,TRAK2,0.004422396898519781
Latent_15,SKAP1,0.07240647684014959
Latent_15,PLXDC2,0.03775374325438686
Latent_15,DACH1,0.031793132079435876
Latent_15,FGD4,0.02993814275562752
Latent_15,BAZ2B,0.028330218110040193
Latent_15,MCTP1,0.028113878055846534
Latent_15,MED13L,0.026060594494266072
Latent_15,CCDC88A,0.024338135968554605
Latent_15,FLT3,0.022821871041544088
Latent_15,ZEB2,0.021893466966091676
Latent_15,NEGR1,0.020623006732398325
Latent_15,GAB2,0.01883338435939179
Latent_15,TTC7A,0.01786815106550485
Latent_15,RPS27,0.01705558969968951
Latent_15,ERG,0.014566340397993479
Latent_15,ETV6,0.011935660973833936
Latent_15,TNS3,0.011075196428204242
Latent_15,EVI5,0.010239606826770676
Latent_15,CUX1,0.010173489916952065
Latent_15,CREB5,0.009814786050806122
Latent_15,SYK,0.009227123853794086
Latent_15,DAPK1,0.00909460238763686
Latent_15,DST,0.00886269675359922
Latent_15,KLF4,0.008743108450954717
Latent_15,SLC8A1,0.008402007914979791
Latent_15,EMILIN2,0.00814414963370486
Latent_15,STK17A,0.007678256068338762
Latent_15,TEX14,0.007656621148065425
Latent_15,RPS29,0.007621058722434455
Latent_15,FRMD4B,0.007595119758032261
Latent_15,RORA,0.007174789689245624
Latent_15,LRRK1,0.006792717539275668
Latent_15,ZSWIM6,0.006788624010759177
Latent_15,COL24A1,0.006423045086660674
Latent_15,HIP1,0.006360675331556492
Latent_15,ZMIZ1,0.00624616687479812
Latent_15,MS4A6A,0.006080428716834775
Latent_15,EPB41,0.005844487957606044
Latent_15,DOCK4,0.005564621998786868
Latent_15,HBB,0.005555476803358341
Latent_15,TCF4,0.00546273982649511
Latent_15,TSPAN5,0.0054096611043208545
Latent_15,SPAG9,0.004875114697526113
Latent_15,HCK,0.004826863054745399
Latent_15,QKI,0.004642890988941071
Latent_15,STK3,0.004395707193812566
Latent_15,NUMB,0.004043843694954997
Latent_15,LRMDA,0.003941693550309117
Latent_15,TNFRSF21,0.0038948542187937866
Latent_15,PLAUR,0.0038326409228389507
Latent_16,ITGA4,0.02395756941363984
Latent_16,PTMA,0.020418252132263583
Latent_16,IGKC,0.016546647167548723
Latent_16,RPL14,0.012672396367244305
Latent_16,SRSF2,0.011867808001374961
Latent_16,SET,0.010766049986373956
Latent_16,IGHA1,0.00865976021376718
Latent_16,NCL,0.008358486126181347
Latent_16,RAD21,0.008071558455658854
Latent_16,HMGB1,0.007566636524399926
Latent_16,HNRNPD,0.007412356093628191
Latent_16,H2AFZ,0.006883659188691055
Latent_16,TUBB,0.006436990210706791
Latent_16,HSPD1,0.0063076615459949584
Latent_16,HNRNPR,0.006292492235767778
Latent_16,GTDC1,0.006024331205406073
Latent_16,KPNB1,0.006004343960223018
Latent_16,HNRNPK,0.0059990884256017766
Latent_16,HNRNPA3,0.005952228361856475
Latent_16,XRCC5,0.00594673825660987
Latent_16,CEP192,0.005774113412220983
Latent_16,SMC2,0.005771721262059189
Latent_16,RAN,0.005722257770767914
Latent_16,YBX1,0.005674844909068637
Latent_16,PTP4A2,0.005437356513151161
Latent_16,HNRNPA1,0.005232259941142397
Latent_16,PTGES3,0.005214641727595821
Latent_16,PRKDC,0.005136002562317159
Latent_16,IDH2,0.005131841002734677
Latent_16,NUCKS1,0.005084166212912451
Latent_16,HNRNPM,0.00506632630246865
Latent_16,HP1BP3,0.005050517139905258
Latent_16,RRM1,0.004950269480039175
Latent_16,PSMA7,0.004871204646278981
Latent_16,ATP5F1A,0.004809267300123366
Latent_16,HSP90AA1,0.0047413800115513206
Latent_16,MMS22L,0.004571708932567266
Latent_16,SMC4,0.004471749245956021
Latent_16,PDE3B,0.004469802897250003
Latent_16,UQCRH,0.004465331654095762
Latent_16,SUPT16H,0.004404077378330664
Latent_16,SEPTIN7,0.004343124100592239
Latent_16,RPSA,0.004337104007828788
Latent_16,CCT6A,0.004301266810941044
Latent_16,EIF5A,0.004259377600343282
Latent_16,SLC25A5,0.004144732511150163
Latent_16,SUZ12,0.004130757930449687
Latent_16,TUBA1B,0.004057890549783998
Latent_16,RPL8,0.0040170358101930355
Latent_16,SMC3,0.004003585468356545
Latent_17,GLCCI1,0.03183254776351646
Latent_17,AUTS2,0.02142678127251718
Latent_17,STRBP,0.018826514249539773
Latent_17,KAT2B,0.017747281895917302
Latent_17,TCF4,0.017557617539039217
Latent_17,NAMPT,0.01731399392986995
Latent_17,SIPA1L1,0.014410052566644824
Latent_17,SLC2A1,0.013575526653820924
Latent_17,LINC01374,0.013542659302392863
Latent_17,CARD11,0.012516759000612372
Latent_17,MYB,0.012050699293189714
Latent_17,AOAH,0.011930171932182019
Latent_17,SLCO3A1,0.011101692898170146
Latent_17,COTL1,0.009564037364356851
Latent_17,PTK2B,0.009434073171390674
Latent_17,BANK1,0.009266887952510591
Latent_17,BACH1,0.009088711821454265
Latent_17,DOCK8,0.008726348708871007
Latent_17,RTN1,0.00836124332067996
Latent_17,NEAT1,0.008273427907395468
Latent_17,ASAH1,0.008102935120138379
Latent_17,DAAM1,0.007270397159214805
Latent_17,SLC25A37,0.007008294017099396
Latent_17,PLXNA4,0.006851179175095463
Latent_17,MEGF9,0.00625372978652156
Latent_17,AFF3,0.006032989705170336
Latent_17,IRAK3,0.006023147002848333
Latent_17,FAM53B,0.005982243019885867
Latent_17,CD44,0.005864393391614494
Latent_17,ARID1B,0.005861472392633181
Latent_17,CBLB,0.005822991410544408
Latent_17,SAMSN1,0.005716228726250331
Latent_17,ATP2B1,0.005692219934028862
Latent_17,RABGAP1L,0.005620395140235448
Latent_17,PTPRC,0.005429546980005755
Latent_17,BRIP1,0.005383178538445188
Latent_17,TMEM131,0.005351574526346443
Latent_17,H3F3A,0.004974242749215911
Latent_17,PECAM1,0.00496844094646166
Latent_17,JAZF1,0.004910104563025289
Latent_17,LINC01478,0.004892987081195949
Latent_17,VCAN,0.004869905368892794
Latent_17,EZH2,0.004840144361779151
Latent_17,STK17B,0.004803688036260786
Latent_17,SMC4,0.004444428322617039
Latent_17,RBM38,0.0039743470282629315
Latent_17,ASAP1,0.0038704141452732196
Latent_17,NCAPG2,0.0038161593376562146
Latent_17,EPB41L3,0.003757913060092569
Latent_17,HMGB1,0.0037338909628303668
Latent_18,EBF1,0.08920714695888582
Latent_18,OSBPL10,0.04399038757460537
Latent_18,BANK1,0.0330923073246397
Latent_18,CDK14,0.02953387080361881
Latent_18,FCRL1,0.02907103805915699
Latent_18,RALGPS2,0.028336092676146528
Latent_18,GAB1,0.02385922686583046
Latent_18,MS4A1,0.020561130073395283
Latent_18,LIX1-AS1,0.018551776985950688
Latent_18,RUBCNL,0.018311961410558627
Latent_18,FOXN3,0.018307228227924764
Latent_18,FYN,0.017282580618887107
Latent_18,MPP7,0.015016518202406957
Latent_18,JCHAIN,0.014718919655464685
Latent_18,FCHSD2,0.013839012695720536
Latent_18,BLK,0.012504345231994557
Latent_18,SORL1,0.012447463595216727
Latent_18,SYTL3,0.012416827013462018
Latent_18,PAX5,0.012130818169988724
Latent_18,BLNK,0.011915595466166534
Latent_18,ESYT2,0.011057847925367532
Latent_18,AAK1,0.010688903050977522
Latent_18,MBP,0.009261030874165245
Latent_18,TCF4,0.009193730912035411
Latent_18,TBC1D9,0.008346069588098368
Latent_18,PRKCH,0.008251512883872561
Latent_18,PARP8,0.007946045051381126
Latent_18,TP53INP1,0.007944312588799456
Latent_18,IGHM,0.00761105845038142
Latent_18,RB1,0.007229986449691548
Latent_18,PDE3B,0.007196215788547975
Latent_18,PITPNC1,0.007065644481653763
Latent_18,SLC2A3,0.007022348496494874
Latent_18,PTPRC,0.006127686983672197
Latent_18,AOAH,0.005971107101196836
Latent_18,STX7,0.0059383743691788496
Latent_18,DIAPH1,0.005882678847055832
Latent_18,PRMT2,0.005735671582835081
Latent_18,NDFIP1,0.0055188970833698475
Latent_18,CCDC50,0.005326957279205037
Latent_18,DYNLT1,0.005316854454417295
Latent_18,P2RY8,0.005258349603651051
Latent_18,PCSK5,0.005161777589841452
Latent_18,COL19A1,0.005110151216781814
Latent_18,CD74,0.004923224910979933
Latent_18,TSPAN5,0.004520345451173806
Latent_18,TNFAIP3,0.004284487781646355
Latent_18,PLEKHG1,0.004241723677249611
Latent_18,CLIC4,0.004110629547162071
Latent_18,MEF2C,0.003968577467172791
Latent_19,SMYD3,0.03534469536257116
Latent_19,RIPOR2,0.023642587223843905
Latent_19,RPL11,0.021448594858618927
Latent_19,ARHGDIB,0.021074628488984795
Latent_19,EVL,0.020656466687843336
Latent_19,RPS2,0.015067027032975513
Latent_19,PITPNC1,0.014778320003422721
Latent_19,JAK1,0.013902938436475255
Latent_19,SSH2,0.0127262750498003
Latent_19,FAM172A,0.01269556499412094
Latent_19,RPS4X,0.011824800812062048
Latent_19,ABLIM1,0.01079481010954938
Latent_19,RPL18,0.01046116595708291
Latent_19,SLC4A1,0.010359880430662303
Latent_19,PACS1,0.010343123555747092
Latent_19,FUT8,0.009992302727003936
Latent_19,SLC7A5,0.009598957861044592
Latent_19,RPSA,0.009296264506740549
Latent_19,AKT3,0.008842345518299679
Latent_19,NOP53,0.00852788232862981
Latent_19,RPL19,0.008314711987506013
Latent_19,TNIK,0.00824104384016956
Latent_19,RPL14,0.008205200128214882
Latent_19,FOXO1,0.007851216349154743
Latent_19,HIPK2,0.007732500180412856
Latent_19,ZBTB20,0.0076076044207541325
Latent_19,RPL7A,0.007602955599735575
Latent_19,RACK1,0.006834650159471953
Latent_19,RPL10,0.006728690119551215
Latent_19,EEF1A1,0.006692600627615311
Latent_19,RPL8,0.006276073485978846
Latent_19,CEMIP2,0.006140089217643666
Latent_19,CHD1,0.0060143023678892234
Latent_19,ZDHHC20,0.005957158336336794
Latent_19,MAST4,0.005359867914816606
Latent_19,RPS28,0.005333248913345978
Latent_19,LNPEP,0.005318178528154127
Latent_19,SUCLG2,0.005275237068699595
Latent_19,PRKACB,0.005227908984810184
Latent_19,COX4I1,0.0052043494578696125
Latent_19,CCM2,0.005114608667170269
Latent_19,NOL4L,0.005075690659393483
Latent_19,ENO1,0.005027684618336009
Latent_19,SMARCA2,0.005000554157691641
Latent_19,PITPNM2,0.004876521497788974
Latent_19,RPL6,0.0048226813190403684
Latent_19,GPATCH8,0.004774582355578194
Latent_19,RPL3,0.004732993176864225
Latent_19,ITPKB,0.004723022542598953
Latent_19,RPL5,0.004719685740513032
Latent_20,ARHGAP15,0.0923657014113267
Latent_20,PDE7A,0.03174645013896702
Latent_20,RUNX2,0.026800573124097306
Latent_20,AC079793.1,0.026415386270605024
Latent_20,UBAC2,0.021868406801528607
Latent_20,RUNX1,0.020593126747157863
Latent_20,AC023590.1,0.01584058462473919
Latent_20,MBNL1,0.014353317769317094
Latent_20,ZEB1,0.013918890214959153
Latent_20,BACH2,0.013400971914222006
Latent_20,BCL2,0.013281661489304116
Latent_20,TTC39C,0.013198719731452336
Latent_20,CDC14A,0.01235355318787959
Latent_20,HIVEP2,0.011164051429596365
Latent_20,SERINC5,0.010815918304190292
Latent_20,SUPT3H,0.01067503786054788
Latent_20,SEPTIN6,0.010550521078064996
Latent_20,AFF3,0.009964762683551825
Latent_20,ALAS2,0.009898490971141927
Latent_20,PCNX1,0.009255991430464069
Latent_20,CDC42SE2,0.009244997520540848
Latent_20,IKZF1,0.009176522088689514
Latent_20,MAML2,0.008790884016389937
Latent_20,NRP1,0.008427058002105475
Latent_20,ZC3HAV1,0.008134187046640234
Latent_20,TRERF1,0.008119599694919797
Latent_20,CCNH,0.00807768108211677
Latent_20,FKBP5,0.00803390761604962
Latent_20,SLC4A7,0.0078197673903985
Latent_20,APP,0.007786721834772345
Latent_20,ZNF292,0.0071788004608672245
Latent_20,ZNF407,0.005743924403954754
Latent_20,DOCK10,0.0055863297491579944
Latent_20,LDLRAD4,0.005331168369974222
Latent_20,PHF14,0.005038565530864587
Latent_20,HNRNPU,0.004901451658837634
Latent_20,TARBP1,0.004901248608796448
Latent_20,FOXP1,0.004808740126699369
Latent_20,ATP11B,0.004784829828334928
Latent_20,SF1,0.004598305627155449
Latent_20,MCUB,0.004468078891206383
Latent_20,EEF1G,0.0043323390434302075
Latent_20,RCAN3,0.004293486941050489
Latent_20,ESYT2,0.0042691328526895875
Latent_20,IMMP2L,0.004227776381690636
Latent_20,CERS6,0.004160898992524875
Latent_20,RETREG1,0.003949068771022913
Latent_20,NPM1,0.003851267846708219
Latent_20,ARHGAP5,0.00382375333190786
Latent_20,CAMK4,0.0037187860155475315
Latent_21,TFRC,0.06461544741598017
Latent_21,SLC25A37,0.041625927541791057
Latent_21,SOX6,0.023560768187191338
Latent_21,WNK1,0.020790254114649114
Latent_21,ELL2,0.019793008222231404
Latent_21,SH2B3,0.017539288186207917
Latent_21,PARP8,0.016565315965192354
Latent_21,ALAS2,0.016146203798415398
Latent_21,AFF3,0.015189424885583606
Latent_21,NEAT1,0.015183360892173856
Latent_21,ASAP1,0.01141377596537922
Latent_21,PLXNA4,0.010734568564219804
Latent_21,CBLB,0.010214345221925878
Latent_21,BACH2,0.010142171788352737
Latent_21,SLC4A1,0.009649461792632773
Latent_21,FOXO3,0.009632688131275224
Latent_21,UTRN,0.009391895547487076
Latent_21,SLC12A6,0.009292287639620509
Latent_21,ARHGAP15,0.008751355085295134
Latent_21,RGS1,0.008120617052929996
Latent_21,DOCK10,0.007605991299057139
Latent_21,SEC62,0.007186801961451368
Latent_21,CLCN3,0.0064836841644600775
Latent_21,VPS13B,0.006465335873305722
Latent_21,RAP1GDS1,0.006407447871179832
Latent_21,SGMS1,0.005771335365215214
Latent_21,BMP2K,0.005729337484441796
Latent_21,HDAC9,0.005678645262844397
Latent_21,NCEH1,0.0056724626337509906
Latent_21,CARD11,0.005662587270076803
Latent_21,DENND1A,0.005570870757249452
Latent_21,ETS1,0.00552696055482794
Latent_21,AKNA,0.005454509282126469
Latent_21,PTPRJ,0.005414145369250471
Latent_21,UVRAG,0.0053373150731609
Latent_21,SLC25A21,0.005185479572126981
Latent_21,MEGF9,0.005089753168336959
Latent_21,ZNF451,0.005046067506646076
Latent_21,ANP32B,0.0050313313143561245
Latent_21,ARL4C,0.00484246204791169
Latent_21,NFIA,0.004808893340841593
Latent_21,USP12,0.004707758412412415
Latent_21,NKAIN2,0.004702853000861599
Latent_21,PCGF5,0.004686257649161852
Latent_21,FAXDC2,0.004641311566938476
Latent_21,ABCB10,0.004626116584550215
Latent_21,HIST1H4E,0.0045910164805479
Latent_21,MARCH6,0.004495562775469076
Latent_21,BNIP3L,0.004397454666119161
Latent_21,MTMR3,0.004175994169680063
Latent_22,ETV6,0.03460390594711696
Latent_22,GAB2,0.024214873219911684
Latent_22,JMJD1C,0.023337509191798465
Latent_22,GRK3,0.021952493810570618
Latent_22,WDFY2,0.01857655792832583
Latent_22,ZEB2,0.017917933285159757
Latent_22,PTEN,0.015196076545639009
Latent_22,HBB,0.014386490835439381
Latent_22,COP1,0.01363546923192282
Latent_22,ZSWIM6,0.013406240860354395
Latent_22,CUX1,0.01337928212148755
Latent_22,NUMB,0.012265663746196247
Latent_22,MED13L,0.012126406570976434
Latent_22,QKI,0.011754739228534872
Latent_22,PAN3,0.011748881482507594
Latent_22,DIAPH2,0.01169601061838717
Latent_22,MEF2A,0.010628947414835357
Latent_22,CEP170,0.009241509530333163
Latent_22,ACAP2,0.009205978070381843
Latent_22,ROCK1,0.009067105088506448
Latent_22,RNF13,0.008955384160659585
Latent_22,ELF1,0.008704406136020984
Latent_22,EMILIN2,0.008354286154793491
Latent_22,MAML3,0.007586341904345249
Latent_22,UBE2W,0.007430534407602195
Latent_22,ANTXR2,0.007037383582865951
Latent_22,APP,0.006989439757013217
Latent_22,PHACTR1,0.006888966574634666
Latent_22,DACH1,0.006710661377795558
Latent_22,UVRAG,0.006050591533910245
Latent_22,GALNT7,0.005774955714473121
Latent_22,CCDC88A,0.005751279013994927
Latent_22,STK3,0.00552552518380512
Latent_22,CTNNB1,0.005432661665448273
Latent_22,GRB2,0.005350893810084691
Latent_22,RYBP,0.0052975568838242405
Latent_22,SHOC2,0.005210381513373842
Latent_22,SPIDR,0.005166660658981115
Latent_22,SKAP2,0.005101868445807415
Latent_22,DYM,0.0050785523991801074
Latent_22,LRRC8D,0.005030952414745909
Latent_22,RPS29,0.004976207203434855
Latent_22,AP3B1,0.004931170637111614
Latent_22,BIRC6,0.004907053862690808
Latent_22,KMT2C,0.0048757723709209125
Latent_22,PLXDC2,0.004740067273633243
Latent_22,GNB1,0.004655722593934606
Latent_22,AP003086.1,0.004586691581650752
Latent_22,FBXO11,0.004537632895385342
Latent_22,NOTCH2,0.004402185281790078
Latent_23,ANK1,0.1532758713923673
Latent_23,HBD,0.10427459811425521
Latent_23,PRKCB,0.045585673373062054
Latent_23,AFF3,0.04351386469331281
Latent_23,SLC25A37,0.029396176094762996
Latent_23,ALAS2,0.02629851269165673
Latent_23,PRDX2,0.02566674164296927
Latent_23,HIST1H4C,0.024096297123090346
Latent_23,CA1,0.02291285570114927
Latent_23,BLVRB,0.01916498894043167
Latent_23,PDE4D,0.01660019695272788
Latent_23,PPP3CA,0.016015177677706115
Latent_23,LPP,0.013031027030611646
Latent_23,RPL21,0.010541777468606328
Latent_23,RPLP2,0.010069832679514628
Latent_23,ITPR1,0.009787315915472985
Latent_23,AHSP,0.009465772804019
Latent_23,SLC25A39,0.009349023828823997
Latent_23,YWHAZ,0.009017406580484274
Latent_23,SEL1L3,0.0087869482900461
Latent_23,HBB,0.008761889515504339
Latent_23,AUTS2,0.00820123115004062
Latent_23,ATP8A1,0.00777874614866167
Latent_23,FCHSD2,0.007714232912467103
Latent_23,ARHGAP15,0.007404136284034895
Latent_23,BSG,0.007260382307852594
Latent_23,UBAC1,0.006354652783337186
Latent_23,UBA52,0.0063094693642231905
Latent_23,FAM49B,0.0061463001896384355
Latent_23,TRIM10,0.006108777159516725
Latent_23,HDAC9,0.006021907296077033
Latent_23,PLEKHA2,0.005916357930859038
Latent_23,FTL,0.005877257572468339
Latent_23,TUT4,0.005812368308714878
Latent_23,MGAT5,0.005605985337111766
Latent_23,FBXL17,0.005465818019093545
Latent_23,ATP5F1E,0.0053526581654447245
Latent_23,VAV3,0.005035809741266301
Latent_23,RPS12,0.004983185053140955
Latent_23,PRKCE,0.004888662295998355
Latent_23,BACH2,0.004878704254839978
Latent_23,CELF2,0.004842497947188576
Latent_23,MAP3K2,0.00471016405208641
Latent_23,EHBP1L1,0.004703820630222684
Latent_23,ZFAND3,0.004665029125107605
Latent_23,ZBTB20,0.00408358859026298
Latent_23,CDK13,0.004064945063926348
Latent_23,AKT3,0.0039617709099577635
Latent_23,PPP1R16B,0.0038166014016940007
Latent_23,CBLB,0.0037469318042670516
Latent_24,JAZF1,0.048346134398005454
Latent_24,STXBP5,0.035770220854584235
Latent_24,NFIA,0.03161658332725113
Latent_24,VMP1,0.02627126080552734
Latent_24,EEF1A1,0.02437841835325388
Latent_24,PDCD4,0.021739838987883287
Latent_24,IGKC,0.015113745218528546
Latent_24,CHRM3,0.014726645613812369
Latent_24,TCF7L2,0.013250934287748128
Latent_24,RPS2,0.012931852064163576
Latent_24,PRKN,0.011522635988459609
Latent_24,ZNF385D,0.010781509881921735
Latent_24,RPL5,0.009774580539810852
Latent_24,PDZD2,0.009199679581364969
Latent_24,AOAH,0.009151623545622135
Latent_24,NKTR,0.008844309112078128
Latent_24,PIK3CB,0.008000312413223918
Latent_24,ATXN1,0.007688840628031816
Latent_24,EXOC6B,0.007340314523603345
Latent_24,GRB10,0.007333192983371037
Latent_24,RNF130,0.006926840215955072
Latent_24,TAFA2,0.006667810352957423
Latent_24,RPS4X,0.006036976302250182
Latent_24,CLIP4,0.005799661815274447
Latent_24,RPL7A,0.0055712475408285795
Latent_24,IGHM,0.005535930034740226
Latent_24,GNAQ,0.005432716059898408
Latent_24,ATP11A,0.005417990112313959
Latent_24,HSP90AB1,0.00539987007523745
Latent_24,EEF1B2,0.005200301263118657
Latent_24,ATP9B,0.005151291586060885
Latent_24,RPS9,0.005116392311003246
Latent_24,RAP1B,0.0049995983578754975
Latent_24,RPL4,0.004698616672472108
Latent_24,ARHGAP42,0.004641412360983545
Latent_24,ABCC1,0.0045611744484739996
Latent_24,STAT5B,0.004462746423705066
Latent_24,ZBTB20,0.004447620218520934
Latent_24,BANK1,0.004325007411585965
Latent_24,NAMPT,0.004293362594792645
Latent_24,FOXN3,0.0041143283537809555
Latent_24,RAD51B,0.004054304873065253
Latent_24,COG5,0.004034929868668116
Latent_24,INPP4B,0.003951897680179656
Latent_24,RPL10,0.003933782116514344
Latent_24,FYB1,0.0037554684286504464
Latent_24,BTBD11,0.003681390612528706
Latent_24,VPS8,0.0036658056840032462
Latent_24,TFRC,0.0036182814718839643
Latent_24,XPR1,0.0036082832088156092
Latent_25,ANKRD44,0.07625258022503169
Latent_25,BACH2,0.07569265186527906
Latent_25,MAML2,0.0581584914799353
Latent_25,CXCR4,0.03293076112218657
Latent_25,TGFBR2,0.03278712531965032
Latent_25,CCND3,0.02814452513596614
Latent_25,MGAT5,0.026873980866279564
Latent_25,ARHGAP15,0.025871888549550262
Latent_25,SLC38A1,0.024771938379315964
Latent_25,KLF12,0.017479297460348334
Latent_25,RIPOR2,0.016415185188663202
Latent_25,MAP4K4,0.015939328466338023
Latent_25,CAMK2D,0.014509943218445016
Latent_25,PDE7A,0.013054671732067905
Latent_25,CEP85L,0.012912846774886681
Latent_25,PCED1B,0.012674096781327826
Latent_25,ADD3,0.010969549293286621
Latent_25,CNOT6L,0.009347596595008159
Latent_25,CCDC91,0.009212261018253436
Latent_25,EML4,0.009115237755032932
Latent_25,CCDC26,0.00883618949806608
Latent_25,AFF3,0.008831704289238683
Latent_25,RFTN1,0.008613313670394487
Latent_25,PPP1R16B,0.008488873822930796
Latent_25,CLEC2D,0.008349735595115988
Latent_25,CARD11,0.00831166497329312
Latent_25,IL4R,0.0080862412627372
Latent_25,PRKCB,0.007899181221697915
Latent_25,ETS1,0.007581103362183896
Latent_25,LTB,0.00744503647445744
Latent_25,CCR7,0.007379568157254205
Latent_25,CD96,0.0071006069281533265
Latent_25,TNRC6B,0.006882230420018719
Latent_25,PARP8,0.006863846640956607
Latent_25,NR3C2,0.0067365276746770685
Latent_25,GRAP2,0.0061988946544073885
Latent_25,IKZF1,0.006063709370716593
Latent_25,BCL2,0.0058445390023961616
Latent_25,PLXNA4,0.005832580139481528
Latent_25,DOCK10,0.005799189304996089
Latent_25,ATM,0.005659652727561313
Latent_25,CYTH1,0.005657881973051775
Latent_25,LINC01619,0.005571957699980215
Latent_25,SEL1L3,0.0053938274264784675
Latent_25,STIM2,0.005172383241938532
Latent_25,CD53,0.004900375875570729
Latent_25,ZNF804A,0.004895727299622896
Latent_25,FAM49B,0.004836954414685867
Latent_25,ITGA9,0.004810390233062434
Latent_25,SELL,0.004766656369521583
Latent_26,SOX6,0.10384779012787536
Latent_26,JUNB,0.06340339679010698
Latent_26,SAT1,0.03712658041537313
Latent_26,ARHGEF12,0.03292462033443635
Latent_26,RAPGEF2,0.02689303322976357
Latent_26,SAMHD1,0.01932941581345202
Latent_26,NKAIN2,0.018101521501055436
Latent_26,RHCE,0.017470935634138905
Latent_26,AMMECR1,0.015502600006004478
Latent_26,MAN1A1,0.014261981102809136
Latent_26,XPO7,0.011709102154733947
Latent_26,HECTD4,0.01044383304689611
Latent_26,HIST1H3B,0.010361718115997981
Latent_26,RNF19A,0.010083693342054518
Latent_26,AC069410.1,0.010056122454592583
Latent_26,CALN1,0.009818199072536822
Latent_26,MYH10,0.008417549388709566
Latent_26,EIF1,0.008049181475223457
Latent_26,EIF2AK1,0.007872764483057225
Latent_26,RNF213,0.00781757944101347
Latent_26,SP110,0.006503925015156233
Latent_26,RGS6,0.005932397543397194
Latent_26,SPTA1,0.005873514861270026
Latent_26,MICAL3,0.005378428284233312
Latent_26,TMSB4X,0.005134544660388857
Latent_26,TMSB10,0.005071699127749971
Latent_26,BTG1,0.0050693962505369275
Latent_26,FCER1G,0.005018804620962257
Latent_26,MARCH8,0.004907598475889196
Latent_26,CDC27,0.004805982020767427
Latent_26,MYO1D,0.004778759064362406
Latent_26,ATAD2,0.004692707072575868
Latent_26,MAP4K5,0.004511946285553287
Latent_26,TOP1,0.0042663918152709744
Latent_26,NUP153,0.004216954451985145
Latent_26,PPME1,0.004120484992431973
Latent_26,PBX1,0.00409530143515838
Latent_26,MX2,0.004077924115121946
Latent_26,TBCEL,0.004047620445467697
Latent_26,UBB,0.0037989292365100185
Latent_26,SEC62,0.003790489979039445
Latent_26,MACO1,0.003741555300297473
Latent_26,CORO1A,0.0037146075572352865
Latent_26,NBAS,0.0037008025659428403
Latent_26,PIP5K1B,0.0036386229415942173
Latent_26,TGFBR2,0.0034793864407911914
Latent_26,PSME4,0.00347053366551973
Latent_26,TFDP1,0.0034512184871669056
Latent_26,VSIR,0.003438402693389692
Latent_26,CLTC,0.003284727745434703
Latent_27,LEF1,0.06547436125762453
Latent_27,MSI2,0.06432028968335825
Latent_27,INPP4B,0.0363571787535226
Latent_27,LDLRAD4,0.03125001782571536
Latent_27,CAMK4,0.024962219415770755
Latent_27,FHIT,0.023264354589400665
Latent_27,SCMH1,0.023017680694634477
Latent_27,CD2AP,0.016140699420322334
Latent_27,CEP128,0.015121717125126045
Latent_27,ARID1B,0.014970511137587418
Latent_27,RUNX1,0.014444483776996406
Latent_27,CDK6,0.013869690299731837
Latent_27,HNRNPH1,0.01246559790685911
Latent_27,STT3B,0.009563663758315948
Latent_27,RELL1,0.009291361305294878
Latent_27,CASK,0.008991744681570008
Latent_27,ZEB1,0.008919658995781838
Latent_27,N4BP2,0.008737798291998548
Latent_27,AL589693.1,0.008511640641021976
Latent_27,HNRNPA1,0.008265482356927395
Latent_27,RFX3,0.008001269736018335
Latent_27,BACH2,0.007168161096321105
Latent_27,ANKRD36,0.007035849778898156
Latent_27,IL7R,0.006988565289218079
Latent_27,NPM1,0.0066672135611611436
Latent_27,AC068587.4,0.006374704208118397
Latent_27,SUPT3H,0.00597391349478722
Latent_27,ANKRD28,0.005712212060501864
Latent_27,EMB,0.005438749709365692
Latent_27,MIR99AHG,0.005384322091793222
Latent_27,RNASEH2B,0.004941776809674002
Latent_27,PKD2,0.004886285554686941
Latent_27,H1FX,0.0048417801680773346
Latent_27,RUNX2,0.004739946361403013
Latent_27,SERINC5,0.0047212136449265125
Latent_27,IMMP2L,0.004554735619165381
Latent_27,ARHGAP15,0.004508434681188587
Latent_27,HMGB1,0.004424709503949781
Latent_27,CDC14A,0.004400489003921821
Latent_27,HMGA1,0.004380444687922997
Latent_27,PPHLN1,0.004002907080249769
Latent_27,FUBP1,0.003918532516848882
Latent_27,CPSF6,0.003916366605466194
Latent_27,RAPGEF6,0.0037080154487423907
Latent_27,RBMS3,0.0036609821527069622
Latent_27,PHF14,0.003614894832793926
Latent_27,RBL1,0.0034330728209395226
Latent_27,ENOSF1,0.0033438609038063355
Latent_27,NSD2,0.0032746802590815287
Latent_27,SFPQ,0.003252768825002361
Latent_28,DOCK8,0.03152237736601517
Latent_28,SMAP2,0.021923453364939616
Latent_28,TMCC2,0.02115016405637627
Latent_28,MEIS1,0.021086688536030775
Latent_28,POU2F2,0.016745920367091473
Latent_28,SIPA1L1,0.01608358219006655
Latent_28,TFDP2,0.015976881198555386
Latent_28,PDE4B,0.013570847539213764
Latent_28,COTL1,0.013080962072463126
Latent_28,HERPUD1,0.011180942558644744
Latent_28,STK17B,0.009865875419252807
Latent_28,KCNQ1,0.009694967417422647
Latent_28,CA1,0.009364602398407211
Latent_28,IGF1R,0.009328731819573608
Latent_28,TSPAN5,0.009209681129683855
Latent_28,MDFIC,0.008907554996380102
Latent_28,PELI1,0.008591189016551839
Latent_28,CYTIP,0.008413091754923543
Latent_28,CENPP,0.008235266294496708
Latent_28,SLC39A8,0.008163112213673315
Latent_28,NCOA3,0.00805434983121412
Latent_28,B2M,0.007876465882430066
Latent_28,TUBB,0.007470618790672141
Latent_28,MYO5A,0.007316692490247074
Latent_28,RRM2,0.007291286873975897
Latent_28,AHNAK,0.007215050070479534
Latent_28,MAP3K1,0.0070372883738799965
Latent_28,TBC1D22A,0.007029212709487495
Latent_28,RAPGEF1,0.006951164076813841
Latent_28,HIST1H1E,0.0068915157865995814
Latent_28,NASP,0.006694821395694963
Latent_28,ELOVL6,0.00668105113406511
Latent_28,CTSS,0.006607108934008193
Latent_28,ST8SIA6,0.006449452376266696
Latent_28,MIR924HG,0.006346810812754942
Latent_28,POLE2,0.005990501245174107
Latent_28,DOCK2,0.0058747880065968755
Latent_28,RNF149,0.005764549125104893
Latent_28,HECTD4,0.005715277009026734
Latent_28,AUTS2,0.005635036045728121
Latent_28,HIST1H1C,0.005505964104194858
Latent_28,PAG1,0.0054496276045369624
Latent_28,HMBS,0.005273529622039679
Latent_28,HIST1H1D,0.005271654021099573
Latent_28,AHSP,0.0051889978989638616
Latent_28,BIRC3,0.0049835269661736795
Latent_28,MCTP2,0.0047343237926819395
Latent_28,C21orf58,0.004619833515898113
Latent_28,HLA-B,0.0044077594780797865
Latent_28,NAMPT,0.004352301546848626
Latent_29,MAN1A1,0.09033543467245177
Latent_29,EBF1,0.059312733952482946
Latent_29,IGHM,0.04953414225410358
Latent_29,BANK1,0.04532774036516474
Latent_29,AL589693.1,0.025609080608946348
Latent_29,LINC01374,0.02240273382622741
Latent_29,PAX5,0.020361432007893084
Latent_29,MS4A1,0.020070059501320184
Latent_29,MKI67,0.017198327262367048
Latent_29,RHEX,0.01528709851579348
Latent_29,SEL1L3,0.015043299012627095
Latent_29,ROR1,0.014771292099968953
Latent_29,COL19A1,0.014749201974625455
Latent_29,AFF3,0.014651531963219324
Latent_29,TCF4,0.012036792214170696
Latent_29,HBB,0.011700476259050591
Latent_29,AOAH,0.0114769693752335
Latent_29,IRF4,0.01067476240919657
Latent_29,CPQ,0.010476658213801632
Latent_29,S100A4,0.009914034384439463
Latent_29,BACH2,0.009783013856867449
Latent_29,PTPRC,0.009186914701159524
Latent_29,EPHB1,0.008487079063060086
Latent_29,FCHSD2,0.008406540501404762
Latent_29,CEP128,0.00781408342205251
Latent_29,RGS7,0.007712596004269323
Latent_29,ITM2C,0.0077076939538197236
Latent_29,POU2AF1,0.007702140550064077
Latent_29,TPD52,0.007561172334083954
Latent_29,RASGRP3,0.007347821336411355
Latent_29,NUSAP1,0.00675223733713576
Latent_29,HSP90B1,0.006568554833851017
Latent_29,IGHD,0.006312027566419183
Latent_29,AC023590.1,0.0062844020785594425
Latent_29,ALCAM,0.0059804076257097185
Latent_29,RIN3,0.0059161145322037265
Latent_29,SLC41A2,0.005811858080800885
Latent_29,TMEM156,0.005798675602153627
Latent_29,SCMH1,0.005644698428023406
Latent_29,PDE3B,0.0052370722047767665
Latent_29,DENND5B,0.005097388182582285
Latent_29,MME,0.004987394309383099
Latent_29,NR3C1,0.00494510394031491
Latent_29,SOX5,0.004796098838264302
Latent_29,SSPN,0.004408985308969281
Latent_29,AC007381.1,0.0043544482836547094
Latent_29,MZB1,0.004285720973259961
Latent_29,FCRL1,0.004256026357574204
Latent_29,BLK,0.004127903571024023
Latent_29,COBLL1,0.004107861495413536
Latent_30,HBB,0.10017562348278375
Latent_30,CCSER1,0.039537677704746574
Latent_30,MEF2C,0.037979495593501014
Latent_30,ELMO1,0.03750622503739989
Latent_30,HLA-DRA,0.03534920670429262
Latent_30,ETV6,0.03533176804408745
Latent_30,TRIO,0.034860596697345876
Latent_30,EBF1,0.03228536366187178
Latent_30,ADAM28,0.029030783253688967
Latent_30,AFF3,0.025811304798456572
Latent_30,HDAC9,0.021758962675560007
Latent_30,ITPR1,0.02010676304571437
Latent_30,ALCAM,0.01771190328505097
Latent_30,FCHSD2,0.01620989953062544
Latent_30,CDK14,0.016050509124194662
Latent_30,MYCBP2,0.014547260637100544
Latent_30,AC120193.1,0.014454147126823401
Latent_30,CD74,0.013914793917376723
Latent_30,AC008014.1,0.0134440023460307
Latent_30,BANK1,0.012250169684589994
Latent_30,WWOX,0.011324026768382619
Latent_30,TCF4,0.011266396963371493
Latent_30,ANTXR2,0.010548843706554364
Latent_30,GNG7,0.008813226623410813
Latent_30,KCNQ5,0.008719175248494835
Latent_30,PCDH9,0.008158486348569749
Latent_30,RERE,0.008090744704855596
Latent_30,TFEC,0.007582677056881344
Latent_30,PDE3B,0.0073608040506397
Latent_30,KHDRBS2,0.006674737196147502
Latent_30,PALM2-AKAP2,0.005951094376253333
Latent_30,RHEX,0.005929901275965119
Latent_30,RHD,0.005921940266803211
Latent_30,MYO1E,0.005842331541979789
Latent_30,GMDS-DT,0.005660557916449596
Latent_30,ZNF804A,0.005417447122761041
Latent_30,KLHL5,0.00527013096578163
Latent_30,AUTS2,0.004864759276801875
Latent_30,LRCH1,0.004825534766113917
Latent_30,ACSL6,0.004693686388485303
Latent_30,MZB1,0.00459359089681674
Latent_30,CNTRL,0.004311360317162731
Latent_30,IGHM,0.00413631399402131
Latent_30,RAP1GDS1,0.003766427754612088
Latent_30,UVRAG,0.0037587166062522806
Latent_30,PRKD3,0.0036461383162313043
Latent_30,EIF4G3,0.003399335234088304
Latent_30,WDFY4,0.003350353853152181
Latent_30,NBEA,0.003230847195819502
Latent_30,DACH1,0.003179060545346626
Latent_31,IL7R,0.057534964300448875
Latent_31,MTSS1,0.04381978611023406
Latent_31,DOCK10,0.03778446530990179
Latent_31,JAK2,0.02702438201504213
Latent_31,ZNF804A,0.015137894125088312
Latent_31,SLC11A1,0.014892702344122152
Latent_31,MS4A7,0.01431802589612165
Latent_31,PCNX1,0.01409983908095323
Latent_31,SLC25A21,0.013999185564175376
Latent_31,PRKCA,0.013987805834509745
Latent_31,DOCK5,0.013253782220933956
Latent_31,SCLT1,0.01264811775272437
Latent_31,TNFAIP3,0.011443627210378674
Latent_31,APBB1IP,0.01094076102883459
Latent_31,PARP8,0.010778172594402002
Latent_31,PLCL2,0.009950363881837229
Latent_31,LEF1,0.009674065941635052
Latent_31,ADK,0.009629642329680176
Latent_31,BACH2,0.009471543017458329
Latent_31,LMO2,0.009038094076718094
Latent_31,CPPED1,0.008971318441902755
Latent_31,WARS,0.008914814327305528
Latent_31,CAMK4,0.008899648544142028
Latent_31,CYTH1,0.008686051962987804
Latent_31,CD247,0.008461043003941836
Latent_31,ITGA4,0.00802608552922703
Latent_31,XACT,0.007972471217369268
Latent_31,THEMIS,0.00786882053562742
Latent_31,ANKRD11,0.007556680786602311
Latent_31,SLC22A15,0.007306483992621294
Latent_31,PARP14,0.006880309361798654
Latent_31,PSAP,0.006662292788977471
Latent_31,ATP2B1,0.006645084178901433
Latent_31,TBXAS1,0.00640131860502304
Latent_31,PRKCH,0.006363589027764747
Latent_31,PLCG2,0.006330419331070099
Latent_31,AAK1,0.006286275456760212
Latent_31,CCSER1,0.005996778468749052
Latent_31,FAM107B,0.005887189508121007
Latent_31,LYN,0.005785872627988132
Latent_31,EPS15,0.005695662711479699
Latent_31,TRIO,0.005658075436393756
Latent_31,TET2,0.0056317446674572684
Latent_31,ATP8A1,0.005223983228945
Latent_31,LINC01619,0.005204486064712945
Latent_31,SH3KBP1,0.005150096252030413
Latent_31,CCDC186,0.00514081383247783
Latent_31,IL15,0.005087081574264293
Latent_31,CHD2,0.005034261052835983
Latent_31,HS3ST3B1,0.004864204458817639
Latent_32,SAT1,0.05483674208302388
Latent_32,UTRN,0.05103587674450777
Latent_32,AKAP13,0.043060971082104306
Latent_32,SRGN,0.03971479275730789
Latent_32,MYO1F,0.03895388660329389
Latent_32,SPTA1,0.03288645860342776
Latent_32,AHNAK,0.027950722867550706
Latent_32,RAP1GAP2,0.023751840993953555
Latent_32,TNFRSF1B,0.02140290590031511
Latent_32,CTSS,0.02136451214246308
Latent_32,PTPRJ,0.020040052352698384
Latent_32,IQGAP1,0.019339890098983435
Latent_32,ZFP36,0.01843973619312803
Latent_32,TYROBP,0.017939214561511402
Latent_32,MARCH8,0.01493290993319172
Latent_32,ARHGAP26,0.014478022562655376
Latent_32,NFKBIA,0.013606256729019436
Latent_32,PIK3R5,0.013579906309433341
Latent_32,ADGRE5,0.01315941718543873
Latent_32,PREX1,0.012900986087811765
Latent_32,AC107223.1,0.012772950088758277
Latent_32,FAM49B,0.011925011047163973
Latent_32,FAM49A,0.011339095444954577
Latent_32,RNF213,0.011036743583596112
Latent_32,TYMP,0.010283868115372222
Latent_32,MARCH3,0.010100237872406702
Latent_32,STK10,0.009556034473912595
Latent_32,PLEK,0.009333807681734776
Latent_32,ITGAX,0.00930364288749133
Latent_32,CYBA,0.008987431374607275
Latent_32,FGR,0.00873107294201233
Latent_32,MAP3K8,0.008035499489947284
Latent_32,GYPE,0.008007524977476912
Latent_32,IRF1,0.0077624719468297795
Latent_32,MINPP1,0.007654939440636563
Latent_32,IFI30,0.007598372837240882
Latent_32,NEDD9,0.007081705264217155
Latent_32,AOAH,0.006910581465555168
Latent_32,FGL2,0.006843398294112342
Latent_32,MYH10,0.006756608484576204
Latent_32,NKG7,0.006665776463877001
Latent_32,FCER1G,0.005782128433497249
Latent_32,GNLY,0.0056122570964103665
Latent_32,SERPINA1,0.0055608654956773775
Latent_32,EFHD2,0.005544334091572689
Latent_32,THEMIS2,0.0054753205340167905
Latent_32,RCL1,0.0053365767148102344
Latent_32,ITGB2,0.005290085162206872
Latent_32,LYST,0.005216314189475961
Latent_32,IFNGR1,0.005170073467417179
Latent_33,HBA1,0.21239528337508032
Latent_33,HBA2,0.20021479320904786
Latent_33,HBB,0.06979172734190066
Latent_33,HBM,0.059527627057224544
Latent_33,MSI2,0.018504525149455452
Latent_33,AHSP,0.01516776657192532
Latent_33,RIC1,0.014621407143304586
Latent_33,ADAM10,0.010956401687830465
Latent_33,HBD,0.01086556546808808
Latent_33,ATP8A1,0.009293041215627592
Latent_33,APBB1IP,0.009236466745317458
Latent_33,SFMBT2,0.008615777746047722
Latent_33,ITPR2,0.007187771046548168
Latent_33,TMCC1,0.006694298393467413
Latent_33,TRAM1,0.005989409753164625
Latent_33,NCOA2,0.005807343576181251
Latent_33,FOXO1,0.005510809011038071
Latent_33,SLC44A1,0.005375333188865062
Latent_33,RPS27,0.005042565791911297
Latent_33,GRAMD1B,0.005039312198279898
Latent_33,NT5C2,0.004968283635876749
Latent_33,RPL32,0.004450782116854364
Latent_33,RPLP2,0.004353760103490038
Latent_33,SGK3,0.00426531752071511
Latent_33,TXNDC11,0.004245953826134241
Latent_33,RPS21,0.004196369546455427
Latent_33,MIR181A1HG,0.00410715184050454
Latent_33,STT3B,0.004039314221422111
Latent_33,PAG1,0.003926861261777752
Latent_33,ELF1,0.0038532910133172336
Latent_33,CA1,0.003667114415447863
Latent_33,DACH1,0.0035590178799959067
Latent_33,CEMIP,0.0035095795962496214
Latent_33,ANKUB1,0.0033561520769474604
Latent_33,ETV6,0.003297647572259134
Latent_33,ZFAT,0.0032750998696531057
Latent_33,ZNF385D,0.0032638323237927946
Latent_33,EXOC4,0.0031204056873308183
Latent_33,MEF2D,0.0030761667559527335
Latent_33,BLVRB,0.0030672827574186093
Latent_33,GYPB,0.00304863931899999
Latent_33,RNF13,0.003023212056486046
Latent_33,R3HDM1,0.003012124262747459
Latent_33,RAP1B,0.0028486297621071167
Latent_33,CCDC69,0.002796523964423428
Latent_33,SLC25A37,0.0027360216826244088
Latent_33,CMTM7,0.0026631854366268894
Latent_33,MED13L,0.0026057698842604222
Latent_33,CDK6,0.002597917078192195
Latent_33,IL7R,0.0025776101325912268
Latent_34,SLC4A1,0.1459977681244268
Latent_34,TOX,0.03202565280892511
Latent_34,HBM,0.020970875345152466
Latent_34,PRF1,0.02023969742670891
Latent_34,PYHIN1,0.015540257193158715
Latent_34,HBA1,0.014716116553787274
Latent_34,NFATC2,0.013648272051495654
Latent_34,PPIB,0.012388419971148154
Latent_34,C1orf21,0.01234403805858423
Latent_34,GYPB,0.010752868984071885
Latent_34,KCNQ5,0.010637899977826373
Latent_34,NRXN3,0.010415777890334512
Latent_34,NCALD,0.0094302267860898
Latent_34,FNDC3B,0.008770506573429782
Latent_34,PDGFD,0.008451720323705569
Latent_34,SYNE2,0.007607983903813901
Latent_34,CDK17,0.007603579960026969
Latent_34,CD38,0.007380980642839601
Latent_34,SSR4,0.007335972527646246
Latent_34,SNHG3,0.007233346282536337
Latent_34,HSP90B1,0.00716979214942264
Latent_34,GZMA,0.007047487472453017
Latent_34,MYBL1,0.006902969268646328
Latent_34,CD69,0.006807008770045949
Latent_34,CD81,0.0066242951954598025
Latent_34,GNPTAB,0.0066097200838943935
Latent_34,AUTS2,0.006351392019188422
Latent_34,HSPA5,0.006306607183640221
Latent_34,NIBAN1,0.006038853997673142
Latent_34,ASAP1,0.005966615900079655
Latent_34,CALR,0.0059163204169293
Latent_34,CLIC1,0.0059086899326208685
Latent_34,HBA2,0.005880329326878701
Latent_34,DENND1B,0.005659736933267857
Latent_34,PDIA3,0.00532634694320205
Latent_34,TGFBR3,0.005163813945825116
Latent_34,TAGLN2,0.00514744500028542
Latent_34,IL2RG,0.005106451409723612
Latent_34,FUT8,0.004756676819956489
Latent_34,RPL11,0.004737291785142871
Latent_34,HBB,0.00472762777103995
Latent_34,ZBTB38,0.004649063181923888
Latent_34,C12orf75,0.0045835349692711184
Latent_34,VPS37B,0.004513090111915948
Latent_34,PARP8,0.004498179705302419
Latent_34,USP15,0.004138739711797408
Latent_34,CD247,0.004135982852882591
Latent_34,EIF4G3,0.0039642081140442344
Latent_34,SKAP1,0.003917405945239343
Latent_34,PNN,0.003912306272858359
Latent_35,TBXAS1,0.03363583420157473
Latent_35,RPS19,0.03048307662158698
Latent_35,JAZF1,0.029446473600671277
Latent_35,RPL28,0.018690417274874933
Latent_35,RPL10,0.017094909970219913
Latent_35,RPL34,0.016203143995087075
Latent_35,RPL18A,0.015833838264398867
Latent_35,RPL13A,0.015287345489772808
Latent_35,DUSP1,0.014637054148024098
Latent_35,RPS14,0.01452011596250431
Latent_35,RPL13,0.014466942075571759
Latent_35,RPS3,0.012782634210264356
Latent_35,RPL36A,0.01255116879540747
Latent_35,RPS18,0.011880784230437645
Latent_35,RPS27A,0.011005894562584096
Latent_35,AOAH,0.010975905697227511
Latent_35,SPTB,0.01083982548289989
Latent_35,ZFAS1,0.010654000929644967
Latent_35,RPL23,0.010462060055874132
Latent_35,KDM7A,0.010411011217206194
Latent_35,RPS9,0.010316053379081919
Latent_35,RPL29,0.010192466273061002
Latent_35,RPL17,0.009735278900165381
Latent_35,RPL7,0.00957709975052253
Latent_35,RPL12,0.009239424590261362
Latent_35,RPL9,0.009083865371426886
Latent_35,RPL7A,0.00896214510096622
Latent_35,RPL19,0.008954485471123763
Latent_35,ZBTB16,0.008928506239852141
Latent_35,RPS20,0.008757777862847895
Latent_35,RPL30,0.008714601039465024
Latent_35,RPS4X,0.008674288712914415
Latent_35,RPL31,0.008640348270635133
Latent_35,RPS28,0.00862477330267668
Latent_35,RPS12,0.00853578017962712
Latent_35,RPL26,0.008404446367989806
Latent_35,RPS23,0.008093122849775505
Latent_35,TCF7L2,0.00807082699675989
Latent_35,RPS25,0.008031405303135295
Latent_35,RPL37A,0.007540511003738299
Latent_35,RPS8,0.00751460296141929
Latent_35,RPL18,0.0073350332279943755
Latent_35,RPL10A,0.007071078994361647
Latent_35,RPS7,0.006983619919346906
Latent_35,MACF1,0.006673773376957363
Latent_35,DPYD,0.006604675693079208
Latent_35,RPS15,0.0065182849406936715
Latent_35,RPL23A,0.0059128217292457805
Latent_35,RPL38,0.005880074161243614
Latent_35,RPL37,0.005843864974041941
Latent_36,TCF4,0.04040190881023398
Latent_36,PRKCA,0.02519016364298567
Latent_36,PCDH9,0.023875101212955746
Latent_36,BCL11A,0.02302284192298485
Latent_36,STK4,0.02167194846516744
Latent_36,CYTIP,0.017741230161838616
Latent_36,AUTS2,0.017055685021713153
Latent_36,TNFAIP3,0.012824948142692095
Latent_36,PTPRC,0.01277935449904277
Latent_36,EZH2,0.011652326903377948
Latent_36,FYN,0.010887865098882798
Latent_36,SARAF,0.010532181493481334
Latent_36,WIPF1,0.010440844938322988
Latent_36,AAK1,0.01011182831405103
Latent_36,SLC25A21,0.009763492764213942
Latent_36,S100A10,0.008968424593368428
Latent_36,GPRIN3,0.00877754458189773
Latent_36,PITPNC1,0.008765094517158487
Latent_36,SLC2A3,0.008326627853678844
Latent_36,MYH9,0.008243647789430366
Latent_36,XACT,0.008162980988956797
Latent_36,CRYBG1,0.00756748503140809
Latent_36,FYB1,0.007502164127504818
Latent_36,TSC22D3,0.007429219352406263
Latent_36,TXNIP,0.007418238528802085
Latent_36,CHD9,0.007366688246524705
Latent_36,P2RY14,0.007311613469913468
Latent_36,USP3,0.0070850216366164665
Latent_36,KHDRBS2,0.00706909434289312
Latent_36,IPCEF1,0.006835806613647436
Latent_36,GPCPD1,0.006443376856808977
Latent_36,FNBP1,0.006129029382227268
Latent_36,DOCK8,0.005930367883254116
Latent_36,SMC4,0.0056848317385946815
Latent_36,SLC9A9,0.0052476418672948565
Latent_36,UBE2H,0.00523861159974255
Latent_36,ARID1B,0.005106872855928533
Latent_36,BCL2,0.005106696344290817
Latent_36,LINC01572,0.005105063310496324
Latent_36,FANCL,0.005099796176974819
Latent_36,ZNF521,0.004999834746318478
Latent_36,HIST1H2AH,0.0049644026156380186
Latent_36,RASSF3,0.00470600627848568
Latent_36,EXOC6,0.004678462583659204
Latent_36,LINC01151,0.004628179442733688
Latent_36,FAM107B,0.004596799570680812
Latent_36,ATAD5,0.004402451623760826
Latent_36,FMN1,0.004271265702788347
Latent_36,CYTH1,0.004220661255773896
Latent_36,HIST1H1C,0.004201994281338356
Latent_37,SNCA,0.04178510028391654
Latent_37,B2M,0.03446598022716071
Latent_37,MBOAT2,0.032086445344086216
Latent_37,CAT,0.028437759617972694
Latent_37,CENPF,0.028336603774716532
Latent_37,XPO7,0.025044656740155526
Latent_37,HECTD4,0.022338366362723773
Latent_37,CDC27,0.0221554412391425
Latent_37,CDC42BPA,0.019549018603803543
Latent_37,MIR924HG,0.01934953031059974
Latent_37,CD36,0.01780177424648585
Latent_37,KIAA1211,0.017546872523944178
Latent_37,SOX6,0.01730490335063423
Latent_37,CDYL,0.015284548797851375
Latent_37,DIAPH3,0.014881843401359047
Latent_37,HLA-C,0.01411366618947839
Latent_37,SPTA1,0.014064836058960521
Latent_37,SLC25A21,0.012896025628926945
Latent_37,ETS1,0.012844767768621701
Latent_37,PRKAR2B,0.01250257917069059
Latent_37,ASPM,0.012022613824962685
Latent_37,BMP2K,0.011893212615362284
Latent_37,TRIM58,0.011025893450156277
Latent_37,DENND1A,0.010806642702467919
Latent_37,BTG1,0.01060080156857783
Latent_37,POLQ,0.009476763256975088
Latent_37,TOP1,0.009333859277967373
Latent_37,IL32,0.009222357316054367
Latent_37,HLA-E,0.009107332897348238
Latent_37,CD52,0.008608404666806548
Latent_37,ERMAP,0.008491679465322843
Latent_37,LTBP1,0.008380263347712254
Latent_37,TOP2A,0.008213073586220004
Latent_37,CCDC26,0.007954377959308643
Latent_37,RAPGEF2,0.007882015342328842
Latent_37,MKI67,0.007789627875753119
Latent_37,H1F0,0.007549699733039017
Latent_37,KLF2,0.0075484489887777985
Latent_37,CCL5,0.007332874695014378
Latent_37,PIK3IP1,0.007287765768539938
Latent_37,HLA-B,0.007139702662669408
Latent_37,HLA-A,0.00702700268917141
Latent_37,YBX3,0.006594636737118472
Latent_37,TLN2,0.0065264599992417025
Latent_37,IGF2BP2,0.0062597903228435205
Latent_37,SLC22A16,0.006118101650907672
Latent_37,GMPR,0.00603958714130108
Latent_37,RSRC1,0.005950249070968469
Latent_37,TXNIP,0.005828327529210268
Latent_37,TRBC2,0.005755887286739923
Latent_38,AFF3,0.1799905405425698
Latent_38,FOXP1,0.051666198193685495
Latent_38,FNDC3B,0.05012840709293608
Latent_38,RPL36,0.020560363500226282
Latent_38,S100A6,0.019793283837068642
Latent_38,RPL37A,0.01740478046892289
Latent_38,RPLP1,0.01544927010727298
Latent_38,SNX29,0.014181686461260598
Latent_38,RPL27A,0.01334128206934698
Latent_38,RPL41,0.01332469294406713
Latent_38,RPS26,0.011194707285911525
Latent_38,CYTOR,0.010501355016339146
Latent_38,RPS15,0.010019330525877666
Latent_38,RPL35,0.009281219616299822
Latent_38,S100A4,0.008866871754174265
Latent_38,PRKCB,0.00854307625776125
Latent_38,HSPA8,0.008454632682610251
Latent_38,CAMK1D,0.008052891022236986
Latent_38,SSBP2,0.008050782547139042
Latent_38,RPS16,0.007571737779413904
Latent_38,TMEM131L,0.007496616047190979
Latent_38,SRRM2,0.007295032712625634
Latent_38,RPLP2,0.00699409427569625
Latent_38,RAD23A,0.00688499882025737
Latent_38,PRKCE,0.006838785312623348
Latent_38,RPL27,0.006660473509286746
Latent_38,TCF25,0.00665596113894219
Latent_38,BACH2,0.00652342057868563
Latent_38,ABHD17A,0.006190880562046923
Latent_38,RPL23A,0.0060525409758328185
Latent_38,SLC38A2,0.00578180244243816
Latent_38,RPL37,0.005717748916815787
Latent_38,UBE2E2,0.0056380451789051125
Latent_38,ST6GALNAC3,0.005538738273513501
Latent_38,PSAP,0.005254513285999777
Latent_38,RPS29,0.005079283683576517
Latent_38,RPS18,0.004501850421288671
Latent_38,GOLGA4,0.004463202355216875
Latent_38,TGFBR2,0.004439207585867657
Latent_38,RPS28,0.004383398318877995
Latent_38,RPS15A,0.004319667327457116
Latent_38,GZMA,0.004305268951514897
Latent_38,HSPA5,0.004216944126293728
Latent_38,CST3,0.0041944964807615285
Latent_38,RPLP0,0.004177125722953071
Latent_38,RPS17,0.003979151660228359
Latent_38,RPL24,0.003973153098029887
Latent_38,CD37,0.003968011146818475
Latent_38,P4HB,0.003889027739920541
Latent_38,RPL36AL,0.0037987986665504593
Latent_39,LRBA,0.028494929274026862
Latent_39,IQGAP2,0.028289139252770223
Latent_39,RNF220,0.021049303973976502
Latent_39,NKAIN2,0.020070914572954384
Latent_39,RABGAP1L,0.019968214810730356
Latent_39,ZDHHC14,0.017033293683917136
Latent_39,MAP3K5,0.01373132408212649
Latent_39,EIF4G3,0.011712711437487954
Latent_39,TMEM131L,0.010952722539593944
Latent_39,VAV3,0.010767951964513767
Latent_39,MSRB3,0.010073418033547644
Latent_39,IMMP2L,0.009731439588285078
Latent_39,IGLC2,0.009515502817555659
Latent_39,ANKRD36C,0.009044365485001177
Latent_39,MDN1,0.008551758191821175
Latent_39,TBC1D5,0.008379237337963643
Latent_39,PBX3,0.008240706586803617
Latent_39,BCL11A,0.00818857901715991
Latent_39,ASPH,0.007995237287134947
Latent_39,CHST11,0.007930886736005428
Latent_39,DNAJC1,0.007914219877541413
Latent_39,USP24,0.00769597753946742
Latent_39,DANT2,0.007244857322001579
Latent_39,HEATR5B,0.0072361757740838925
Latent_39,TARBP1,0.0070207310616913895
Latent_39,BRAF,0.006420245287204095
Latent_39,MED12L,0.0062430813804721
Latent_39,LNCAROD,0.005654449956338536
Latent_39,ADK,0.005635144692255299
Latent_39,NCOA1,0.005280446851038303
Latent_39,PLEKHA5,0.005259868000100964
Latent_39,WWOX,0.005110369336718582
Latent_39,SRSF7,0.005013491778002526
Latent_39,PCM1,0.004992597475256302
Latent_39,NSMCE2,0.004909219413556815
Latent_39,LINC00342,0.004885621532753413
Latent_39,RREB1,0.004719974743647841
Latent_39,AUTS2,0.004522738561893153
Latent_39,MEIS1,0.004464582236883016
Latent_39,GNA12,0.004371290444211225
Latent_39,NRP1,0.004368633027922399
Latent_39,NUTM2B-AS1,0.004326441545027156
Latent_39,IGLC1,0.004306393910775792
Latent_39,DDX17,0.004272955116297854
Latent_39,GNAQ,0.004224984856480354
Latent_39,PARVB,0.004156973433596276
Latent_39,PRKDC,0.004084515846068767
Latent_39,DPH6,0.004015891790115512
Latent_39,MYO9A,0.003989164446424721
Latent_39,NOP58,0.0039833607689616106
Latent_40,NEAT1,0.08028044963669248
Latent_40,TFRC,0.07694541321268175
Latent_40,ABCC4,0.04651770095635175
Latent_40,SLC25A37,0.027553432736602407
Latent_40,NFIA,0.024303508886711823
Latent_40,WNK1,0.024204557939267353
Latent_40,IGF2R,0.02346273161841427
Latent_40,GCLC,0.021422886364640837
Latent_40,CYFIP2,0.019103197976677953
Latent_40,FOXO3,0.01761835320363537
Latent_40,ADAM23,0.01520482838328874
Latent_40,CAMK2D,0.014754659776121323
Latent_40,ABCB10,0.014224660469482262
Latent_40,FCHO2,0.012313415302517536
Latent_40,BACH2,0.01180778182543779
Latent_40,ATP2B1,0.011624744383556004
Latent_40,PDZD8,0.010242615313157434
Latent_40,SPECC1,0.009783989768258294
Latent_40,CPOX,0.009256566804092438
Latent_40,USP32,0.008748103362397185
Latent_40,MTMR3,0.008746450298102181
Latent_40,FRY,0.008246709277367767
Latent_40,TAFA2,0.008236197675608101
Latent_40,KSR1,0.008018144679348494
Latent_40,CD58,0.007652397637831252
Latent_40,IGKC,0.007564055548783715
Latent_40,SYNE2,0.006865106765435112
Latent_40,ATP8A1,0.006661290607015311
Latent_40,MARK3,0.006441799667546571
Latent_40,BTG1,0.006081214295092789
Latent_40,ZHX2,0.006078910904336332
Latent_40,ZNF451,0.00600896171001278
Latent_40,HERC1,0.00567748446635287
Latent_40,RANBP10,0.00548856034725014
Latent_40,DENND1A,0.00529272386140289
Latent_40,MKRN1,0.005217365378204867
Latent_40,LRMDA,0.004974861611638172
Latent_40,NKAIN2,0.004890504332276489
Latent_40,NT5C3A,0.004852777234779711
Latent_40,TRAK2,0.004744623852149036
Latent_40,AC069410.1,0.0045674798880800315
Latent_40,STIM2,0.004490461978685631
Latent_40,SIK3,0.004449479294700905
Latent_40,GSE1,0.004442611955080067
Latent_40,EPOR,0.004404364236232284
Latent_40,GCNT2,0.004254915470521503
Latent_40,PRDM2,0.0040041124921359915
Latent_40,TESC,0.0038957180712828124
Latent_40,FAM13A,0.00388497917481878
Latent_40,UBR4,0.0038809784147913243
Latent_41,UBE2E2,0.043232506395018536
Latent_41,MARCH1,0.04159594287201047
Latent_41,FAM160A1,0.030350128142338527
Latent_41,SNX9,0.02659574776913807
Latent_41,CD83,0.023317290139364222
Latent_41,ADK,0.020605623150092175
Latent_41,WDFY4,0.018720178635946334
Latent_41,FAM117B,0.017085917857552816
Latent_41,DOCK2,0.01611204246934672
Latent_41,RAB11FIP1,0.014272818118024883
Latent_41,APP,0.012889936770620279
Latent_41,RNF144B,0.012571881672550998
Latent_41,RNASET2,0.011960006781972411
Latent_41,KYNU,0.011775636221659648
Latent_41,BCL2L1,0.011672200175700212
Latent_41,GRK3,0.011428441533440817
Latent_41,ARHGEF12,0.011383349231473208
Latent_41,SAT1,0.010012326050235349
Latent_41,HLA-DRA,0.009362264622868748
Latent_41,SIPA1L1,0.00907631560989095
Latent_41,NAP1L1,0.008973505087985065
Latent_41,TBC1D8,0.008493275045927657
Latent_41,RASGEF1B,0.008384190099884671
Latent_41,PTPRK,0.008191172291195162
Latent_41,PRRC2C,0.007837822774316387
Latent_41,NOTCH2,0.007759945890606776
Latent_41,MANBA,0.007737882608213536
Latent_41,WDFY2,0.0073749676687554135
Latent_41,IRF8,0.007128427290823161
Latent_41,HLA-DQA1,0.007037263644192411
Latent_41,C9orf72,0.006711194635888024
Latent_41,PIM1,0.006578787478584881
Latent_41,TGFBR2,0.0065452864291117106
Latent_41,TSPAN5,0.006368726587590326
Latent_41,HIF1A,0.0063535703704539715
Latent_41,SCN9A,0.0063419927128789905
Latent_41,TENT5C,0.005800657116290586
Latent_41,AFF3,0.005706095259676034
Latent_41,RHCE,0.00564466769273194
Latent_41,SLC49A4,0.005461464480821219
Latent_41,SOX6,0.005385036273854505
Latent_41,TRA2B,0.005294160106796426
Latent_41,ZSWIM6,0.004973645462368391
Latent_41,CERS6,0.004908490541480763
Latent_41,TET2,0.0048826730362099965
Latent_41,NUFIP2,0.004672653452353474
Latent_41,RNF130,0.004641373781754058
Latent_41,RPS16,0.004626652492719693
Latent_41,SULF2,0.00460429290309768
Latent_41,RNF19A,0.004571694347874553
Latent_42,SLC8A1,0.058468769647772215
Latent_42,PTPRE,0.046076008214624584
Latent_42,SAMHD1,0.0360902794508805
Latent_42,CUX2,0.02960557900240926
Latent_42,TSPAN5,0.026827214804112962
Latent_42,TRAK2,0.026757992755798207
Latent_42,STRADB,0.020682346730017235
Latent_42,RGS2,0.018426252889883872
Latent_42,TMSB10,0.014219600897312331
Latent_42,CST3,0.014157364207665077
Latent_42,RNF149,0.012519271037766977
Latent_42,SAT1,0.01217760028980482
Latent_42,INPP4A,0.011915947024115409
Latent_42,IFNAR2,0.011817199016847886
Latent_42,RNF19A,0.011454935433573147
Latent_42,ARL4C,0.01075281653057148
Latent_42,TMEM170B,0.01045392026972747
Latent_42,H3F3B,0.010352360503711765
Latent_42,RRBP1,0.010198099573505448
Latent_42,SGMS1,0.009996157062116021
Latent_42,BMP2K,0.009485126326472991
Latent_42,CCDC88A,0.008590870646496237
Latent_42,MYO1D,0.008528420501384061
Latent_42,CLEC12A,0.008390485946229154
Latent_42,YME1L1,0.00821808856100842
Latent_42,MICAL3,0.008194938404314728
Latent_42,UBE2E2,0.008066557944479311
Latent_42,PLXDC2,0.007749850756208716
Latent_42,MAFB,0.0076358553225932
Latent_42,SULF2,0.007511159255898119
Latent_42,GADD45B,0.007498893798071369
Latent_42,PSAP,0.007349929576704093
Latent_42,CYBA,0.007231692540121494
Latent_42,RNF213,0.007085248578194742
Latent_42,MARCH3,0.006938615295737664
Latent_42,CROCC,0.00692086790990222
Latent_42,AMMECR1,0.006820223429458703
Latent_42,MXI1,0.0067082132982301266
Latent_42,MFHAS1,0.006494377026538757
Latent_42,VCAN,0.0062718953070340115
Latent_42,ARHGAP26,0.005784074929935574
Latent_42,SRRM2,0.005545418323496115
Latent_42,JAML,0.005411047966557165
Latent_42,FLACC1,0.005266104692789836
Latent_42,MARCH8,0.004979628284113273
Latent_42,EIF4A3,0.0049672144153581075
Latent_42,IRF7,0.004929664801852503
Latent_42,LINC00910,0.004555260768872356
Latent_42,ID2,0.004500597912682169
Latent_42,AC022217.3,0.00436081889700084
Latent_43,ANKRD28,0.051927076150886105
Latent_43,GPHN,0.018790346735101278
Latent_43,ERC1,0.018033082240991517
Latent_43,RIF1,0.017731103506284106
Latent_43,MYCBP2,0.014509304389292087
Latent_43,PVT1,0.013376920363079154
Latent_43,FNDC3A,0.012609369998370907
Latent_43,REV3L,0.012120992926146068
Latent_43,ELMO1,0.0108012116481545
Latent_43,RAD51B,0.01000190872974946
Latent_43,FAF1,0.008411008696601451
Latent_43,SCFD2,0.008394862105579054
Latent_43,GMDS,0.008200249427411835
Latent_43,ASH1L,0.008189356094080058
Latent_43,NSMCE2,0.007908608826701318
Latent_43,FARS2,0.007681370170154856
Latent_43,PHIP,0.007450316709659814
Latent_43,ATP2C1,0.007209567495219037
Latent_43,FHIT,0.007143764759590869
Latent_43,ACACA,0.007036153627224077
Latent_43,PUM2,0.006968956880687942
Latent_43,UBR5,0.006501886137462051
Latent_43,SIL1,0.006283026604401226
Latent_43,EHBP1,0.006274757324943889
Latent_43,CDKAL1,0.005737493433195614
Latent_43,ADK,0.005649411977590412
Latent_43,SDCCAG8,0.005419155888919203
Latent_43,ATXN10,0.00527328585665696
Latent_43,USP48,0.004977735039055306
Latent_43,RREB1,0.004950577854969284
Latent_43,HS2ST1,0.004800085418267011
Latent_43,SMARCC1,0.0047870659992921795
Latent_43,DLG1,0.004780478197603149
Latent_43,XPO4,0.004770680689285339
Latent_43,THADA,0.0047421732453438335
Latent_43,LRPPRC,0.004741857186236791
Latent_43,COMMD10,0.004637543683607848
Latent_43,PUM1,0.004585809297944321
Latent_43,ZNF638,0.004567003808175878
Latent_43,PIK3CB,0.004546602141192582
Latent_43,USP34,0.004544457997205891
Latent_43,ACBD6,0.004517459675245299
Latent_43,RBM26,0.004262468364502093
Latent_43,OSBPL9,0.0042259684211753325
Latent_43,NSD3,0.004184354199189958
Latent_43,ZRANB2,0.0041114007509653085
Latent_43,SLC39A11,0.004036796199884016
Latent_43,TTC17,0.004014545095673523
Latent_43,IMMP2L,0.003952886602736118
Latent_43,TLK1,0.0038882772417617316
Latent_44,GNLY,0.06933173877649688
Latent_44,SGMS1,0.027576396246311242
Latent_44,AFF3,0.023461263268613006
Latent_44,UBE2H,0.022860075716831574
Latent_44,PFN1,0.021172973634141095
Latent_44,KLRF1,0.01897541502533839
Latent_44,SESN3,0.017268880484611483
Latent_44,ZBTB20,0.015709078004965463
Latent_44,ACTB,0.014887989004206905
Latent_44,NKG7,0.01479651883968916
Latent_44,TNFAIP8,0.014210130685434025
Latent_44,S100A4,0.013553629750839192
Latent_44,CCL5,0.013466367365633284
Latent_44,FOXP1,0.012964921060391097
Latent_44,CD55,0.012322537290189839
Latent_44,LINC01478,0.011065634773217597
Latent_44,RPL41,0.010579879978453303
Latent_44,CCL4,0.010499201463289521
Latent_44,TUBB4B,0.010036473973947559
Latent_44,RPS24,0.009645975248558808
Latent_44,RPS29,0.009514125253328317
Latent_44,ARAP2,0.009504564646593855
Latent_44,TRAK2,0.009452287048628882
Latent_44,SERF2,0.008469337565017956
Latent_44,MYL6,0.00844202279888483
Latent_44,PPIA,0.008411708042102856
Latent_44,UBE2S,0.008392169996849372
Latent_44,SNX29,0.008207768376625641
Latent_44,RPS23,0.007532458600112716
Latent_44,HSP90AA1,0.007259255877422287
Latent_44,GZMH,0.006997438853200121
Latent_44,CFL1,0.00672150393571655
Latent_44,BTBD9,0.0062245650408796725
Latent_44,RPS13,0.006178549301690114
Latent_44,SMCHD1,0.005890790739782806
Latent_44,HIST2H2AC,0.005803607876408552
Latent_44,CHD2,0.005801117432901867
Latent_44,BNIP3L,0.005798935445350786
Latent_44,DIP2B,0.005783378942671797
Latent_44,GPCPD1,0.005530002908495373
Latent_44,KLRB1,0.005421719949141935
Latent_44,ST6GALNAC3,0.005389091771542686
Latent_44,RPS11,0.005262969004045454
Latent_44,CLIC3,0.005129435892667849
Latent_44,IL32,0.00511611070728419
Latent_44,RPL37,0.005082691202665951
Latent_44,RPLP0,0.004760421870597172
Latent_44,GAPDH,0.0047525999362891935
Latent_44,PLCL2,0.0047518530412397645
Latent_44,RPL23,0.0047266027304102565
Latent_45,ZNF385D,0.03494828111934414
Latent_45,ZFAT,0.028618134755183294
Latent_45,EXT1,0.018389449815300798
Latent_45,EXOC4,0.014817816876885192
Latent_45,SND1,0.013109734026173755
Latent_45,FNDC3A,0.012076659496659065
Latent_45,RAP1B,0.010551395930723295
Latent_45,HBB,0.010227926713562867
Latent_45,ETV6,0.010195439928301568
Latent_45,ZMYM2,0.00946115284626364
Latent_45,GMDS,0.008993622034844469
Latent_45,WWOX,0.008437629317082865
Latent_45,ASCC3,0.008384714349491854
Latent_45,SFMBT2,0.00823051546285295
Latent_45,FHIT,0.008196958946199026
Latent_45,ARFGEF1,0.00794533244958155
Latent_45,CERS6,0.007675941947906803
Latent_45,ZBTB20,0.00765986815135355
Latent_45,HBA2,0.00739825737818973
Latent_45,INPP4A,0.006949759244214208
Latent_45,PI4KA,0.00670624778011906
Latent_45,ARIH1,0.006652733975837072
Latent_45,COG5,0.006642193809684232
Latent_45,TTC3,0.006561639506474397
Latent_45,MSI2,0.006397414192544956
Latent_45,SOS1,0.006253725725261552
Latent_45,ANGPT1,0.0060321301480373915
Latent_45,TXNDC11,0.005954718030543764
Latent_45,CALN1,0.005943057806630245
Latent_45,RUNX2,0.005916167372355238
Latent_45,HNRNPC,0.005900503330654301
Latent_45,HM13,0.0058279485356234504
Latent_45,STT3B,0.005794321597308987
Latent_45,ANKIB1,0.005607741750704476
Latent_45,RUNX1,0.005446165629351526
Latent_45,ITPR2,0.005119287110164881
Latent_45,PTEN,0.005012535176607957
Latent_45,NAALADL2,0.004697914273188574
Latent_45,ERBIN,0.004668485803472138
Latent_45,SEC24D,0.004589468468239539
Latent_45,GLS,0.004588217425799098
Latent_45,OGT,0.004491518741022237
Latent_45,R3HDM1,0.004419537917921107
Latent_45,RIC1,0.004414297089378243
Latent_45,HBA1,0.0042651521392491785
Latent_45,NT5C2,0.004239296724973783
Latent_45,TRAPPC9,0.0042210115094273
Latent_45,DACH1,0.004073192164400764
Latent_45,REPS1,0.003968669198883895
Latent_45,GALNT2,0.0039235510268125755
Latent_46,LRBA,0.032450631897080265
Latent_46,GNAQ,0.02286142516615739
Latent_46,MED12L,0.020553161731275325
Latent_46,MAP3K5,0.017906970925431427
Latent_46,TBC1D5,0.017167009906272547
Latent_46,IGLC2,0.013892697101856323
Latent_46,CHST11,0.013562499389172996
Latent_46,HLA-B,0.01246319486211484
Latent_46,RNF220,0.011901826349168454
Latent_46,CENPP,0.009017999131622026
Latent_46,PRKDC,0.008754851757044217
Latent_46,VAV3,0.008543667146899038
Latent_46,CCDC14,0.008292065536303841
Latent_46,MEIS1,0.007987610082907704
Latent_46,B2M,0.007880029572375397
Latent_46,IGKC,0.006953030929882643
Latent_46,IQGAP2,0.006935244261991056
Latent_46,CDC42BPA,0.006561687742175085
Latent_46,CCL5,0.005806410382129412
Latent_46,ST8SIA6,0.005763339160476197
Latent_46,PBX3,0.0057098082736125235
Latent_46,TANC2,0.005509787535861323
Latent_46,SLC39A8,0.0054386336864442565
Latent_46,IMMP2L,0.005379525095875163
Latent_46,IGHG1,0.005038331081300315
Latent_46,AUTS2,0.005035563024319748
Latent_46,HLA-C,0.004956196154206349
Latent_46,LCOR,0.004870200302918872
Latent_46,SNCA,0.004743282123290526
Latent_46,SPATA5,0.004592020706558566
Latent_46,SLF1,0.004552742627493498
Latent_46,NFIA,0.004494152628653334
Latent_46,MIR924HG,0.0043251245420490156
Latent_46,IL12A-AS1,0.004287939284652526
Latent_46,PDZD8,0.004270851960093022
Latent_46,PRELID2,0.004256046538253197
Latent_46,PAG1,0.004252692949460155
Latent_46,HLA-A,0.0042432176653237254
Latent_46,MSRB3,0.003968335323046213
Latent_46,TMSB4X,0.0039446737679355815
Latent_46,DYRK1A,0.003895075329566309
Latent_46,CD36,0.0038902942970932756
Latent_46,ST3GAL3,0.0038413390800220285
Latent_46,BTG2,0.003743392536503852
Latent_46,IGLC1,0.0037399091677309303
Latent_46,RHAG,0.0036107552724486546
Latent_46,MPO,0.0034857400078132225
Latent_46,PEAK1,0.0034837177706558593
Latent_46,ATAD2B,0.0034379371941027207
Latent_46,HLA-E,0.0033459380971974117
Latent_47,LRMDA,0.06535272270325923
Latent_47,IRAK3,0.03250627983554802
Latent_47,BACH2,0.02982581648201023
Latent_47,NEGR1,0.0285062645281533
Latent_47,NAMPT,0.02252022032428087
Latent_47,TCF7L2,0.019182591163222747
Latent_47,TRPS1,0.019140824567811302
Latent_47,NFIA,0.01813033270681122
Latent_47,ANXA1,0.017912032723846037
Latent_47,TAOK3,0.017669054315293954
Latent_47,CELF2,0.017609611363987386
Latent_47,LRRFIP1,0.014343395671745023
Latent_47,SYNE2,0.01322400619850851
Latent_47,WDFY3,0.013154818729723345
Latent_47,RTN1,0.012453756575600732
Latent_47,PECAM1,0.012441053737155894
Latent_47,VIM,0.011611117343954975
Latent_47,USP15,0.01104925522306089
Latent_47,NEAT1,0.009831612885555934
Latent_47,DIAPH2,0.009374647697896596
Latent_47,DOCK2,0.009182641973853326
Latent_47,PLXDC2,0.009167556480615896
Latent_47,IKZF3,0.008554038623445276
Latent_47,RNF130,0.008369967242653788
Latent_47,UBR2,0.008196789154870706
Latent_47,FRY,0.007887088753532114
Latent_47,CST3,0.0077702660071838755
Latent_47,FOS,0.007673424059404119
Latent_47,ZFAND5,0.007529512707205112
Latent_47,HERC1,0.007449348916247045
Latent_47,FOSB,0.00726211074805504
Latent_47,NFKBIZ,0.0071104832390819295
Latent_47,VCAN,0.007091547399335027
Latent_47,VMP1,0.006385999640790179
Latent_47,MCL1,0.006371653050674517
Latent_47,DMXL2,0.006194313775576189
Latent_47,CD44,0.005949756877286485
Latent_47,MAML3,0.00568227889086484
Latent_47,TFRC,0.005605188044975948
Latent_47,AOAH,0.005490438491670212
Latent_47,RILPL2,0.004900651994483179
Latent_47,USP32,0.004650668219406072
Latent_47,PILRA,0.004613163845907136
Latent_47,NEK7,0.004489556038442112
Latent_47,DISC1,0.004309456045726519
Latent_47,AIF1,0.004246427554165079
Latent_47,NCOA4,0.00408853912474544
Latent_47,ANTXR2,0.003842156394660051
Latent_47,DOCK5,0.0037234540788001766
Latent_47,RRP12,0.0036780412013825837
Latent_48,AHSP,0.09031359067882078
Latent_48,BLVRB,0.05046511991327954
Latent_48,PDE4B,0.04056699252170616
Latent_48,TSPAN5,0.037769110130461046
Latent_48,CA1,0.022844096112468865
Latent_48,MICAL2,0.021464696427112805
Latent_48,HIVEP1,0.021277751090077728
Latent_48,TRAK2,0.016706669416904435
Latent_48,GYPA,0.015104447586578345
Latent_48,ZBTB20,0.014422548694326128
Latent_48,DENND4A,0.014369859819785773
Latent_48,HBD,0.013927406749217061
Latent_48,HEMGN,0.013496088554403804
Latent_48,STOM,0.013314616013038936
Latent_48,STAM,0.011905085610556823
Latent_48,NCOA3,0.011170935803843552
Latent_48,SULF2,0.00988191395426487
Latent_48,SLC25A37,0.009474023592271766
Latent_48,GLS,0.009038216813155475
Latent_48,SSBP3,0.008212894939455569
Latent_48,SPECC1,0.008117580902847012
Latent_48,CHST15,0.0076298740315706645
Latent_48,PAG1,0.0070631564368647684
Latent_48,HMBS,0.006533040393617291
Latent_48,ARHGAP25,0.006405790409531713
Latent_48,INPP4A,0.005935737459079279
Latent_48,B2M,0.005547787033867372
Latent_48,LRMP,0.005224719250305775
Latent_48,RUBCN,0.0051708659244094415
Latent_48,BSG,0.005158446222903277
Latent_48,RANBP10,0.005098168592924419
Latent_48,SLC14A1,0.004911350550029686
Latent_48,GYPB,0.0048979483421664975
Latent_48,HECTD4,0.0048227844469296895
Latent_48,FAM49A,0.004754960817462908
Latent_48,HIPK2,0.0047387401368935485
Latent_48,ZFAT,0.004699888857313454
Latent_48,SIPA1L1,0.004589974344698558
Latent_48,RGS2,0.0045572561759600946
Latent_48,YPEL5,0.004535079673298897
Latent_48,RAPGEF1,0.0044731126334095
Latent_48,CA2,0.0044282648948689345
Latent_48,MYL4,0.0043264856840694275
Latent_48,HERPUD1,0.004279797170969707
Latent_48,SELENBP1,0.004242835366883144
Latent_48,DOCK8,0.004173877185202391
Latent_48,NBEA,0.004141146567936719
Latent_48,BMP2K,0.004126055854773413
Latent_48,MPO,0.0041256696289071765
Latent_48,RNF213,0.0038631120262368774
Latent_49,CDK6,0.11372427396199611
Latent_49,RUNX1,0.03659478939119824
Latent_49,MSI2,0.019063737873151642
Latent_49,LRRK2,0.016990449647741716
Latent_49,INPP4B,0.01655090224737206
Latent_49,CDC14A,0.016001567600296442
Latent_49,FHIT,0.01590321448267387
Latent_49,SLC4A1,0.015785597360825507
Latent_49,CD86,0.015410817871717124
Latent_49,HNRNPA1,0.015263675039539994
Latent_49,IQGAP2,0.013591335489827501
Latent_49,LEF1,0.013218371388466432
Latent_49,IKZF2,0.012945986206256418
Latent_49,VCAN,0.011664621550347157
Latent_49,TOP2B,0.011407032347427782
Latent_49,PRKCH,0.0106549701035657
Latent_49,PRKACB,0.010445820753131187
Latent_49,AKT3,0.009820812983947646
Latent_49,CBLB,0.008878013998860429
Latent_49,RAB31,0.008430019147717288
Latent_49,MNDA,0.008322178173079498
Latent_49,DSTN,0.006971914190471417
Latent_49,LDLRAD4,0.0064530639895071145
Latent_49,SNHG14,0.006282418966809928
Latent_49,KAT6B,0.006168057576033097
Latent_49,LDHB,0.005794227929629026
Latent_49,LRIG1,0.005579740215645723
Latent_49,PRKG1,0.005224418727989529
Latent_49,NUCB2,0.005048131627780993
Latent_49,THUMPD1,0.00479862715038036
Latent_49,ODF2L,0.004789132490705706
Latent_49,NPM1,0.004661731937695209
Latent_49,LYZ,0.004416953176069513
Latent_49,RBM47,0.00439586360590894
Latent_49,HMGB1,0.004341332351629899
Latent_49,H1FX,0.004243246141347835
Latent_49,SLC39A8,0.0041277294530212465
Latent_49,PRKCQ,0.004079205681513912
Latent_49,SEPTIN11,0.004019896460183015
Latent_49,ARID1B,0.003963251029433742
Latent_49,LRBA,0.003864601419931413
Latent_49,IL7R,0.0037263417659978695
Latent_49,TNRC6C,0.003672653841085398
Latent_49,USP47,0.003630646453752493
Latent_49,GLCCI1,0.003614127420345916
Latent_49,TNIK,0.003544730557288151
Latent_49,MARCH1,0.0034011298558214303
Latent_49,HSP90B1,0.003365176507422138
Latent_49,ADARB1,0.003324420337225875
Latent_49,VPS13A,0.003311714712092276
Latent_50,CR1L,0.06491903365179622
Latent_50,PTPRC,0.050992808060087436
Latent_50,SLC25A21,0.04994643204038152
Latent_50,LINC01619,0.04582900823087353
Latent_50,BTG1,0.03836720998286576
Latent_50,DOCK10,0.023682100999439595
Latent_50,FYN,0.02361017074798076
Latent_50,BACH2,0.021510077763245906
Latent_50,MBNL1,0.02104853589434282
Latent_50,CAMK2D,0.02049720228750054
Latent_50,DPYD,0.01946735350287084
Latent_50,FOXO1,0.01736366605248315
Latent_50,PDE3B,0.01615820875147422
Latent_50,RGS6,0.01588616905888415
Latent_50,FOXP1,0.015545929579096224
Latent_50,SSH2,0.01429338535785261
Latent_50,CBLB,0.013789264279533654
Latent_50,CD69,0.012813324287186794
Latent_50,RAPGEF2,0.011558404257914063
Latent_50,KEL,0.011244157154623027
Latent_50,ANKRD11,0.010923752869774428
Latent_50,HDAC4,0.008916636792052793
Latent_50,CD36,0.008828578880903742
Latent_50,AKAP9,0.008774006894135409
Latent_50,TGFBR2,0.008512468332289592
Latent_50,EPB42,0.008314639506222467
Latent_50,AKT3,0.008104385182702114
Latent_50,RHAG,0.0073191607478599804
Latent_50,TXNIP,0.007296950401648178
Latent_50,TFRC,0.007109931142369684
Latent_50,NKAIN2,0.006793898206232992
Latent_50,SLC4A1,0.0066155045403886465
Latent_50,MAML2,0.00654683597792049
Latent_50,EVL,0.006402882587870766
Latent_50,RBMS1,0.006338586582706564
Latent_50,NFATC3,0.006065258590367399
Latent_50,GNG2,0.0060055786957997044
Latent_50,RIPOR2,0.0059804421863690034
Latent_50,ANKRD44,0.00558857957206689
Latent_50,STIM1,0.00549532045976684
Latent_50,ARHGEF18,0.005148813829414426
Latent_50,STIM2,0.005090673063240571
Latent_50,IRS2,0.004976254422823572
Latent_50,ITPKB,0.004528878364195488
Latent_50,AC069410.1,0.004225514748519939
Latent_50,NCK2,0.004171665749085388
Latent_50,PITPNC1,0.004091659201781871
Latent_50,CEMIP2,0.003920874219502559
Latent_50,LIMD2,0.0038878262971946635
Latent_50,AC127526.2,0.0037711785772181023
Latent_51,VCAN,0.07856154607018562
Latent_51,SLC8A1,0.06387938411951774
Latent_51,DMXL2,0.05474846978133264
Latent_51,RBM47,0.050909651395324
Latent_51,RAB31,0.020088748588733885
Latent_51,SULF2,0.018926816732620432
Latent_51,PID1,0.0183537527983397
Latent_51,PTPRS,0.01791742718466814
Latent_51,CLEC7A,0.017136883111156236
Latent_51,CSF3R,0.01648174456399072
Latent_51,LRRK2,0.01603833433766768
Latent_51,SLC4A1,0.015241385015382537
Latent_51,NAMPT,0.013851178808490629
Latent_51,TBC1D8,0.011807466720701775
Latent_51,LRMDA,0.0116059724567975
Latent_51,ACSL1,0.010702017117084668
Latent_51,PLXDC2,0.010612564230043989
Latent_51,STAG1,0.010203106859737058
Latent_51,LRRFIP1,0.009876684779981115
Latent_51,EPB41L3,0.009300094045886446
Latent_51,KYNU,0.008896564022990638
Latent_51,SRGAP2,0.008875864620754653
Latent_51,SHTN1,0.008282370210943739
Latent_51,FCN1,0.008181055528008623
Latent_51,CSF1R,0.008150545693081039
Latent_51,NEGR1,0.00795313978299001
Latent_51,CCDC88A,0.007157571122684048
Latent_51,NFKBIZ,0.006567130205200542
Latent_51,PDE4B,0.006477640166977396
Latent_51,FAM160A1,0.006472814829898723
Latent_51,SAT1,0.006035075174630685
Latent_51,WDFY3,0.00576585381812452
Latent_51,TBXAS1,0.005623922836506206
Latent_51,MYO9B,0.00544770733396854
Latent_51,CLEC12A,0.005211926840943263
Latent_51,SCN9A,0.0051273236791276175
Latent_51,PECAM1,0.005095758730832343
Latent_51,TLR2,0.005019029987294308
Latent_51,CCNL1,0.005012815485064876
Latent_51,IRAK3,0.0049285817025562974
Latent_51,CPPED1,0.004904973945634456
Latent_51,DOCK2,0.004821904372037318
Latent_51,TCF7L2,0.004780358437371136
Latent_51,SCLT1,0.004710347479149047
Latent_51,ITPK1,0.0043977326612265055
Latent_51,RTN1,0.004355007474617616
Latent_51,MCTP1,0.004294745728102574
Latent_51,CR1L,0.004122862895602278
Latent_51,LILRB2,0.003979782276076733
Latent_51,SRRM2,0.003856475915684528
Latent_52,SPTA1,0.054444994606983294
Latent_52,SAMSN1,0.053657401114050596
Latent_52,LYZ,0.03816001144141344
Latent_52,ATP2B1,0.031782948527713066
Latent_52,FCN1,0.03173933235380559
Latent_52,SLCO3A1,0.031479732979425946
Latent_52,ANXA1,0.02375816148709426
Latent_52,ARHGAP26,0.023433711383749247
Latent_52,FRY,0.023062186501563137
Latent_52,SAT1,0.02289085993597002
Latent_52,AOAH,0.017973634099324124
Latent_52,RALGPS2,0.01677534119410742
Latent_52,CEBPD,0.01614591395353917
Latent_52,DUSP1,0.014583128692718102
Latent_52,STRBP,0.01286599312627773
Latent_52,LST1,0.01271328890297043
Latent_52,FOS,0.010891412923075005
Latent_52,FGL2,0.010829156300967115
Latent_52,MARCH3,0.01064368461897159
Latent_52,ID2,0.008653257555851631
Latent_52,ATP2B1-AS1,0.008313661758218252
Latent_52,ZCCHC7,0.008275255313027937
Latent_52,HBS1L,0.008139949630322042
Latent_52,FLNA,0.007899277518478678
Latent_52,SRGN,0.00687054006936825
Latent_52,DAAM1,0.006369873145112742
Latent_52,DOCK11,0.006009624935948068
Latent_52,LYST,0.005882354662746272
Latent_52,PTPRC,0.005829313977156056
Latent_52,DPYD,0.0057463806356337225
Latent_52,STK10,0.005725488343096501
Latent_52,AFF3,0.005656298237998672
Latent_52,SNHG14,0.005544996796092062
Latent_52,DOCK5,0.00540567646272857
Latent_52,SH3BP2,0.005391453569484149
Latent_52,MYO1F,0.0053764937392036
Latent_52,CD44,0.00537543715748248
Latent_52,TMSB4X,0.005322143950166399
Latent_52,LRRFIP1,0.005250560155490003
Latent_52,SBF2,0.005209236214388759
Latent_52,AC009093.2,0.0051824212646193355
Latent_52,IFI30,0.00465655191771219
Latent_52,DIAPH2,0.004602840344684557
Latent_52,NAMPT,0.004480048140111865
Latent_52,SIPA1L1,0.004269776290634207
Latent_52,TCF4,0.00405794251542548
Latent_52,CELF2,0.003921975991015495
Latent_52,S100A8,0.0038231561224058874
Latent_52,STX11,0.003790482599797091
Latent_52,XAF1,0.003678986278866764
Latent_53,BACH2,0.11503097109411313
Latent_53,PDE4D,0.05126388171047738
Latent_53,CAMK4,0.04902878267340393
Latent_53,SYNE2,0.03634545815969694
Latent_53,IFNG-AS1,0.0331401438614395
Latent_53,CD36,0.024524600854346355
Latent_53,CAMK2D,0.022554634875529275
Latent_53,NFIA,0.022098767808505494
Latent_53,USP15,0.0206855333155112
Latent_53,HLA-B,0.018935659861225505
Latent_53,FTH1,0.01731929510797255
Latent_53,IKZF3,0.01713688933351103
Latent_53,CSGALNACT1,0.01668618835961207
Latent_53,FAM13A,0.015684954901222795
Latent_53,CA1,0.014892064139857544
Latent_53,EZR,0.014659109837567888
Latent_53,USP32,0.014637152512274595
Latent_53,KLF1,0.01440401903977012
Latent_53,VOPP1,0.01397183137856428
Latent_53,LRMDA,0.013681137156329966
Latent_53,SNCA,0.013260919209584384
Latent_53,IRAK3,0.011440191753247597
Latent_53,DGKD,0.009522344621130953
Latent_53,BCL2,0.009504699584650418
Latent_53,CD96,0.009212836799532524
Latent_53,SPECC1,0.008697732471461267
Latent_53,GNAQ,0.00800143498653703
Latent_53,SLC25A37,0.007741152242065395
Latent_53,KLF12,0.006850837620694537
Latent_53,SPTBN1,0.006753986693517038
Latent_53,RASGRP1,0.006717878622872183
Latent_53,ARID5B,0.006715731133236591
Latent_53,CLEC2D,0.00659131593848697
Latent_53,ETS1,0.00640411160666485
Latent_53,RAB30,0.006304346026689945
Latent_53,RHOH,0.006148608486250289
Latent_53,IRF4,0.005949524604316359
Latent_53,ARL4A,0.005628345632120084
Latent_53,DIPK1A,0.005594067251746027
Latent_53,PPP3CC,0.005488529283403019
Latent_53,SEL1L3,0.005217682611320773
Latent_53,ATM,0.004890184904719956
Latent_53,PLXDC2,0.004844868990113523
Latent_53,TSHZ2,0.004778845039114438
Latent_53,ISG20,0.0045853950093109165
Latent_53,GYPB,0.004582890530753326
Latent_53,TAFA2,0.0044546985092989485
Latent_53,PYHIN1,0.0044107345558059815
Latent_53,EREG,0.004339491062075777
Latent_53,SAMD3,0.004315558595681573
Latent_54,FYB1,0.04211148204394413
Latent_54,NAMPT,0.03755214323079195
Latent_54,ACSM3,0.03156903102280983
Latent_54,VIM,0.03041701294746204
Latent_54,TCF7L2,0.02384800581002371
Latent_54,RNF149,0.018000106402555664
Latent_54,FCGR3A,0.01759467967708481
Latent_54,SLC2A1,0.016740506198459546
Latent_54,MARCH3,0.015322875458080818
Latent_54,ZFAND5,0.014705917437899306
Latent_54,BANK1,0.013085790034859978
Latent_54,AOAH,0.011737304576094384
Latent_54,INPP4A,0.011670009447054416
Latent_54,ADAMTSL4-AS1,0.009664907654224907
Latent_54,MCL1,0.00927812195562169
Latent_54,ID2,0.008485442947530881
Latent_54,PLEKHG1,0.00815167514427848
Latent_54,CD3D,0.008027109320182794
Latent_54,PECAM1,0.0076793110491198725
Latent_54,RUNX2,0.007406697436111727
Latent_54,SRGN,0.007374317892918178
Latent_54,UBR2,0.007261949438542675
Latent_54,AFF3,0.007110930565566847
Latent_54,TMEM131,0.007061883444434232
Latent_54,NEAT1,0.006794147589438353
Latent_54,TMTC2,0.006697377137726445
Latent_54,UGCG,0.006586716905720385
Latent_54,DMXL2,0.0065746833288129565
Latent_54,BACH2,0.00651391951520722
Latent_54,TNFAIP3,0.006279067133812581
Latent_54,SLCO3A1,0.006071224466544445
Latent_54,STRBP,0.005722982351068658
Latent_54,AUTS2,0.005687943700836904
Latent_54,SARAF,0.005644090048038826
Latent_54,STK17B,0.005535535324159717
Latent_54,LBR,0.0054529013030655
Latent_54,RALGPS2,0.005198835666551282
Latent_54,CELF2,0.004930592019454606
Latent_54,UVRAG,0.004920153255424034
Latent_54,JAML,0.004733462206515225
Latent_54,ATXN1,0.00467986511669005
Latent_54,CHPT1,0.004624706072841071
Latent_54,FNBP1,0.004506025253938838
Latent_54,CSGALNACT2,0.004378975258995433
Latent_54,POLA1,0.004331840939092341
Latent_54,PEAK1,0.004307113418039449
Latent_54,FAM160A1,0.004229341398558254
Latent_54,NFKBIZ,0.00419513715912494
Latent_54,CCNL1,0.004105362460466945
Latent_54,LINC01374,0.004024828869095685
Latent_55,PLCB1,0.10021378056689112
Latent_55,PRKCH,0.06652489290255131
Latent_55,SYNE1,0.03763156794627039
Latent_55,ATXN1,0.022481929610575418
Latent_55,ACTG1,0.02105741736127229
Latent_55,AGTPBP1,0.019986465116030402
Latent_55,STK39,0.0174317823088068
Latent_55,KLRD1,0.01678621738241364
Latent_55,FYN,0.01667289655423535
Latent_55,IQGAP2,0.01631681618913899
Latent_55,CD247,0.016256582653019557
Latent_55,PRF1,0.015646056895466443
Latent_55,PAM,0.014307859656031352
Latent_55,SPTB,0.013727489981143925
Latent_55,GZMB,0.013320322209981889
Latent_55,GZMA,0.013145802067202318
Latent_55,TGFBR3,0.012919349827193524
Latent_55,SPON2,0.01107807475045922
Latent_55,PARP8,0.011002664011340675
Latent_55,ADD2,0.0109293902463795
Latent_55,ASAP1,0.010638069223580814
Latent_55,PHACTR2,0.009699453234955583
Latent_55,XBP1,0.009059941679827764
Latent_55,NPC1,0.008920230319467556
Latent_55,ERN1,0.00880263603007513
Latent_55,FGFBP2,0.00856282331011558
Latent_55,HIVEP3,0.008247151986132838
Latent_55,MYBL1,0.008196119116657309
Latent_55,MYOM2,0.008150313276760088
Latent_55,LCP1,0.007532927843498618
Latent_55,MAPKAPK2,0.007303109895595847
Latent_55,TPM4,0.007298366655414084
Latent_55,CD99,0.007248081539522225
Latent_55,FNDC3B,0.007093222995398553
Latent_55,ATP8B4,0.006961341432041736
Latent_55,RAB27A,0.006685046148372753
Latent_55,PITPNC1,0.006515326739593355
Latent_55,PIK3R1,0.006503631621213971
Latent_55,BCR,0.006481695826613235
Latent_55,MACF1,0.005888381456739203
Latent_55,NIBAN1,0.0053457612136461495
Latent_55,H3F3B,0.005324735628266336
Latent_55,SYNE2,0.005253217239723575
Latent_55,C5orf56,0.00509936824081865
Latent_55,PPP2R2B,0.005096098436365159
Latent_55,IDS,0.004867275967242464
Latent_55,CCL4,0.004723483247998357
Latent_55,CD69,0.004595185662117793
Latent_55,SLFN12L,0.00458872140387867
Latent_55,KLF6,0.0045557018641719385
Latent_56,LYST,0.06390991985992411
Latent_56,HLA-DRA,0.04371771159026392
Latent_56,PRKCE,0.03672649058668054
Latent_56,SLC22A23,0.03495428467101387
Latent_56,FECH,0.0346998563104103
Latent_56,CD74,0.029591778885928285
Latent_56,HLA-DRB1,0.026731758271843764
Latent_56,OSBP2,0.02406483272827911
Latent_56,GYPC,0.0219064711153695
Latent_56,HLA-DQA1,0.01999317787661352
Latent_56,SOX6,0.017519462493114753
Latent_56,PIP4K2A,0.017406004909713564
Latent_56,NFIA,0.016990221675679512
Latent_56,TSPAN5,0.016908440154757835
Latent_56,GAS7,0.0157970998743889
Latent_56,RORA,0.013339364442925368
Latent_56,CD83,0.013326480561073183
Latent_56,HLA-DQB1,0.013155773292602332
Latent_56,DNAJC6,0.012512199111742305
Latent_56,RHCE,0.011956363005688328
Latent_56,LAPTM5,0.011262336135206856
Latent_56,AC069410.1,0.01105867154387064
Latent_56,ZMYND8,0.010479339127484609
Latent_56,PRKCB,0.010102066432085399
Latent_56,FAM49A,0.009451684919505621
Latent_56,CAMKMT,0.009388908102903134
Latent_56,NUDT4,0.00936576552687212
Latent_56,TAFA2,0.008646079718876064
Latent_56,TBC1D1,0.008603662709554006
Latent_56,DIAPH2,0.008397116561399407
Latent_56,NAP1L4,0.007994970935870253
Latent_56,ANKH,0.0077320749873087315
Latent_56,HCK,0.006999897649240455
Latent_56,HLA-DPA1,0.006680660762474521
Latent_56,HDAC9,0.006485560324085168
Latent_56,AC079804.3,0.006304617241330155
Latent_56,EIF2AK1,0.006031916232279161
Latent_56,FGFR1OP2,0.005784499366507693
Latent_56,EPB41,0.005773242419743053
Latent_56,MAN2A1,0.0056028640872220195
Latent_56,CLK3,0.005534375343765163
Latent_56,ABCC5,0.00526251580745828
Latent_56,RB1,0.004970415522853717
Latent_56,LYN,0.0048197939459939205
Latent_56,AMMECR1,0.00470503275650798
Latent_56,DCAF6,0.004491417997152493
Latent_56,MARCH1,0.004469106288611545
Latent_56,HLA-DPB1,0.004448418171701345
Latent_56,BSDC1,0.004326450705153144
Latent_56,TMOD1,0.00424797147143126
Latent_57,MED12L,0.03273692861540328
Latent_57,RYR3,0.027965059578207038
Latent_57,TXNDC5,0.021159948274533272
Latent_57,TMSB4X,0.019002576873888857
Latent_57,P2RY14,0.014592471048382877
Latent_57,RABGAP1L,0.013108351637453122
Latent_57,VPS13A,0.013081074828197016
Latent_57,LRBA,0.010878271169961368
Latent_57,DNAJC1,0.010463974193901344
Latent_57,TXNIP,0.01008470092456171
Latent_57,BCL11A,0.009454595560234999
Latent_57,SMC4,0.008652168287290894
Latent_57,NSD2,0.008644587989392365
Latent_57,ZDHHC14,0.007616476226922802
Latent_57,TCP11L2,0.006805893262961903
Latent_57,COBLL1,0.00678364509719347
Latent_57,VRK2,0.006629817127494949
Latent_57,LBR,0.006418114986963491
Latent_57,ARID2,0.0059271609452800035
Latent_57,EPS15,0.005778777847166623
Latent_57,EXOC6,0.0053087614177808025
Latent_57,ATP2C1,0.0051672083270010135
Latent_57,UBE2E3,0.005111687259210613
Latent_57,ATP7B,0.004943145459894997
Latent_57,LINC01122,0.0048204435932823
Latent_57,LINC01572,0.004621691496982768
Latent_57,NKG7,0.004609568961559526
Latent_57,BARD1,0.00460656970155339
Latent_57,RDX,0.004585213345074955
Latent_57,TCF4,0.004579010210276044
Latent_57,PIP5K1B,0.004554225432350529
Latent_57,NDUFAF6,0.004488926807707224
Latent_57,PTPRC,0.004480534054749077
Latent_57,CREB3L2,0.004462814247666027
Latent_57,BRCA2,0.004433912130522306
Latent_57,LCOR,0.004410426069378618
Latent_57,HIST1H3B,0.004386075999072845
Latent_57,CRYBG1,0.004168241664657031
Latent_57,MSRB3,0.004115249988686779
Latent_57,CD55,0.004107976726864464
Latent_57,FANCL,0.004031795564147145
Latent_57,XACT,0.0040161043742559435
Latent_57,TMEM131L,0.003996652028507611
Latent_57,IMMP2L,0.00388675739576645
Latent_57,GAB1,0.0038413603834032612
Latent_57,HSP90B1,0.0038379747234303587
Latent_57,ATAD2,0.003824102146394257
Latent_57,CORO1A,0.0037941037634823633
Latent_57,AFF1,0.003740597379251383
Latent_57,CHD9,0.00370712747382604
Latent_58,AUTS2,0.029116188439269344
Latent_58,LYZ,0.021908691140351554
Latent_58,LDLRAD4,0.020374133821595957
Latent_58,HMGB1,0.015696049287855587
Latent_58,BRIP1,0.01506971700556885
Latent_58,ARID1B,0.013390347015243326
Latent_58,TCF4,0.013261986403953867
Latent_58,SIPA1L1,0.011913644862130344
Latent_58,ATAD2,0.010586402577516705
Latent_58,NRP1,0.01041074002913834
Latent_58,SMC4,0.009487984062779712
Latent_58,DOCK8,0.00946062702752589
Latent_58,MYB,0.009102385891996375
Latent_58,ASAH1,0.00898542745133387
Latent_58,DAAM1,0.008627432783436716
Latent_58,STRBP,0.008085136243809373
Latent_58,EZH2,0.008059667119042829
Latent_58,AFF3,0.007835958439435053
Latent_58,TOP2B,0.0077530450831439345
Latent_58,NSD2,0.00773592201439463
Latent_58,FANCI,0.007360502299775832
Latent_58,ARID2,0.006648210033370922
Latent_58,SLC20A1,0.006628875861852659
Latent_58,NCAPG2,0.006499714972848258
Latent_58,PTK2B,0.006222832306937484
Latent_58,VCAN,0.006184022187435992
Latent_58,CBLB,0.0061719796362009
Latent_58,PDS5A,0.006051075609075413
Latent_58,ATAD5,0.005731280628903106
Latent_58,ATF7IP,0.005538043316497287
Latent_58,NIPBL,0.005464985311691373
Latent_58,DTL,0.005276651698291318
Latent_58,CUX1,0.005082020686110849
Latent_58,PCBP2,0.005029124651520968
Latent_58,FHIT,0.005015079006961389
Latent_58,VPS13A,0.004962132418874005
Latent_58,CD44,0.00474016170950113
Latent_58,COTL1,0.0047034098668866575
Latent_58,TANK,0.0046306754852336015
Latent_58,PLXNA4,0.004519123218239436
Latent_58,ASXL1,0.004517570398078428
Latent_58,NAMPT,0.004422900437087261
Latent_58,FTL,0.00439144677999572
Latent_58,IQGAP2,0.004383934114129908
Latent_58,S100A8,0.004322158132578463
Latent_58,FUS,0.004260390883968871
Latent_58,PSPC1,0.0042345351147447695
Latent_58,PDS5B,0.004067109039599575
Latent_58,HELLS,0.004011030538404004
Latent_58,RUNX1,0.0039028245077830366
Latent_59,ZEB2,0.07847557471885974
Latent_59,MTSS1,0.04581971952916742
Latent_59,MCTP2,0.02881558600572278
Latent_59,SSBP2,0.026945200668141323
Latent_59,LYN,0.0256760668236241
Latent_59,PCDH9,0.024939089403832996
Latent_59,AUTS2,0.01702889596759085
Latent_59,ACSM3,0.016232622210484153
Latent_59,CASC15,0.015313401003660874
Latent_59,XACT,0.014662252749062432
Latent_59,RERE,0.012005237907279724
Latent_59,TOP2B,0.011708553248275955
Latent_59,MIR181A1HG,0.011470686539467938
Latent_59,PLXDC2,0.01128203599926586
Latent_59,TCF4,0.010641108406124134
Latent_59,SOX4,0.010326073019774213
Latent_59,CHD9,0.010090575467847553
Latent_59,MAML3,0.009812773475685134
Latent_59,ELF2,0.009511806252715757
Latent_59,ERG,0.009381768039993592
Latent_59,NRIP1,0.00916076134102963
Latent_59,VAV3,0.009131089863091189
Latent_59,RNF130,0.008995048487131396
Latent_59,GUCY1A1,0.00895965457520829
Latent_59,JARID2,0.008630462094530472
Latent_59,ZNF521,0.008392290308806491
Latent_59,MME,0.007932030961422878
Latent_59,PTBP2,0.007654008840278234
Latent_59,ARID1B,0.006536896683772183
Latent_59,UBE2H,0.006266220996544559
Latent_59,CENPP,0.006134907668215004
Latent_59,CTBP2,0.004976724737790284
Latent_59,MANBA,0.0048476132478918535
Latent_59,SLC7A5,0.00463865147474907
Latent_59,TET2,0.004490729093011098
Latent_59,KIF13A,0.004402994249680896
Latent_59,SWAP70,0.0043512723875251905
Latent_59,SPIDR,0.004351088011152915
Latent_59,PPP1R9A,0.0042333489037482
Latent_59,LINC01151,0.004221739416253784
Latent_59,SPTLC2,0.004173936346136994
Latent_59,MCTP1,0.004171272044455863
Latent_59,XYLT1,0.004114885888042477
Latent_59,QKI,0.004102504268978721
Latent_59,GPR183,0.0040548577412971515
Latent_59,SCLT1,0.00399512036189433
Latent_59,UTRN,0.0038007850900851365
Latent_59,NOTCH2,0.0037919732914772374
Latent_59,SLC11A1,0.003669257808093089
Latent_59,SUSD1,0.003655009034039878
Latent_60,HEMGN,0.06429972380154922
Latent_60,CA2,0.05829627479713465
Latent_60,SLC25A37,0.04031721609088582
Latent_60,CD36,0.0377224288014061
Latent_60,HLA-B,0.03411468006222274
Latent_60,HLA-A,0.0335761809509072
Latent_60,SNCA,0.02994502744639457
Latent_60,SPECC1,0.02883437340246888
Latent_60,RHAG,0.023848543383617683
Latent_60,HMGB2,0.0222111873158985
Latent_60,B2M,0.020156387387806465
Latent_60,BMP2K,0.016783136693377793
Latent_60,KLF12,0.016554719573122826
Latent_60,PPP2R5C,0.01576831368243082
Latent_60,MALAT1,0.013328520315991261
Latent_60,HLA-C,0.012967085018505175
Latent_60,HLA-E,0.010727363040814822
Latent_60,PITPNC1,0.009081271086473315
Latent_60,TOP2A,0.008838353954221247
Latent_60,USP32,0.008719173959371546
Latent_60,ATM,0.0086134495995975
Latent_60,CENPF,0.008608117769368559
Latent_60,SLC25A21,0.008443510800798174
Latent_60,CYTH1,0.008230442230199643
Latent_60,ARHGEF3,0.008023445046954744
Latent_60,GYPA,0.007519756201049637
Latent_60,MBOAT2,0.0074331643713625795
Latent_60,CENPE,0.00696812845962801
Latent_60,ANKRD44,0.006299091878355376
Latent_60,UROD,0.006173112484530811
Latent_60,RIPOR2,0.006158482468639514
Latent_60,CAT,0.0060188208594858
Latent_60,VOPP1,0.0057986609521598455
Latent_60,SYNE1,0.005734275110448568
Latent_60,RUNX3,0.005669283869541043
Latent_60,CALM1,0.005572767073286146
Latent_60,BLVRB,0.005408498045486152
Latent_60,EML4,0.005372499436848429
Latent_60,TXNIP,0.005354839598183592
Latent_60,IGF2BP2,0.00513709017772343
Latent_60,CCDC26,0.005091718390749487
Latent_60,HIST1H1B,0.005083741333874287
Latent_60,YPEL5,0.004977366623381453
Latent_60,RBL2,0.0047580868466355125
Latent_60,ETS1,0.004570353772743628
Latent_60,CDC42SE2,0.004412214776626652
Latent_60,PCED1B,0.00424717179537698
Latent_60,CCL5,0.0038304624743134004
Latent_60,ASPM,0.0038210027076178454
Latent_60,HECTD4,0.0037720480864648865
Latent_61,MCTP2,0.036777086491415555
Latent_61,JARID2,0.031131422155286533
Latent_61,CTBP2,0.02250084144188948
Latent_61,ARL15,0.022026637273322578
Latent_61,CMIP,0.01938697181962545
Latent_61,PLXDC2,0.019313217967411138
Latent_61,RNF24,0.01879493712165622
Latent_61,KIF13A,0.015527588270784144
Latent_61,CPVL,0.014561578634464866
Latent_61,GNAQ,0.014145414117109803
Latent_61,MAML3,0.013102666406637334
Latent_61,CHST11,0.012889127787297748
Latent_61,APLP2,0.012613739071698831
Latent_61,ZEB2,0.011984950159843797
Latent_61,RNF130,0.01148030361555057
Latent_61,VAV3,0.011393665346857014
Latent_61,CA1,0.009968153235346989
Latent_61,CENPP,0.008570259791938265
Latent_61,ZBTB16,0.008033103425453438
Latent_61,CPNE8,0.007977746489888762
Latent_61,DOCK5,0.00749771631295406
Latent_61,AC023590.1,0.007252687337574769
Latent_61,PPM1L,0.007102565439371144
Latent_61,RIN3,0.006983619801397837
Latent_61,LPP,0.006946968599260219
Latent_61,DEK,0.00611899379197368
Latent_61,INPP5D,0.006016454258905414
Latent_61,PPP1R12A,0.005707811565502114
Latent_61,SPIDR,0.005680110125986838
Latent_61,ELF2,0.005632563381374359
Latent_61,TRAC,0.005587581035650114
Latent_61,EIF4A1,0.005432162440390714
Latent_61,MEIS1,0.0051706753149572005
Latent_61,CAMK4,0.005149571031295905
Latent_61,SCLT1,0.004985063678743421
Latent_61,SPTLC2,0.004978157336786309
Latent_61,TBC1D5,0.004928335331787986
Latent_61,MIR181A1HG,0.004840577331762947
Latent_61,MTSS1,0.0047665128396638485
Latent_61,MACF1,0.004683567211840344
Latent_61,EREG,0.0044613884417541005
Latent_61,PTPN12,0.0043847616448954045
Latent_61,TMEM164,0.0043735271160911405
Latent_61,SIK3,0.004351686025600978
Latent_61,ERG,0.004333397542959452
Latent_61,ATP8B4,0.004318913495066619
Latent_61,MAP3K5,0.004290970600991265
Latent_61,PLD1,0.004276439852567228
Latent_61,NCOA1,0.0041656591343604095
Latent_61,LIME1,0.004134383651113626
Latent_62,FTH1,0.05565065217744843
Latent_62,ZCCHC7,0.03753074701923901
Latent_62,IGKC,0.03394417562448187
Latent_62,ANXA1,0.03254920845254511
Latent_62,LRMDA,0.030627946432946487
Latent_62,SPECC1,0.028586113516740893
Latent_62,SLC25A37,0.026023379795408176
Latent_62,FRY,0.02578379721832247
Latent_62,RALGPS2,0.018755029822854
Latent_62,NFIA,0.017113532816229106
Latent_62,DOCK5,0.015961894055776298
Latent_62,GNAQ,0.015293271680066839
Latent_62,ZHX2,0.013544302020104974
Latent_62,FOS,0.013328053016847927
Latent_62,IRAK3,0.01110440120261715
Latent_62,ARHGAP26,0.010857643721872668
Latent_62,UBAC1,0.010588082639565618
Latent_62,MAPK14,0.008779153120594237
Latent_62,SNX25,0.008628108040075797
Latent_62,AOAH,0.007608417141355397
Latent_62,PLXDC2,0.007387956560764976
Latent_62,FAM214A,0.006761225336932627
Latent_62,IKZF3,0.006589066646354658
Latent_62,BACH2,0.006485444710110442
Latent_62,FBXL5,0.006427643575905509
Latent_62,NEGR1,0.006340109425912963
Latent_62,IGLC2,0.006330387331184296
Latent_62,FNIP2,0.006322742227208442
Latent_62,STRBP,0.005961256721377103
Latent_62,WSB1,0.0057867384931055785
Latent_62,FAM13A,0.005764440184091096
Latent_62,RAPGEF5,0.0056209683466035415
Latent_62,GLCCI1,0.005477667834579829
Latent_62,RHOH,0.005452586823942374
Latent_62,DIPK1A,0.005429871147061499
Latent_62,RXRA,0.005283925422116744
Latent_62,RPL36A,0.0051752411996468135
Latent_62,ADAM19,0.004860649476037831
Latent_62,PAX5,0.004669295313329779
Latent_62,RPS6,0.004524058841325174
Latent_62,UROD,0.004460899796723205
Latent_62,KLHL14,0.004401024957724145
Latent_62,TPD52,0.004377257471733613
Latent_62,RPS9,0.004350799086554798
Latent_62,AGPAT3,0.004313455426172679
Latent_62,ARRB1,0.004259623354165919
Latent_62,VOPP1,0.004096726497649459
Latent_62,PPM1K,0.004026750396199259
Latent_62,DNAJA4,0.00397993438152998
Latent_62,HSP90AA1,0.003940933569847704
Latent_63,JUN,0.07224051551409469
Latent_63,TMEM131L,0.04487458152070465
Latent_63,TXK,0.02599159578272419
Latent_63,PICALM,0.02415300640644125
Latent_63,SKAP1,0.01965287149537598
Latent_63,PLAC8,0.01772274861192441
Latent_63,ZFP36L2,0.01766783721968199
Latent_63,RPS18,0.016395614710181056
Latent_63,ANK3,0.016075848314999957
Latent_63,TOP1,0.015117914849808038
Latent_63,SCML4,0.013343909589743816
Latent_63,SMYD3,0.012377211396306586
Latent_63,RPL13,0.012146770824918796
Latent_63,SYNE1,0.00966248001477126
Latent_63,MAP2K3,0.009393634900158206
Latent_63,ABLIM1,0.008917773487439624
Latent_63,FNDC3B,0.008653712791963065
Latent_63,DLEU2,0.008575816505990964
Latent_63,RPL39,0.008319386907681749
Latent_63,ITGA6,0.008010288324509174
Latent_63,SLFN12L,0.007855718202016458
Latent_63,IQSEC1,0.007445748187433847
Latent_63,RPL13A,0.007297777315241879
Latent_63,DUSP2,0.007174102743604308
Latent_63,RPS14,0.007089859585302177
Latent_63,SAMD3,0.006805284731785051
Latent_63,TMC8,0.006795656208113927
Latent_63,PYHIN1,0.006648170663872616
Latent_63,RPL10A,0.006498391542783976
Latent_63,SYTL3,0.0063363348140363695
Latent_63,TRBC2,0.006208411825465689
Latent_63,BCL2,0.005937146224827738
Latent_63,RPL30,0.005837694683257093
Latent_63,CTSW,0.00550885053852715
Latent_63,RPL23A,0.0054339416586858275
Latent_63,FUT8,0.005374469229705838
Latent_63,NCALD,0.005172081321689458
Latent_63,AREG,0.005134487660051707
Latent_63,GOLGA8B,0.005099150786819683
Latent_63,RPS3,0.005093387355895096
Latent_63,KDM4C,0.005010779503794589
Latent_63,EP300,0.0049447700188858705
Latent_63,CD2,0.004769513416143731
Latent_63,PCAT1,0.004753190736053031
Latent_63,TNIK,0.00474328577026404
Latent_63,YES1,0.004725811780247436
Latent_63,RPS27A,0.004692872560980141
Latent_63,STK24,0.00454337738837271
Latent_63,RPL18A,0.004496112898699873
Latent_63,PACS1,0.004438451545507333
