Gene_set,Term,Overlap,P-value,Adjusted P-value,Old P-value,Old Adjusted P-value,Odds Ratio,Combined Score,Genes,latent
GO_Biological_Process_2023,One-Carbon Compound Transport (GO:0019755),3/35,5.48336156497629e-06,0.0009486215507408982,0,0,110.00735294117646,1332.6062162903231,HBB;SLC4A1;HBA1,Latent_0
KEGG_2021_Human,One-Carbon Compound Transport (GO:0019755),3/35,5.48336156497629e-06,0.0009486215507408982,0,0,110.00735294117646,1332.6062162903231,HBB;SLC4A1;HBA1,Latent_0
GO_Biological_Process_2023,Oxygen Transport (GO:0015671),2/10,4.254530034649759e-05,0.0029968626130913,0,0,277.3888888888889,2791.9028448786567,HBB;HBA1,Latent_0
GO_Biological_Process_2023,Carbon Dioxide Transport (GO:0015670),2/11,5.196871583395421e-05,0.0029968626130913,0,0,246.55555555555557,2432.238167772633,HBB;HBA1,Latent_0
KEGG_2021_Human,Oxygen Transport (GO:0015671),2/10,4.254530034649759e-05,0.0029968626130913,0,0,277.3888888888889,2791.9028448786567,HBB;HBA1,Latent_0
KEGG_2021_Human,Carbon Dioxide Transport (GO:0015670),2/11,5.196871583395421e-05,0.0029968626130913,0,0,246.55555555555557,2432.238167772633,HBB;HBA1,Latent_0
GO_Biological_Process_2023,Gas Transport (GO:0015669),2/15,9.897575036981038e-05,0.0042807012034942,0,0,170.65811965811966,1573.5763478145914,HBB;HBA1,Latent_0
KEGG_2021_Human,Gas Transport (GO:0015669),2/15,9.897575036981038e-05,0.0042807012034942,0,0,170.65811965811966,1573.5763478145914,HBB;HBA1,Latent_0
GO_Biological_Process_2023,Hydrogen Peroxide Catabolic Process (GO:0042744),2/20,0.00017856345892201654,0.0061782956787017,0,0,123.22222222222224,1063.4775841223657,HBB;HBA1,Latent_0
KEGG_2021_Human,Hydrogen Peroxide Catabolic Process (GO:0042744),2/20,0.00017856345892201654,0.0061782956787017,0,0,123.22222222222224,1063.4775841223657,HBB;HBA1,Latent_0
GO_Biological_Process_2023,Antigen Receptor-Mediated Signaling Pathway (GO:0050851),3/134,0.00030840217370871873,0.0087377055311912,0,0,26.738661876964525,216.15817338090815,VAV3;IGKC;INPP5D,Latent_0
GO_Biological_Process_2023,Golgi To Plasma Membrane Protein Transport (GO:0043001),2/28,0.0003535487787187227,0.0087377055311912,0,0,85.27350427350427,677.710245242856,MACF1;KIF13A,Latent_0
KEGG_2021_Human,Antigen Receptor-Mediated Signaling Pathway (GO:0050851),3/134,0.00030840217370871873,0.0087377055311912,0,0,26.738661876964525,216.15817338090815,VAV3;IGKC;INPP5D,Latent_0
KEGG_2021_Human,Golgi To Plasma Membrane Protein Transport (GO:0043001),2/28,0.0003535487787187227,0.0087377055311912,0,0,85.27350427350427,677.710245242856,MACF1;KIF13A,Latent_0
GO_Biological_Process_2023,Establishment Of Protein Localization To Plasma Membrane (GO:0061951),2/38,0.0006535983868982156,0.0141340651166739,0,0,61.55555555555556,451.387965030658,MACF1;KIF13A,Latent_0
KEGG_2021_Human,Establishment Of Protein Localization To Plasma Membrane (GO:0061951),2/38,0.0006535983868982156,0.0141340651166739,0,0,61.55555555555556,451.387965030658,MACF1;KIF13A,Latent_0
GO_Biological_Process_2023,B Cell Receptor Signaling Pathway (GO:0050853),2/46,0.0009576675617417908,0.0157214795086037,0,0,50.343434343434346,349.9377081556704,VAV3;IGKC,Latent_0
GO_Biological_Process_2023,Response To Hydrogen Peroxide (GO:0042542),2/46,0.0009576675617417908,0.0157214795086037,0,0,50.343434343434346,349.9377081556704,HBB;HBA1,Latent_0
GO_Biological_Process_2023,Golgi To Plasma Membrane Transport (GO:0006893),2/47,0.0009996316450557327,0.0157214795086037,0,0,49.22222222222222,340.0331999878986,MACF1;KIF13A,Latent_0
KEGG_2021_Human,B Cell Receptor Signaling Pathway (GO:0050853),2/46,0.0009576675617417908,0.0157214795086037,0,0,50.343434343434346,349.9377081556704,VAV3;IGKC,Latent_0
KEGG_2021_Human,Response To Hydrogen Peroxide (GO:0042542),2/46,0.0009576675617417908,0.0157214795086037,0,0,50.343434343434346,349.9377081556704,HBB;HBA1,Latent_0
KEGG_2021_Human,Golgi To Plasma Membrane Transport (GO:0006893),2/47,0.0009996316450557327,0.0157214795086037,0,0,49.22222222222222,340.0331999878986,MACF1;KIF13A,Latent_0
GO_Biological_Process_2023,Positive Regulation Of Cell Death (GO:0010942),2/50,0.0011307590059983,0.016268969815351,0,0,46.138888888888886,313.0461870363529,HBB;HBA1,Latent_0
GO_Biological_Process_2023,Positive Regulation Of B Cell Activation (GO:0050871),2/52,0.00122252374335,0.016268969815351,0,0,44.28888888888889,297.0383992061624,VAV3;INPP5D,Latent_0
KEGG_2021_Human,Positive Regulation Of Cell Death (GO:0010942),2/50,0.0011307590059983,0.016268969815351,0,0,46.138888888888886,313.0461870363529,HBB;HBA1,Latent_0
KEGG_2021_Human,Positive Regulation Of B Cell Activation (GO:0050871),2/52,0.00122252374335,0.016268969815351,0,0,44.28888888888889,297.0383992061624,VAV3;INPP5D,Latent_0
GO_Biological_Process_2023,Regulation Of Cell Death (GO:0010941),2/59,0.0015708812917978,0.0194116045343596,0,0,38.83625730994152,250.73147869740143,HBB;HBA1,Latent_0
KEGG_2021_Human,Regulation Of Cell Death (GO:0010941),2/59,0.0015708812917978,0.0194116045343596,0,0,38.83625730994152,250.73147869740143,HBB;HBA1,Latent_0
GO_Biological_Process_2023,Response To Reactive Oxygen Species (GO:0000302),2/66,0.001961104016553,0.022618066324245,0,0,34.576388888888886,215.55777257871145,HBB;HBA1,Latent_0
KEGG_2021_Human,Response To Reactive Oxygen Species (GO:0000302),2/66,0.001961104016553,0.022618066324245,0,0,34.576388888888886,215.55777257871145,HBB;HBA1,Latent_0
GO_Biological_Process_2023,T Cell Receptor Signaling Pathway (GO:0050852),4/95,2.1830683489914168e-06,0.0006440051629524679,0,0,54.64010989010989,712.2217663090462,ITK;THEMIS;CD247;SKAP1,Latent_1
KEGG_2021_Human,T Cell Receptor Signaling Pathway (GO:0050852),4/95,2.1830683489914168e-06,0.0006440051629524679,0,0,54.64010989010989,712.2217663090462,ITK;THEMIS;CD247;SKAP1,Latent_1
GO_Biological_Process_2023,Antigen Receptor-Mediated Signaling Pathway (GO:0050851),4/134,8.587970710364753e-06,0.0012667256797788,0,0,38.17307692307692,445.2945953007825,ITK;THEMIS;CD247;SKAP1,Latent_1
KEGG_2021_Human,Antigen Receptor-Mediated Signaling Pathway (GO:0050851),4/134,8.587970710364753e-06,0.0012667256797788,0,0,38.17307692307692,445.2945953007825,ITK;THEMIS;CD247;SKAP1,Latent_1
GO_Biological_Process_2023,Fc Receptor Signaling Pathway (GO:0038093),2/26,0.00030434158117427734,0.0299269221488039,0,0,92.38888888888889,748.1060808668657,PRKCQ;CD247,Latent_1
KEGG_2021_Human,Fc Receptor Signaling Pathway (GO:0038093),2/26,0.00030434158117427734,0.0299269221488039,0,0,92.38888888888889,748.1060808668657,PRKCQ;CD247,Latent_1
GO_Biological_Process_2023,Axonogenesis (GO:0007409),3/188,0.0008282338460568783,0.047085321785638,0,0,18.88235294117647,133.9932365669352,NELL2;PRKCQ;ANK3,Latent_1
GO_Biological_Process_2023,Positive Regulation Of Leukocyte Cell-Cell Adhesion (GO:1903039),2/44,0.0008763666329947344,0.047085321785638,0,0,52.74603174603175,371.31761233322095,PRKCQ;SKAP1,Latent_1
GO_Biological_Process_2023,Positive Regulation Of Cell-Cell Adhesion (GO:0022409),2/46,0.0009576675617417908,0.047085321785638,0,0,50.343434343434346,349.9377081556704,ANK3;SKAP1,Latent_1
KEGG_2021_Human,Axonogenesis (GO:0007409),3/188,0.0008282338460568783,0.047085321785638,0,0,18.88235294117647,133.9932365669352,NELL2;PRKCQ;ANK3,Latent_1
KEGG_2021_Human,Positive Regulation Of Leukocyte Cell-Cell Adhesion (GO:1903039),2/44,0.0008763666329947344,0.047085321785638,0,0,52.74603174603175,371.31761233322095,PRKCQ;SKAP1,Latent_1
KEGG_2021_Human,Positive Regulation Of Cell-Cell Adhesion (GO:0022409),2/46,0.0009576675617417908,0.047085321785638,0,0,50.343434343434346,349.9377081556704,ANK3;SKAP1,Latent_1
GO_Biological_Process_2023,Fc-gamma Receptor Signaling Pathway Involved In Phagocytosis (GO:0038096),2/20,0.00017856345892201654,0.0132488246828811,0,0,123.22222222222224,1063.4775841223657,LYN;PRKCE,Latent_10
GO_Biological_Process_2023,Lipopolysaccharide-Mediated Signaling Pathway (GO:0031663),2/20,0.00017856345892201654,0.0132488246828811,0,0,123.22222222222224,1063.4775841223657,LYN;PRKCE,Latent_10
GO_Biological_Process_2023,Positive Regulation Of Amyloid Precursor Protein Catabolic Process (GO:1902993),2/21,0.000197241423521882,0.0132488246828811,0,0,116.7309941520468,995.841692324286,LYN;GSAP,Latent_10
GO_Biological_Process_2023,Fc Receptor Mediated Stimulatory Signaling Pathway (GO:0002431),2/22,0.00021683563043902655,0.0132488246828811,0,0,110.88888888888889,935.4998014387868,LYN;PRKCE,Latent_10
GO_Biological_Process_2023,Fc-gamma Receptor Signaling Pathway (GO:0038094),2/24,0.00025876610708752327,0.0132488246828811,0,0,100.7979797979798,832.5495793111635,LYN;PRKCE,Latent_10
KEGG_2021_Human,Fc-gamma Receptor Signaling Pathway Involved In Phagocytosis (GO:0038096),2/20,0.00017856345892201654,0.0132488246828811,0,0,123.22222222222224,1063.4775841223657,LYN;PRKCE,Latent_10
KEGG_2021_Human,Lipopolysaccharide-Mediated Signaling Pathway (GO:0031663),2/20,0.00017856345892201654,0.0132488246828811,0,0,123.22222222222224,1063.4775841223657,LYN;PRKCE,Latent_10
KEGG_2021_Human,Positive Regulation Of Amyloid Precursor Protein Catabolic Process (GO:1902993),2/21,0.000197241423521882,0.0132488246828811,0,0,116.7309941520468,995.841692324286,LYN;GSAP,Latent_10
KEGG_2021_Human,Fc Receptor Mediated Stimulatory Signaling Pathway (GO:0002431),2/22,0.00021683563043902655,0.0132488246828811,0,0,110.88888888888889,935.4998014387868,LYN;PRKCE,Latent_10
KEGG_2021_Human,Fc-gamma Receptor Signaling Pathway (GO:0038094),2/24,0.00025876610708752327,0.0132488246828811,0,0,100.7979797979798,832.5495793111635,LYN;PRKCE,Latent_10
GO_Biological_Process_2023,Regulation Of Sodium Ion Transmembrane Transporter Activity (GO:2000649),2/37,0.0006195695304718364,0.026434966633465,0,0,63.31746031746032,467.69351055771176,PRKCE;UTRN,Latent_10
KEGG_2021_Human,Regulation Of Sodium Ion Transmembrane Transporter Activity (GO:2000649),2/37,0.0006195695304718364,0.026434966633465,0,0,63.31746031746032,467.69351055771176,PRKCE;UTRN,Latent_10
GO_Biological_Process_2023,Immunoglobulin Mediated Immune Response (GO:0016064),4/30,1.959060801430416e-08,1.1989452104754148e-05,0,0,191.8653846153846,3405.2682062867107,CD74;HLA-DRA;HLA-DRB1;HLA-DPA1,Latent_11
KEGG_2021_Human,Immunoglobulin Mediated Immune Response (GO:0016064),4/30,1.959060801430416e-08,1.1989452104754148e-05,0,0,191.8653846153846,3405.2682062867107,CD74;HLA-DRA;HLA-DRB1;HLA-DPA1,Latent_11
GO_Biological_Process_2023,MHC Class II Protein Complex Assembly (GO:0002399),3/14,3.090573771855685e-07,6.273990462457743e-05,0,0,320.3582887700535,4802.087100103054,HLA-DRA;HLA-DRB1;HLA-DPA1,Latent_11
GO_Biological_Process_2023,Peptide Antigen Assembly With MHC Class II Protein Complex (GO:0002503),3/14,3.090573771855685e-07,6.273990462457743e-05,0,0,320.3582887700535,4802.087100103054,HLA-DRA;HLA-DRB1;HLA-DPA1,Latent_11
GO_Biological_Process_2023,Negative Regulation Of Inflammatory Response To Antigenic Stimulus (GO:0002862),3/16,4.748696385083876e-07,6.273990462457743e-05,0,0,271.0452488687783,3946.479948522122,LYN;SYK;HLA-DRB1,Latent_11
GO_Biological_Process_2023,Regulation Of Inflammatory Response To Antigenic Stimulus (GO:0002861),3/17,5.762613044844332e-07,6.273990462457743e-05,0,0,251.67226890756305,3615.7011498247193,LYN;SYK;HLA-DRB1,Latent_11
GO_Biological_Process_2023,Peptide Antigen Assembly With MHC Protein Complex (GO:0002501),3/18,6.910743741904565e-07,6.273990462457743e-05,0,0,234.8823529411765,3331.8104950829,HLA-DRA;HLA-DRB1;HLA-DPA1,Latent_11
GO_Biological_Process_2023,Immunoglobulin Production Involved In Immunoglobulin-Mediated Immune Response (GO:0002381),3/19,8.201294722166984e-07,6.273990462457743e-05,0,0,220.19117647058823,3085.7159050798964,HLA-DRA;HLA-DRB1;HLA-DPA1,Latent_11
GO_Biological_Process_2023,Positive Regulation Of Alpha-Beta T Cell Activation (GO:0046635),3/19,8.201294722166984e-07,6.273990462457743e-05,0,0,220.19117647058823,3085.7159050798964,SYK;HLA-DRA;HLA-DRB1,Latent_11
KEGG_2021_Human,MHC Class II Protein Complex Assembly (GO:0002399),3/14,3.090573771855685e-07,6.273990462457743e-05,0,0,320.3582887700535,4802.087100103054,HLA-DRA;HLA-DRB1;HLA-DPA1,Latent_11
KEGG_2021_Human,Peptide Antigen Assembly With MHC Class II Protein Complex (GO:0002503),3/14,3.090573771855685e-07,6.273990462457743e-05,0,0,320.3582887700535,4802.087100103054,HLA-DRA;HLA-DRB1;HLA-DPA1,Latent_11
KEGG_2021_Human,Negative Regulation Of Inflammatory Response To Antigenic Stimulus (GO:0002862),3/16,4.748696385083876e-07,6.273990462457743e-05,0,0,271.0452488687783,3946.479948522122,LYN;SYK;HLA-DRB1,Latent_11
KEGG_2021_Human,Regulation Of Inflammatory Response To Antigenic Stimulus (GO:0002861),3/17,5.762613044844332e-07,6.273990462457743e-05,0,0,251.67226890756305,3615.7011498247193,LYN;SYK;HLA-DRB1,Latent_11
KEGG_2021_Human,Peptide Antigen Assembly With MHC Protein Complex (GO:0002501),3/18,6.910743741904565e-07,6.273990462457743e-05,0,0,234.8823529411765,3331.8104950829,HLA-DRA;HLA-DRB1;HLA-DPA1,Latent_11
KEGG_2021_Human,Immunoglobulin Production Involved In Immunoglobulin-Mediated Immune Response (GO:0002381),3/19,8.201294722166984e-07,6.273990462457743e-05,0,0,220.19117647058823,3085.7159050798964,HLA-DRA;HLA-DRB1;HLA-DPA1,Latent_11
KEGG_2021_Human,Positive Regulation Of Alpha-Beta T Cell Activation (GO:0046635),3/19,8.201294722166984e-07,6.273990462457743e-05,0,0,220.19117647058823,3085.7159050798964,SYK;HLA-DRA;HLA-DRB1,Latent_11
GO_Biological_Process_2023,Regulation Of Immune Response (GO:0050776),4/77,9.387488997701564e-07,6.383492518437063e-05,0,0,68.17465753424658,946.1768334306304,LYN;SYK;HLA-DRA;HLA-DRB1,Latent_11
KEGG_2021_Human,Regulation Of Immune Response (GO:0050776),4/77,9.387488997701564e-07,6.383492518437063e-05,0,0,68.17465753424658,946.1768334306304,LYN;SYK;HLA-DRA;HLA-DRB1,Latent_11
GO_Biological_Process_2023,Antigen Processing And Presentation Of Exogenous Peptide Antigen Via MHC Class II (GO:0019886),3/26,2.1907791586236774e-06,0.00013407568450776906,0,0,153.1227621483376,1995.3814991245245,HLA-DRA;HLA-DRB1;HLA-DPA1,Latent_11
KEGG_2021_Human,Antigen Processing And Presentation Of Exogenous Peptide Antigen Via MHC Class II (GO:0019886),3/26,2.1907791586236774e-06,0.00013407568450776906,0,0,153.1227621483376,1995.3814991245245,HLA-DRA;HLA-DRB1;HLA-DPA1,Latent_11
GO_Biological_Process_2023,Antigen Processing And Presentation Of Peptide Antigen Via MHC Class II (GO:0002495),3/28,2.756870805011792e-06,0.00015338226660611062,0,0,140.85882352941175,1803.1921560828853,HLA-DRA;HLA-DRB1;HLA-DPA1,Latent_11
KEGG_2021_Human,Antigen Processing And Presentation Of Peptide Antigen Via MHC Class II (GO:0002495),3/28,2.756870805011792e-06,0.00015338226660611062,0,0,140.85882352941175,1803.1921560828853,HLA-DRA;HLA-DRB1;HLA-DPA1,Latent_11
GO_Biological_Process_2023,Regulation Of ERK1 And ERK2 Cascade (GO:0070372),5/244,3.46271209726872e-06,0.00017659831696070473,0,0,27.532775453277544,346.182207701346,LYN;APP;CD74;SYK;HLA-DRB1,Latent_11
KEGG_2021_Human,Regulation Of ERK1 And ERK2 Cascade (GO:0070372),5/244,3.46271209726872e-06,0.00017659831696070473,0,0,27.532775453277544,346.182207701346,LYN;APP;CD74;SYK;HLA-DRB1,Latent_11
GO_Biological_Process_2023,Antigen Processing And Presentation Of Exogenous Peptide Antigen (GO:0002478),3/31,3.775486561735298e-06,0.00017773829044476943,0,0,125.74789915966386,1570.2116644461864,HLA-DRA;HLA-DRB1;HLA-DPA1,Latent_11
KEGG_2021_Human,Antigen Processing And Presentation Of Exogenous Peptide Antigen (GO:0002478),3/31,3.775486561735298e-06,0.00017773829044476943,0,0,125.74789915966386,1570.2116644461864,HLA-DRA;HLA-DRB1;HLA-DPA1,Latent_11
GO_Biological_Process_2023,Antigen Receptor-Mediated Signaling Pathway (GO:0050851),4/134,8.587970710364753e-06,0.00037541700533880206,0,0,38.17307692307692,445.2945953007825,MEF2C;SYK;HLA-DRB1;HLA-DPA1,Latent_11
KEGG_2021_Human,Antigen Receptor-Mediated Signaling Pathway (GO:0050851),4/134,8.587970710364753e-06,0.00037541700533880206,0,0,38.17307692307692,445.2945953007825,MEF2C;SYK;HLA-DRB1;HLA-DPA1,Latent_11
GO_Biological_Process_2023,"Positive Regulation Of CD4-positive, CD25-positive, Alpha-Beta Regulatory T Cell Differentiation (GO:0032831)",2/5,9.482777500558208e-06,0.0003868973220227748,0,0,739.8888888888889,8557.579526684436,HLA-DRA;HLA-DRB1,Latent_11
KEGG_2021_Human,"Positive Regulation Of CD4-positive, CD25-positive, Alpha-Beta Regulatory T Cell Differentiation (GO:0032831)",2/5,9.482777500558208e-06,0.0003868973220227748,0,0,739.8888888888889,8557.579526684436,HLA-DRA;HLA-DRB1,Latent_11
GO_Biological_Process_2023,Positive Regulation Of Leukocyte Cell-Cell Adhesion (GO:1903039),3/44,1.1032325952813076e-05,0.00039716373430127074,0,0,85.8206599713056,979.6154457787004,HLA-DRA;HLA-DRB1;HLA-DPA1,Latent_11
GO_Biological_Process_2023,Regulation Of B Cell Proliferation (GO:0030888),3/44,1.1032325952813076e-05,0.00039716373430127074,0,0,85.8206599713056,979.6154457787004,LYN;CD74;MEF2C,Latent_11
KEGG_2021_Human,Positive Regulation Of Leukocyte Cell-Cell Adhesion (GO:1903039),3/44,1.1032325952813076e-05,0.00039716373430127074,0,0,85.8206599713056,979.6154457787004,HLA-DRA;HLA-DRB1;HLA-DPA1,Latent_11
KEGG_2021_Human,Regulation Of B Cell Proliferation (GO:0030888),3/44,1.1032325952813076e-05,0.00039716373430127074,0,0,85.8206599713056,979.6154457787004,LYN;CD74;MEF2C,Latent_11
GO_Biological_Process_2023,Positive Regulation Of Lymphocyte Activation (GO:0051251),3/47,1.3481397438261951e-05,0.00045789498220108536,0,0,79.9572192513369,896.6562313634217,HLA-DRA;HLA-DRB1;HLA-DPA1,Latent_11
GO_Biological_Process_2023,Regulation Of T-helper Cell Differentiation (GO:0045622),2/6,1.421569389186376e-05,0.00045789498220108536,0,0,554.8888888888889,6193.205890662571,HLA-DRA;HLA-DRB1,Latent_11
KEGG_2021_Human,Positive Regulation Of Lymphocyte Activation (GO:0051251),3/47,1.3481397438261951e-05,0.00045789498220108536,0,0,79.9572192513369,896.6562313634217,HLA-DRA;HLA-DRB1;HLA-DPA1,Latent_11
KEGG_2021_Human,Regulation Of T-helper Cell Differentiation (GO:0045622),2/6,1.421569389186376e-05,0.00045789498220108536,0,0,554.8888888888889,6193.205890662571,HLA-DRA;HLA-DRB1,Latent_11
GO_Biological_Process_2023,Positive Regulation Of B Cell Activation (GO:0050871),3/52,1.831583965346457e-05,0.0005010257609919666,0,0,71.78031212484994,782.9612916996459,CD74;MEF2C;SYK,Latent_11
GO_Biological_Process_2023,Positive Regulation Of Chemokine Production (GO:0032722),3/53,1.940242439066148e-05,0.0005010257609919666,0,0,70.34117647058824,763.2096802766982,APP;CD74;SYK,Latent_11
GO_Biological_Process_2023,Regulation Of Leukocyte Degranulation (GO:0043300),2/7,1.989010047124072e-05,0.0005010257609919666,0,0,443.8888888888889,4805.225245888672,LYN;SYK,Latent_11
GO_Biological_Process_2023,"Positive Regulation Of CD4-positive, Alpha-Beta T Cell Differentiation (GO:0043372)",2/7,1.989010047124072e-05,0.0005010257609919666,0,0,443.8888888888889,4805.225245888672,HLA-DRA;HLA-DRB1,Latent_11
GO_Biological_Process_2023,"Regulation Of CD4-positive, Alpha-Beta T Cell Activation (GO:2000514)",2/7,1.989010047124072e-05,0.0005010257609919666,0,0,443.8888888888889,4805.225245888672,HLA-DRA;HLA-DRB1,Latent_11
GO_Biological_Process_2023,Regulation Of Cytokine Production (GO:0001817),4/167,2.046673860261301e-05,0.0005010257609919666,0,0,30.394171779141104,328.1570430921782,LYN;IRF8;HDAC9;HLA-DRB1,Latent_11
KEGG_2021_Human,Positive Regulation Of B Cell Activation (GO:0050871),3/52,1.831583965346457e-05,0.0005010257609919666,0,0,71.78031212484994,782.9612916996459,CD74;MEF2C;SYK,Latent_11
KEGG_2021_Human,Positive Regulation Of Chemokine Production (GO:0032722),3/53,1.940242439066148e-05,0.0005010257609919666,0,0,70.34117647058824,763.2096802766982,APP;CD74;SYK,Latent_11
KEGG_2021_Human,Regulation Of Leukocyte Degranulation (GO:0043300),2/7,1.989010047124072e-05,0.0005010257609919666,0,0,443.8888888888889,4805.225245888672,LYN;SYK,Latent_11
KEGG_2021_Human,"Positive Regulation Of CD4-positive, Alpha-Beta T Cell Differentiation (GO:0043372)",2/7,1.989010047124072e-05,0.0005010257609919666,0,0,443.8888888888889,4805.225245888672,HLA-DRA;HLA-DRB1,Latent_11
KEGG_2021_Human,"Regulation Of CD4-positive, Alpha-Beta T Cell Activation (GO:2000514)",2/7,1.989010047124072e-05,0.0005010257609919666,0,0,443.8888888888889,4805.225245888672,HLA-DRA;HLA-DRB1,Latent_11
KEGG_2021_Human,Regulation Of Cytokine Production (GO:0001817),4/167,2.046673860261301e-05,0.0005010257609919666,0,0,30.394171779141104,328.1570430921782,LYN;IRF8;HDAC9;HLA-DRB1,Latent_11
GO_Biological_Process_2023,Positive Regulation Of Memory T Cell Differentiation (GO:0043382),2/8,2.650430025143172e-05,0.0006238704520721622,0,0,369.8888888888889,3897.964407357134,HLA-DRA;HLA-DRB1,Latent_11
KEGG_2021_Human,Positive Regulation Of Memory T Cell Differentiation (GO:0043382),2/8,2.650430025143172e-05,0.0006238704520721622,0,0,369.8888888888889,3897.964407357134,HLA-DRA;HLA-DRB1,Latent_11
GO_Biological_Process_2023,Regulation Of T Cell Activation (GO:0050863),3/62,3.1145039317832526e-05,0.000651332436775324,0,0,59.584247258225325,618.2971284537232,HLA-DRA;HLA-DRB1;HLA-DPA1,Latent_11
GO_Biological_Process_2023,B Cell Homeostasis (GO:0001782),2/9,3.405659800132413e-05,0.000651332436775324,0,0,317.031746031746,3261.459893047559,LYN;MEF2C,Latent_11
GO_Biological_Process_2023,Positive Regulation Of Leukocyte Apoptotic Process (GO:2000108),2/9,3.405659800132413e-05,0.000651332436775324,0,0,317.031746031746,3261.459893047559,LYN;MEF2C,Latent_11
GO_Biological_Process_2023,Positive Regulation Of Monocyte Differentiation (GO:0045657),2/9,3.405659800132413e-05,0.000651332436775324,0,0,317.031746031746,3261.459893047559,CD74;HLA-DRB1,Latent_11
GO_Biological_Process_2023,Regulation Of Memory T Cell Differentiation (GO:0043380),2/9,3.405659800132413e-05,0.000651332436775324,0,0,317.031746031746,3261.459893047559,HLA-DRA;HLA-DRB1,Latent_11
GO_Biological_Process_2023,Regulation Of Myeloid Leukocyte Mediated Immunity (GO:0002886),2/9,3.405659800132413e-05,0.000651332436775324,0,0,317.031746031746,3261.459893047559,LYN;SYK,Latent_11
KEGG_2021_Human,Regulation Of T Cell Activation (GO:0050863),3/62,3.1145039317832526e-05,0.000651332436775324,0,0,59.584247258225325,618.2971284537232,HLA-DRA;HLA-DRB1;HLA-DPA1,Latent_11
KEGG_2021_Human,B Cell Homeostasis (GO:0001782),2/9,3.405659800132413e-05,0.000651332436775324,0,0,317.031746031746,3261.459893047559,LYN;MEF2C,Latent_11
KEGG_2021_Human,Positive Regulation Of Leukocyte Apoptotic Process (GO:2000108),2/9,3.405659800132413e-05,0.000651332436775324,0,0,317.031746031746,3261.459893047559,LYN;MEF2C,Latent_11
KEGG_2021_Human,Positive Regulation Of Monocyte Differentiation (GO:0045657),2/9,3.405659800132413e-05,0.000651332436775324,0,0,317.031746031746,3261.459893047559,CD74;HLA-DRB1,Latent_11
KEGG_2021_Human,Regulation Of Memory T Cell Differentiation (GO:0043380),2/9,3.405659800132413e-05,0.000651332436775324,0,0,317.031746031746,3261.459893047559,HLA-DRA;HLA-DRB1,Latent_11
KEGG_2021_Human,Regulation Of Myeloid Leukocyte Mediated Immunity (GO:0002886),2/9,3.405659800132413e-05,0.000651332436775324,0,0,317.031746031746,3261.459893047559,LYN;SYK,Latent_11
GO_Biological_Process_2023,Negative Regulation Of Immune Response (GO:0050777),3/66,3.758775479037288e-05,0.0006970819979305517,0,0,55.78991596638655,568.4340939675292,LYN;SYK;HLA-DRB1,Latent_11
KEGG_2021_Human,Negative Regulation Of Immune Response (GO:0050777),3/66,3.758775479037288e-05,0.0006970819979305517,0,0,55.78991596638655,568.4340939675292,LYN;SYK;HLA-DRB1,Latent_11
GO_Biological_Process_2023,Regulation Of MAPK Cascade (GO:0043408),4/204,4.479782076613441e-05,0.0008063607737904194,0,0,24.725,247.58010504107028,LYN;CD74;SYK;HLA-DRB1,Latent_11
KEGG_2021_Human,Regulation Of MAPK Cascade (GO:0043408),4/204,4.479782076613441e-05,0.0008063607737904194,0,0,24.725,247.58010504107028,LYN;CD74;SYK;HLA-DRB1,Latent_11
GO_Biological_Process_2023,Regulation Of Homotypic Cell-Cell Adhesion (GO:0034110),2/11,5.196871583395421e-05,0.0008762575654490284,0,0,246.55555555555557,2432.238167772633,LYN;SYK,Latent_11
GO_Biological_Process_2023,"Regulation Of CD4-positive, Alpha-Beta T Cell Differentiation (GO:0043370)",2/11,5.196871583395421e-05,0.0008762575654490284,0,0,246.55555555555557,2432.238167772633,HLA-DRA;HLA-DRB1,Latent_11
GO_Biological_Process_2023,Positive Regulation Of Lymphocyte Proliferation (GO:0050671),3/74,5.297635608106871e-05,0.0008762575654490284,0,0,49.48384424192212,487.20134617403886,CD74;MEF2C;HLA-DPA1,Latent_11
KEGG_2021_Human,Regulation Of Homotypic Cell-Cell Adhesion (GO:0034110),2/11,5.196871583395421e-05,0.0008762575654490284,0,0,246.55555555555557,2432.238167772633,LYN;SYK,Latent_11
KEGG_2021_Human,"Regulation Of CD4-positive, Alpha-Beta T Cell Differentiation (GO:0043370)",2/11,5.196871583395421e-05,0.0008762575654490284,0,0,246.55555555555557,2432.238167772633,HLA-DRA;HLA-DRB1,Latent_11
KEGG_2021_Human,Positive Regulation Of Lymphocyte Proliferation (GO:0050671),3/74,5.297635608106871e-05,0.0008762575654490284,0,0,49.48384424192212,487.20134617403886,CD74;MEF2C;HLA-DPA1,Latent_11
GO_Biological_Process_2023,Positive Regulation Of Interleukin-6 Production (GO:0032755),3/76,5.737834681405649e-05,0.0009240933750053308,0,0,48.12328767123287,469.9644989426725,APP;CD74;SYK,Latent_11
KEGG_2021_Human,Positive Regulation Of Interleukin-6 Production (GO:0032755),3/76,5.737834681405649e-05,0.0009240933750053308,0,0,48.12328767123287,469.9644989426725,APP;CD74;SYK,Latent_11
GO_Biological_Process_2023,Positive Regulation Of Viral Entry Into Host Cell (GO:0046598),2/12,6.232515501994467e-05,0.0009303169481025888,0,0,221.88888888888889,2148.58238291385,CD74;HLA-DRB1,Latent_11
GO_Biological_Process_2023,Positive Regulation By Symbiont Of Entry Into Host (GO:0075294),2/12,6.232515501994467e-05,0.0009303169481025888,0,0,221.88888888888889,2148.58238291385,CD74;HLA-DRB1,Latent_11
GO_Biological_Process_2023,"Positive Regulation Of CD4-positive, Alpha-Beta T Cell Activation (GO:2000516)",2/12,6.232515501994467e-05,0.0009303169481025888,0,0,221.88888888888889,2148.58238291385,HLA-DRA;HLA-DRB1,Latent_11
KEGG_2021_Human,Positive Regulation Of Viral Entry Into Host Cell (GO:0046598),2/12,6.232515501994467e-05,0.0009303169481025888,0,0,221.88888888888889,2148.58238291385,CD74;HLA-DRB1,Latent_11
KEGG_2021_Human,Positive Regulation By Symbiont Of Entry Into Host (GO:0075294),2/12,6.232515501994467e-05,0.0009303169481025888,0,0,221.88888888888889,2148.58238291385,CD74;HLA-DRB1,Latent_11
KEGG_2021_Human,"Positive Regulation Of CD4-positive, Alpha-Beta T Cell Activation (GO:2000516)",2/12,6.232515501994467e-05,0.0009303169481025888,0,0,221.88888888888889,2148.58238291385,HLA-DRA;HLA-DRB1,Latent_11
GO_Biological_Process_2023,Positive Regulation Of Protein Modification Process (GO:0031401),4/225,6.558667051166727e-05,0.0009303465680070952,0,0,22.351809954751133,215.29571973447392,LYN;APP;CD74;HLA-DRB1,Latent_11
GO_Biological_Process_2023,Positive Regulation Of Immune Response (GO:0050778),3/80,6.68876617521441e-05,0.0009303465680070952,0,0,45.61420932009168,438.4664062773074,CD74;HLA-DRA;HLA-DRB1,Latent_11
GO_Biological_Process_2023,Response To Type II Interferon (GO:0034341),3/80,6.68876617521441e-05,0.0009303465680070952,0,0,45.61420932009168,438.4664062773074,CD74;IRF8;HLA-DPA1,Latent_11
KEGG_2021_Human,Positive Regulation Of Protein Modification Process (GO:0031401),4/225,6.558667051166727e-05,0.0009303465680070952,0,0,22.351809954751133,215.29571973447392,LYN;APP;CD74;HLA-DRB1,Latent_11
KEGG_2021_Human,Positive Regulation Of Immune Response (GO:0050778),3/80,6.68876617521441e-05,0.0009303465680070952,0,0,45.61420932009168,438.4664062773074,CD74;HLA-DRA;HLA-DRB1,Latent_11
KEGG_2021_Human,Response To Type II Interferon (GO:0034341),3/80,6.68876617521441e-05,0.0009303465680070952,0,0,45.61420932009168,438.4664062773074,CD74;IRF8;HLA-DPA1,Latent_11
GO_Biological_Process_2023,Positive Regulation Of Phosphorylation (GO:0042327),4/231,7.2637996113598e-05,0.0009793720308680226,0,0,21.75440528634361,207.31996990799115,LYN;APP;CD74;HLA-DRB1,Latent_11
GO_Biological_Process_2023,Regulation Of Immune Effector Process (GO:0002697),2/13,7.361293042472065e-05,0.0009793720308680226,0,0,201.7070707070707,1919.5836350009777,HLA-DRA;HLA-DRB1,Latent_11
KEGG_2021_Human,Positive Regulation Of Phosphorylation (GO:0042327),4/231,7.2637996113598e-05,0.0009793720308680226,0,0,21.75440528634361,207.31996990799115,LYN;APP;CD74;HLA-DRB1,Latent_11
KEGG_2021_Human,Regulation Of Immune Effector Process (GO:0002697),2/13,7.361293042472065e-05,0.0009793720308680226,0,0,201.7070707070707,1919.5836350009777,HLA-DRA;HLA-DRB1,Latent_11
GO_Biological_Process_2023,Regulation Of Leukocyte Activation (GO:0002694),2/14,8.583035665856277e-05,0.0010943370473966,0,0,184.88888888888889,1731.1401456194585,LYN;CD74,Latent_11
GO_Biological_Process_2023,Regulation Of Mast Cell Degranulation (GO:0043304),2/14,8.583035665856277e-05,0.0010943370473966,0,0,184.88888888888889,1731.1401456194585,LYN;SYK,Latent_11
KEGG_2021_Human,Regulation Of Leukocyte Activation (GO:0002694),2/14,8.583035665856277e-05,0.0010943370473966,0,0,184.88888888888889,1731.1401456194585,LYN;CD74,Latent_11
KEGG_2021_Human,Regulation Of Mast Cell Degranulation (GO:0043304),2/14,8.583035665856277e-05,0.0010943370473966,0,0,184.88888888888889,1731.1401456194585,LYN;SYK,Latent_11
GO_Biological_Process_2023,Regulation Of Monocyte Differentiation (GO:0045655),2/15,9.897575036981038e-05,0.0012361869229862,0,0,170.65811965811966,1573.5763478145914,CD74;HLA-DRB1,Latent_11
KEGG_2021_Human,Regulation Of Monocyte Differentiation (GO:0045655),2/15,9.897575036981038e-05,0.0012361869229862,0,0,170.65811965811966,1573.5763478145914,CD74;HLA-DRB1,Latent_11
GO_Biological_Process_2023,Regulation Of Protein Phosphorylation (GO:0001932),4/265,0.00012350216140739027,0.0015116664556264,0,0,18.88793103448276,169.97724926377555,LYN;APP;CD74;HLA-DRB1,Latent_11
KEGG_2021_Human,Regulation Of Protein Phosphorylation (GO:0001932),4/265,0.00012350216140739027,0.0015116664556264,0,0,18.88793103448276,169.97724926377555,LYN;APP;CD74;HLA-DRB1,Latent_11
GO_Biological_Process_2023,Positive Regulation Of Regulatory T Cell Differentiation (GO:0045591),2/17,0.0001280437171265482,0.0015365246055185,0,0,147.88888888888889,1325.548639908665,HLA-DRA;HLA-DRB1,Latent_11
KEGG_2021_Human,Positive Regulation Of Regulatory T Cell Differentiation (GO:0045591),2/17,0.0001280437171265482,0.0015365246055185,0,0,147.88888888888889,1325.548639908665,HLA-DRA;HLA-DRB1,Latent_11
GO_Biological_Process_2023,Positive Regulation Of DNA-templated Transcription (GO:0045893),7/1243,0.00013315340774418415,0.0015671131834507,0,0,8.165795369678865,72.87162853567932,APP;CD74;MEF2C;ZEB2;IRF8;TCF4;HLA-DRB1,Latent_11
KEGG_2021_Human,Positive Regulation Of DNA-templated Transcription (GO:0045893),7/1243,0.00013315340774418415,0.0015671131834507,0,0,8.165795369678865,72.87162853567932,APP;CD74;MEF2C;ZEB2;IRF8;TCF4;HLA-DRB1,Latent_11
GO_Biological_Process_2023,Positive Regulation Of Intracellular Signal Transduction (GO:1902533),5/525,0.00013673189301883302,0.0015788663873118,0,0,12.474358974358974,110.99046595331048,LYN;APP;CD74;PIK3AP1;HLA-DRB1,Latent_11
KEGG_2021_Human,Positive Regulation Of Intracellular Signal Transduction (GO:1902533),5/525,0.00013673189301883302,0.0015788663873118,0,0,12.474358974358974,110.99046595331048,LYN;APP;CD74;PIK3AP1;HLA-DRB1,Latent_11
GO_Biological_Process_2023,Positive Regulation Of T Cell Activation (GO:0050870),3/107,0.00015883263691889363,0.001757351502161,0,0,33.7262443438914,295.0257020076404,HLA-DRA;HLA-DRB1;HLA-DPA1,Latent_11
GO_Biological_Process_2023,Stimulatory C-type Lectin Receptor Signaling Pathway (GO:0002223),2/19,0.0001608034054265043,0.001757351502161,0,0,130.47712418300654,1139.760479290825,LYN;SYK,Latent_11
GO_Biological_Process_2023,Cellular Response To Lectin (GO:1990858),2/19,0.0001608034054265043,0.001757351502161,0,0,130.47712418300654,1139.760479290825,LYN;SYK,Latent_11
KEGG_2021_Human,Positive Regulation Of T Cell Activation (GO:0050870),3/107,0.00015883263691889363,0.001757351502161,0,0,33.7262443438914,295.0257020076404,HLA-DRA;HLA-DRB1;HLA-DPA1,Latent_11
KEGG_2021_Human,Stimulatory C-type Lectin Receptor Signaling Pathway (GO:0002223),2/19,0.0001608034054265043,0.001757351502161,0,0,130.47712418300654,1139.760479290825,LYN;SYK,Latent_11
KEGG_2021_Human,Cellular Response To Lectin (GO:1990858),2/19,0.0001608034054265043,0.001757351502161,0,0,130.47712418300654,1139.760479290825,LYN;SYK,Latent_11
GO_Biological_Process_2023,Negative Regulation Of Inflammatory Response (GO:0050728),3/111,0.0001770499234811784,0.0018841523596598,0,0,32.47058823529412,280.5159708235259,LYN;SYK;HLA-DRB1,Latent_11
GO_Biological_Process_2023,Fc-gamma Receptor Signaling Pathway Involved In Phagocytosis (GO:0038096),2/20,0.00017856345892201654,0.0018841523596598,0,0,123.22222222222224,1063.4775841223657,LYN;SYK,Latent_11
KEGG_2021_Human,Negative Regulation Of Inflammatory Response (GO:0050728),3/111,0.0001770499234811784,0.0018841523596598,0,0,32.47058823529412,280.5159708235259,LYN;SYK;HLA-DRB1,Latent_11
KEGG_2021_Human,Fc-gamma Receptor Signaling Pathway Involved In Phagocytosis (GO:0038096),2/20,0.00017856345892201654,0.0018841523596598,0,0,123.22222222222224,1063.4775841223657,LYN;SYK,Latent_11
GO_Biological_Process_2023,Regulation Of Interleukin-6 Production (GO:0032675),3/114,0.0001915686685451725,0.0019871190703329,0,0,31.58823529411765,270.4036407129932,APP;CD74;SYK,Latent_11
KEGG_2021_Human,Regulation Of Interleukin-6 Production (GO:0032675),3/114,0.0001915686685451725,0.0019871190703329,0,0,31.58823529411765,270.4036407129932,APP;CD74;SYK,Latent_11
GO_Biological_Process_2023,Antigen Processing And Presentation Of Endogenous Peptide Antigen (GO:0002483),2/21,0.000197241423521882,0.0020118625199231,0,0,116.7309941520468,995.841692324286,HLA-DRA;HLA-DRB1,Latent_11
KEGG_2021_Human,Antigen Processing And Presentation Of Endogenous Peptide Antigen (GO:0002483),2/21,0.000197241423521882,0.0020118625199231,0,0,116.7309941520468,995.841692324286,HLA-DRA;HLA-DRB1,Latent_11
GO_Biological_Process_2023,Fc Receptor Mediated Stimulatory Signaling Pathway (GO:0002431),2/22,0.00021683563043902655,0.0020734907160731,0,0,110.88888888888889,935.4998014387868,LYN;SYK,Latent_11
GO_Biological_Process_2023,Fc-epsilon Receptor Signaling Pathway (GO:0038095),2/22,0.00021683563043902655,0.0020734907160731,0,0,110.88888888888889,935.4998014387868,LYN;SYK,Latent_11
GO_Biological_Process_2023,Positive Regulation Of Viral Life Cycle (GO:1903902),2/22,0.00021683563043902655,0.0020734907160731,0,0,110.88888888888889,935.4998014387868,CD74;HLA-DRB1,Latent_11
GO_Biological_Process_2023,Dendritic Cell Differentiation (GO:0097028),2/22,0.00021683563043902655,0.0020734907160731,0,0,110.88888888888889,935.4998014387868,LYN;IRF8,Latent_11
KEGG_2021_Human,Fc Receptor Mediated Stimulatory Signaling Pathway (GO:0002431),2/22,0.00021683563043902655,0.0020734907160731,0,0,110.88888888888889,935.4998014387868,LYN;SYK,Latent_11
KEGG_2021_Human,Fc-epsilon Receptor Signaling Pathway (GO:0038095),2/22,0.00021683563043902655,0.0020734907160731,0,0,110.88888888888889,935.4998014387868,LYN;SYK,Latent_11
KEGG_2021_Human,Positive Regulation Of Viral Life Cycle (GO:1903902),2/22,0.00021683563043902655,0.0020734907160731,0,0,110.88888888888889,935.4998014387868,CD74;HLA-DRB1,Latent_11
KEGG_2021_Human,Dendritic Cell Differentiation (GO:0097028),2/22,0.00021683563043902655,0.0020734907160731,0,0,110.88888888888889,935.4998014387868,LYN;IRF8,Latent_11
GO_Biological_Process_2023,Positive Regulation Of MAPK Cascade (GO:0043410),4/310,0.0002254316380915369,0.002122525577108,0,0,16.073529411764707,134.9773603969322,APP;CD74;MEF2C;HLA-DRB1,Latent_11
KEGG_2021_Human,Positive Regulation Of MAPK Cascade (GO:0043410),4/310,0.0002254316380915369,0.002122525577108,0,0,16.073529411764707,134.9773603969322,APP;CD74;MEF2C;HLA-DRB1,Latent_11
GO_Biological_Process_2023,Regulation Of Interleukin-4 Production (GO:0032673),2/23,0.0002373444131594564,0.0022008300129331,0,0,105.6031746031746,881.3639106067293,SYK;HLA-DRB1,Latent_11
KEGG_2021_Human,Regulation Of Interleukin-4 Production (GO:0032673),2/23,0.0002373444131594564,0.0022008300129331,0,0,105.6031746031746,881.3639106067293,SYK;HLA-DRB1,Latent_11
GO_Biological_Process_2023,Positive Regulation Of Cytokine Production (GO:0001819),4/320,0.0002544719946539349,0.0022951428628632,0,0,15.556962025316457,128.7543923507482,APP;CD74;SYK;HLA-DPA1,Latent_11
GO_Biological_Process_2023,Fc-gamma Receptor Signaling Pathway (GO:0038094),2/24,0.00025876610708752327,0.0022951428628632,0,0,100.7979797979798,832.5495793111635,LYN;SYK,Latent_11
GO_Biological_Process_2023,Mononuclear Cell Differentiation (GO:1903131),2/24,0.00025876610708752327,0.0022951428628632,0,0,100.7979797979798,832.5495793111635,LYN;IRF8,Latent_11
KEGG_2021_Human,Positive Regulation Of Cytokine Production (GO:0001819),4/320,0.0002544719946539349,0.0022951428628632,0,0,15.556962025316457,128.7543923507482,APP;CD74;SYK;HLA-DPA1,Latent_11
KEGG_2021_Human,Fc-gamma Receptor Signaling Pathway (GO:0038094),2/24,0.00025876610708752327,0.0022951428628632,0,0,100.7979797979798,832.5495793111635,LYN;SYK,Latent_11
KEGG_2021_Human,Mononuclear Cell Differentiation (GO:1903131),2/24,0.00025876610708752327,0.0022951428628632,0,0,100.7979797979798,832.5495793111635,LYN;IRF8,Latent_11
GO_Biological_Process_2023,Regulation Of Platelet Aggregation (GO:0090330),2/25,0.0002810990498662536,0.0024576088359735,0,0,96.41062801932368,788.3307567801231,LYN;SYK,Latent_11
KEGG_2021_Human,Regulation Of Platelet Aggregation (GO:0090330),2/25,0.0002810990498662536,0.0024576088359735,0,0,96.41062801932368,788.3307567801231,LYN;SYK,Latent_11
GO_Biological_Process_2023,Fc Receptor Signaling Pathway (GO:0038093),2/26,0.00030434158117427734,0.0025869034399813,0,0,92.38888888888889,748.1060808668657,LYN;SYK,Latent_11
GO_Biological_Process_2023,Regulation Of Myeloid Cell Differentiation (GO:0045637),2/26,0.00030434158117427734,0.0025869034399813,0,0,92.38888888888889,748.1060808668657,LYN;MEF2C,Latent_11
KEGG_2021_Human,Fc Receptor Signaling Pathway (GO:0038093),2/26,0.00030434158117427734,0.0025869034399813,0,0,92.38888888888889,748.1060808668657,LYN;SYK,Latent_11
KEGG_2021_Human,Regulation Of Myeloid Cell Differentiation (GO:0045637),2/26,0.00030434158117427734,0.0025869034399813,0,0,92.38888888888889,748.1060808668657,LYN;MEF2C,Latent_11
GO_Biological_Process_2023,Regulation Of Platelet Activation (GO:0010543),2/28,0.0003535487787187227,0.0029639979804912,0,0,85.27350427350427,677.710245242856,LYN;SYK,Latent_11
KEGG_2021_Human,Regulation Of Platelet Activation (GO:0010543),2/28,0.0003535487787187227,0.0029639979804912,0,0,85.27350427350427,677.710245242856,LYN;SYK,Latent_11
GO_Biological_Process_2023,Positive Regulation Of B Cell Proliferation (GO:0030890),2/29,0.0003795101348772626,0.0031386513857416,0,0,82.11111111111111,646.758779988934,CD74;MEF2C,Latent_11
KEGG_2021_Human,Positive Regulation Of B Cell Proliferation (GO:0030890),2/29,0.0003795101348772626,0.0031386513857416,0,0,82.11111111111111,646.758779988934,CD74;MEF2C,Latent_11
GO_Biological_Process_2023,Innate Immune Response Activating Cell Surface Receptor Signaling Pathway (GO:0002220),2/30,0.00040637445946356223,0.0033160155892226,0,0,79.17460317460318,618.2139479571657,LYN;SYK,Latent_11
KEGG_2021_Human,Innate Immune Response Activating Cell Surface Receptor Signaling Pathway (GO:0002220),2/30,0.00040637445946356223,0.0033160155892226,0,0,79.17460317460318,618.2139479571657,LYN;SYK,Latent_11
GO_Biological_Process_2023,Neuron Development (GO:0048666),3/150,0.0004292373591480759,0.0034564903131397,0,0,23.809123649459785,184.60405229479696,LYN;APP;MEF2C,Latent_11
KEGG_2021_Human,Neuron Development (GO:0048666),3/150,0.0004292373591480759,0.0034564903131397,0,0,23.809123649459785,184.60405229479696,LYN;APP;MEF2C,Latent_11
GO_Biological_Process_2023,Positive Regulation Of Protein Phosphorylation (GO:0001934),4/377,0.0004739360146944656,0.0037668680648443,0,0,13.14142091152815,100.5901946937013,LYN;APP;CD74;HLA-DRB1,Latent_11
KEGG_2021_Human,Positive Regulation Of Protein Phosphorylation (GO:0001934),4/377,0.0004739360146944656,0.0037668680648443,0,0,13.14142091152815,100.5901946937013,LYN;APP;CD74;HLA-DRB1,Latent_11
GO_Biological_Process_2023,Positive Regulation Of T Cell Mediated Cytotoxicity (GO:0001916),2/33,0.0004923687563769557,0.0038142997329455,0,0,71.50179211469533,544.5778563946176,HLA-DRA;HLA-DRB1,Latent_11
GO_Biological_Process_2023,Regulation Of Cell Adhesion Mediated By Integrin (GO:0033628),2/33,0.0004923687563769557,0.0038142997329455,0,0,71.50179211469533,544.5778563946176,LYN;SYK,Latent_11
KEGG_2021_Human,Positive Regulation Of T Cell Mediated Cytotoxicity (GO:0001916),2/33,0.0004923687563769557,0.0038142997329455,0,0,71.50179211469533,544.5778563946176,HLA-DRA;HLA-DRB1,Latent_11
KEGG_2021_Human,Regulation Of Cell Adhesion Mediated By Integrin (GO:0033628),2/33,0.0004923687563769557,0.0038142997329455,0,0,71.50179211469533,544.5778563946176,LYN;SYK,Latent_11
GO_Biological_Process_2023,Macrophage Activation (GO:0042116),2/35,0.0005541829397838258,0.0042394994893462,0,0,67.16161616161617,503.57885305588366,APP;SYK,Latent_11
KEGG_2021_Human,Macrophage Activation (GO:0042116),2/35,0.0005541829397838258,0.0042394994893462,0,0,67.16161616161617,503.57885305588366,APP;SYK,Latent_11
GO_Biological_Process_2023,Regulation Of T Cell Mediated Cytotoxicity (GO:0001914),2/36,0.000586430503116779,0.0044308082457712,0,0,65.18300653594771,485.05650058138406,HLA-DRA;HLA-DRB1,Latent_11
KEGG_2021_Human,Regulation Of T Cell Mediated Cytotoxicity (GO:0001914),2/36,0.000586430503116779,0.0044308082457712,0,0,65.18300653594771,485.05650058138406,HLA-DRA;HLA-DRB1,Latent_11
GO_Biological_Process_2023,Positive Regulation Of Immune Effector Process (GO:0002699),2/37,0.0006195695304718364,0.0046241043005946,0,0,63.31746031746032,467.69351055771176,HLA-DRA;HLA-DRB1,Latent_11
KEGG_2021_Human,Positive Regulation Of Immune Effector Process (GO:0002699),2/37,0.0006195695304718364,0.0046241043005946,0,0,63.31746031746032,467.69351055771176,HLA-DRA;HLA-DRB1,Latent_11
GO_Biological_Process_2023,Negative Regulation Of Lymphocyte Proliferation (GO:0050672),2/39,0.0006885154392429702,0.0050767644435746,0,0,59.888888888888886,436.0493719555131,LYN;HLA-DRB1,Latent_11
KEGG_2021_Human,Negative Regulation Of Lymphocyte Proliferation (GO:0050672),2/39,0.0006885154392429702,0.0050767644435746,0,0,59.888888888888886,436.0493719555131,LYN;HLA-DRB1,Latent_11
GO_Biological_Process_2023,Positive Regulation Of ERK1 And ERK2 Cascade (GO:0070374),3/179,0.0007184189861363755,0.005154456543798,0,0,19.856951871657756,143.73370444562022,APP;CD74;HLA-DRB1,Latent_11
GO_Biological_Process_2023,Regulation Of Cytokine-Mediated Signaling Pathway (GO:0001959),2/40,0.0007243190568082219,0.005154456543798,0,0,58.30994152046784,421.5971209696659,CD74;SYK,Latent_11
GO_Biological_Process_2023,Positive Regulation Of Myeloid Leukocyte Differentiation (GO:0002763),2/40,0.0007243190568082219,0.005154456543798,0,0,58.30994152046784,421.5971209696659,CD74;HLA-DRB1,Latent_11
KEGG_2021_Human,Positive Regulation Of ERK1 And ERK2 Cascade (GO:0070374),3/179,0.0007184189861363755,0.005154456543798,0,0,19.856951871657756,143.73370444562022,APP;CD74;HLA-DRB1,Latent_11
KEGG_2021_Human,Regulation Of Cytokine-Mediated Signaling Pathway (GO:0001959),2/40,0.0007243190568082219,0.005154456543798,0,0,58.30994152046784,421.5971209696659,CD74;SYK,Latent_11
KEGG_2021_Human,Positive Regulation Of Myeloid Leukocyte Differentiation (GO:0002763),2/40,0.0007243190568082219,0.005154456543798,0,0,58.30994152046784,421.5971209696659,CD74;HLA-DRB1,Latent_11
GO_Biological_Process_2023,Regulation Of Chemokine Production (GO:0032642),2/41,0.0007610076105649785,0.0053532949156984,0,0,56.81196581196581,407.9591818331578,APP;CD74,Latent_11
KEGG_2021_Human,Regulation Of Chemokine Production (GO:0032642),2/41,0.0007610076105649785,0.0053532949156984,0,0,56.81196581196581,407.9591818331578,APP;CD74,Latent_11
GO_Biological_Process_2023,Positive Regulation Of Neuron Differentiation (GO:0045666),2/42,0.0007985794740225155,0.0054913554842896,0,0,55.388888888888886,395.07100210657006,MEF2C;TCF4,Latent_11
GO_Biological_Process_2023,Regulation Of Neurotransmitter Receptor Activity (GO:0099601),2/42,0.0007985794740225155,0.0054913554842896,0,0,55.388888888888886,395.07100210657006,APP;MEF2C,Latent_11
KEGG_2021_Human,Positive Regulation Of Neuron Differentiation (GO:0045666),2/42,0.0007985794740225155,0.0054913554842896,0,0,55.388888888888886,395.07100210657006,MEF2C;TCF4,Latent_11
KEGG_2021_Human,Regulation Of Neurotransmitter Receptor Activity (GO:0099601),2/42,0.0007985794740225155,0.0054913554842896,0,0,55.388888888888886,395.07100210657006,APP;MEF2C,Latent_11
GO_Biological_Process_2023,Positive Regulation Of T Cell Mediated Immunity (GO:0002711),2/43,0.0008370330222898128,0.0056918245515707,0,0,54.03523035230352,382.87456973669936,HLA-DRA;HLA-DRB1,Latent_11
KEGG_2021_Human,Positive Regulation Of T Cell Mediated Immunity (GO:0002711),2/43,0.0008370330222898128,0.0056918245515707,0,0,54.03523035230352,382.87456973669936,HLA-DRA;HLA-DRB1,Latent_11
GO_Biological_Process_2023,Regulation Of Viral Entry Into Host Cell (GO:0046596),2/44,0.0008763666329947344,0.0058938063669535,0,0,52.74603174603175,371.31761233322095,CD74;HLA-DRB1,Latent_11
KEGG_2021_Human,Regulation Of Viral Entry Into Host Cell (GO:0046596),2/44,0.0008763666329947344,0.0058938063669535,0,0,52.74603174603175,371.31761233322095,CD74;HLA-DRB1,Latent_11
GO_Biological_Process_2023,B Cell Receptor Signaling Pathway (GO:0050853),2/46,0.0009576675617417908,0.0063020704063008,0,0,50.343434343434346,349.9377081556704,MEF2C;SYK,Latent_11
GO_Biological_Process_2023,Regulation Of Interleukin-10 Production (GO:0032653),2/46,0.0009576675617417908,0.0063020704063008,0,0,50.343434343434346,349.9377081556704,SYK;HLA-DRB1,Latent_11
KEGG_2021_Human,B Cell Receptor Signaling Pathway (GO:0050853),2/46,0.0009576675617417908,0.0063020704063008,0,0,50.343434343434346,349.9377081556704,MEF2C;SYK,Latent_11
KEGG_2021_Human,Regulation Of Interleukin-10 Production (GO:0032653),2/46,0.0009576675617417908,0.0063020704063008,0,0,50.343434343434346,349.9377081556704,SYK;HLA-DRB1,Latent_11
GO_Biological_Process_2023,Positive Regulation Of Leukocyte Mediated Cytotoxicity (GO:0001912),2/51,0.0011762077962531,0.0076578635245418,0,0,45.19501133786848,304.8611297728522,HLA-DRA;HLA-DRB1,Latent_11
KEGG_2021_Human,Positive Regulation Of Leukocyte Mediated Cytotoxicity (GO:0001912),2/51,0.0011762077962531,0.0076578635245418,0,0,45.19501133786848,304.8611297728522,HLA-DRA;HLA-DRB1,Latent_11
GO_Biological_Process_2023,Negative Regulation Of Response To Stimulus (GO:0048585),2/52,0.00122252374335,0.007875626641371,0,0,44.28888888888889,297.0383992061624,LYN;VPS13C,Latent_11
KEGG_2021_Human,Negative Regulation Of Response To Stimulus (GO:0048585),2/52,0.00122252374335,0.007875626641371,0,0,44.28888888888889,297.0383992061624,LYN;VPS13C,Latent_11
GO_Biological_Process_2023,Peptidyl-Tyrosine Modification (GO:0018212),2/54,0.0013177506939226,0.0084006606737568,0,0,42.58119658119658,282.3912150075315,LYN;SYK,Latent_11
KEGG_2021_Human,Peptidyl-Tyrosine Modification (GO:0018212),2/54,0.0013177506939226,0.0084006606737568,0,0,42.58119658119658,282.3912150075315,LYN;SYK,Latent_11
GO_Biological_Process_2023,Cellular Response To Lipid (GO:0071396),3/228,0.0014442418493357,0.0091121238329222,0,0,15.494117647058824,101.33417529336862,LYN;MEF2C;SYK,Latent_11
KEGG_2021_Human,Cellular Response To Lipid (GO:0071396),3/228,0.0014442418493357,0.0091121238329222,0,0,15.494117647058824,101.33417529336862,LYN;MEF2C;SYK,Latent_11
GO_Biological_Process_2023,Positive Regulation Of Interleukin-8 Production (GO:0032757),2/61,0.0016781253536833,0.0104797215964712,0,0,37.516007532956685,239.7302132401702,CD74;SYK,Latent_11
KEGG_2021_Human,Positive Regulation Of Interleukin-8 Production (GO:0032757),2/61,0.0016781253536833,0.0104797215964712,0,0,37.516007532956685,239.7302132401702,CD74;SYK,Latent_11
GO_Biological_Process_2023,Positive Regulation Of T Cell Differentiation (GO:0045582),2/64,0.0018453715711163,0.0114077515305375,0,0,35.69534050179212,224.7048323380627,HLA-DRA;HLA-DRB1,Latent_11
KEGG_2021_Human,Positive Regulation Of T Cell Differentiation (GO:0045582),2/64,0.0018453715711163,0.0114077515305375,0,0,35.69534050179212,224.7048323380627,HLA-DRA;HLA-DRB1,Latent_11
GO_Biological_Process_2023,Regulation Of DNA-templated Transcription (GO:0006355),7/1922,0.0018819652162398,0.0115176271233877,0,0,5.079534042980519,31.87630461454304,CD74;MEF2C;ZEB2;IRF8;TCF4;HDAC9;HLA-DRB1,Latent_11
KEGG_2021_Human,Regulation Of DNA-templated Transcription (GO:0006355),7/1922,0.0018819652162398,0.0115176271233877,0,0,5.079534042980519,31.87630461454304,CD74;MEF2C;ZEB2;IRF8;TCF4;HDAC9;HLA-DRB1,Latent_11
GO_Biological_Process_2023,Positive Regulation Of T Cell Proliferation (GO:0042102),2/65,0.0019028153491433,0.0115299306304525,0,0,35.12698412698413,220.05020743610217,SYK;HLA-DPA1,Latent_11
KEGG_2021_Human,Positive Regulation Of T Cell Proliferation (GO:0042102),2/65,0.0019028153491433,0.0115299306304525,0,0,35.12698412698413,220.05020743610217,SYK;HLA-DPA1,Latent_11
GO_Biological_Process_2023,Positive Regulation Of Transcription By RNA Polymerase II (GO:0045944),5/938,0.0019303756717345,0.0115822540304075,0,0,6.804930332261522,42.53109117282544,APP;MEF2C;ZEB2;IRF8;TCF4,Latent_11
KEGG_2021_Human,Positive Regulation Of Transcription By RNA Polymerase II (GO:0045944),5/938,0.0019303756717345,0.0115822540304075,0,0,6.804930332261522,42.53109117282544,APP;MEF2C;ZEB2;IRF8;TCF4,Latent_11
GO_Biological_Process_2023,Cellular Response To Type II Interferon (GO:0071346),2/66,0.001961104016553,0.0116523850303928,0,0,34.576388888888886,215.55777257871145,IRF8;HLA-DPA1,Latent_11
KEGG_2021_Human,Cellular Response To Type II Interferon (GO:0071346),2/66,0.001961104016553,0.0116523850303928,0,0,34.576388888888886,215.55777257871145,IRF8;HLA-DPA1,Latent_11
GO_Biological_Process_2023,Peptidyl-Tyrosine Phosphorylation (GO:0018108),2/67,0.0020202359976765,0.0117819301621537,0,0,34.042735042735046,211.21954341363585,LYN;SYK,Latent_11
GO_Biological_Process_2023,Positive Regulation Of Nucleic Acid-Templated Transcription (GO:1903508),4/557,0.002021409586644,0.0117819301621537,0,0,8.78254972875226,54.48658893444878,CD74;MEF2C;TCF4;HLA-DRB1,Latent_11
KEGG_2021_Human,Peptidyl-Tyrosine Phosphorylation (GO:0018108),2/67,0.0020202359976765,0.0117819301621537,0,0,34.042735042735046,211.21954341363585,LYN;SYK,Latent_11
KEGG_2021_Human,Positive Regulation Of Nucleic Acid-Templated Transcription (GO:1903508),4/557,0.002021409586644,0.0117819301621537,0,0,8.78254972875226,54.48658893444878,CD74;MEF2C;TCF4;HLA-DRB1,Latent_11
GO_Biological_Process_2023,Regulation Of Monoatomic Ion Transmembrane Transporter Activity (GO:0032412),2/69,0.0021410236112441,0.0123613816045419,0,0,33.02321724709785,202.976255104392,APP;MEF2C,Latent_11
KEGG_2021_Human,Regulation Of Monoatomic Ion Transmembrane Transporter Activity (GO:0032412),2/69,0.0021410236112441,0.0123613816045419,0,0,33.02321724709785,202.976255104392,APP;MEF2C,Latent_11
GO_Biological_Process_2023,Cell Morphogenesis Involved In Neuron Differentiation (GO:0048667),2/77,0.0026575929845639,0.0150596935791956,0,0,29.488888888888887,174.87897393163863,APP;MEF2C,Latent_11
GO_Biological_Process_2023,Regulation Of T Cell Proliferation (GO:0042129),2/77,0.0026575929845639,0.0150596935791956,0,0,29.488888888888887,174.87897393163863,HLA-DRB1;HLA-DPA1,Latent_11
KEGG_2021_Human,Cell Morphogenesis Involved In Neuron Differentiation (GO:0048667),2/77,0.0026575929845639,0.0150596935791956,0,0,29.488888888888887,174.87897393163863,APP;MEF2C,Latent_11
KEGG_2021_Human,Regulation Of T Cell Proliferation (GO:0042129),2/77,0.0026575929845639,0.0150596935791956,0,0,29.488888888888887,174.87897393163863,HLA-DRB1;HLA-DPA1,Latent_11
GO_Biological_Process_2023,Positive Regulation Of Tumor Necrosis Factor Production (GO:0032760),2/78,0.0027258980360561,0.0153050421840952,0,0,29.09941520467836,171.83080571225088,APP;SYK,Latent_11
KEGG_2021_Human,Positive Regulation Of Tumor Necrosis Factor Production (GO:0032760),2/78,0.0027258980360561,0.0153050421840952,0,0,29.09941520467836,171.83080571225088,APP;SYK,Latent_11
GO_Biological_Process_2023,Regulation Of Neuron Differentiation (GO:0045664),2/79,0.0027950276574232,0.0155505175122093,0,0,28.72005772005772,168.87144870732206,MEF2C;TCF4,Latent_11
KEGG_2021_Human,Regulation Of Neuron Differentiation (GO:0045664),2/79,0.0027950276574232,0.0155505175122093,0,0,28.72005772005772,168.87144870732206,MEF2C;TCF4,Latent_11
GO_Biological_Process_2023,Regulation Of Interleukin-8 Production (GO:0032677),2/81,0.0029357544153754,0.0161863216415293,0,0,27.9901547116737,163.2047370793244,CD74;SYK,Latent_11
KEGG_2021_Human,Regulation Of Interleukin-8 Production (GO:0032677),2/81,0.0029357544153754,0.0161863216415293,0,0,27.9901547116737,163.2047370793244,CD74;SYK,Latent_11
GO_Biological_Process_2023,Positive Regulation Of Tumor Necrosis Factor Superfamily Cytokine Production (GO:1903557),2/82,0.0030073484602769,0.0162875863512343,0,0,27.63888888888889,160.49063933790202,APP;SYK,Latent_11
GO_Biological_Process_2023,Regulation Of Phosphorylation (GO:0042325),2/82,0.0030073484602769,0.0162875863512343,0,0,27.63888888888889,160.49063933790202,LYN;APP,Latent_11
KEGG_2021_Human,Positive Regulation Of Tumor Necrosis Factor Superfamily Cytokine Production (GO:1903557),2/82,0.0030073484602769,0.0162875863512343,0,0,27.63888888888889,160.49063933790202,APP;SYK,Latent_11
KEGG_2021_Human,Regulation Of Phosphorylation (GO:0042325),2/82,0.0030073484602769,0.0162875863512343,0,0,27.63888888888889,160.49063933790202,LYN;APP,Latent_11
GO_Biological_Process_2023,Regulation Of NIK/NF-kappaB Signaling (GO:1901222),2/83,0.0030797608907503,0.0165334532029756,0,0,27.296296296296298,157.851842417783,APP;HDAC9,Latent_11
KEGG_2021_Human,Regulation Of NIK/NF-kappaB Signaling (GO:1901222),2/83,0.0030797608907503,0.0165334532029756,0,0,27.296296296296298,157.851842417783,APP;HDAC9,Latent_11
GO_Biological_Process_2023,Regulation Of Kinase Activity (GO:0043549),2/85,0.0032270347482887,0.0170253902237301,0,0,26.63587684069612,152.78849293856263,CD74;HLA-DRB1,Latent_11
GO_Biological_Process_2023,Regulation Of Osteoblast Differentiation (GO:0045667),2/85,0.0032270347482887,0.0170253902237301,0,0,26.63587684069612,152.78849293856263,MEF2C;HDAC9,Latent_11
KEGG_2021_Human,Regulation Of Kinase Activity (GO:0043549),2/85,0.0032270347482887,0.0170253902237301,0,0,26.63587684069612,152.78849293856263,CD74;HLA-DRB1,Latent_11
KEGG_2021_Human,Regulation Of Osteoblast Differentiation (GO:0045667),2/85,0.0032270347482887,0.0170253902237301,0,0,26.63587684069612,152.78849293856263,MEF2C;HDAC9,Latent_11
GO_Biological_Process_2023,Regulation Of Type II Interferon Production (GO:0032649),2/87,0.0033775636848334,0.0176672561975902,0,0,26.00653594771242,147.99280991824526,HLA-DRB1;HLA-DPA1,Latent_11
KEGG_2021_Human,Regulation Of Type II Interferon Production (GO:0032649),2/87,0.0033775636848334,0.0176672561975902,0,0,26.00653594771242,147.99280991824526,HLA-DRB1;HLA-DPA1,Latent_11
GO_Biological_Process_2023,Regulation Of Peptidyl-Tyrosine Phosphorylation (GO:0050730),2/90,0.0036094335277519,0.0187201128727474,0,0,25.116161616161616,141.25842758872437,APP;CD74,Latent_11
KEGG_2021_Human,Regulation Of Peptidyl-Tyrosine Phosphorylation (GO:0050730),2/90,0.0036094335277519,0.0187201128727474,0,0,25.116161616161616,141.25842758872437,APP;CD74,Latent_11
GO_Biological_Process_2023,B Cell Activation (GO:0042113),2/92,0.0037680465442261,0.0193785250845914,0,0,24.55555555555556,137.04943154835937,MEF2C;HDAC9,Latent_11
KEGG_2021_Human,B Cell Activation (GO:0042113),2/92,0.0037680465442261,0.0193785250845914,0,0,24.55555555555556,137.04943154835937,MEF2C;HDAC9,Latent_11
GO_Biological_Process_2023,T Cell Receptor Signaling Pathway (GO:0050852),2/95,0.0040119852700405,0.0204611248772067,0,0,23.759856630824373,131.11803417110073,HLA-DRB1;HLA-DPA1,Latent_11
KEGG_2021_Human,T Cell Receptor Signaling Pathway (GO:0050852),2/95,0.0040119852700405,0.0204611248772067,0,0,23.759856630824373,131.11803417110073,HLA-DRB1;HLA-DPA1,Latent_11
GO_Biological_Process_2023,Negative Regulation Of Gene Expression (GO:0010629),3/336,0.0043333461141719,0.0219174200154813,0,0,10.411764705882351,56.654735362121805,APP;MEF2C;HDAC9,Latent_11
KEGG_2021_Human,Negative Regulation Of Gene Expression (GO:0010629),3/336,0.0043333461141719,0.0219174200154813,0,0,10.411764705882351,56.654735362121805,APP;MEF2C;HDAC9,Latent_11
GO_Biological_Process_2023,Positive Regulation Of Kinase Activity (GO:0033674),2/104,0.0047867577714046,0.0224569831317824,0,0,21.65359477124183,115.67138059180392,CD74;HLA-DRB1,Latent_11
GO_Biological_Process_2023,Positive Regulation Of Killing Of Cells Of Another Organism (GO:0051712),1/5,0.0049904406959516,0.0224569831317824,0,0,262.8421052631579,1393.123889480945,SYK,Latent_11
GO_Biological_Process_2023,Negative Regulation Of Lipoprotein Lipase Activity (GO:0051005),1/5,0.0049904406959516,0.0224569831317824,0,0,262.8421052631579,1393.123889480945,HDAC9,Latent_11
GO_Biological_Process_2023,ISG15-protein Conjugation (GO:0032020),1/5,0.0049904406959516,0.0224569831317824,0,0,262.8421052631579,1393.123889480945,UBE2E2,Latent_11
GO_Biological_Process_2023,Toll-Like Receptor 9 Signaling Pathway (GO:0034162),1/5,0.0049904406959516,0.0224569831317824,0,0,262.8421052631579,1393.123889480945,PIK3AP1,Latent_11
GO_Biological_Process_2023,Regulation Of Macrophage Apoptotic Process (GO:2000109),1/5,0.0049904406959516,0.0224569831317824,0,0,262.8421052631579,1393.123889480945,MEF2C,Latent_11
GO_Biological_Process_2023,Negative Regulation Of Toll-Like Receptor 2 Signaling Pathway (GO:0034136),1/5,0.0049904406959516,0.0224569831317824,0,0,262.8421052631579,1393.123889480945,LYN,Latent_11
GO_Biological_Process_2023,Interleukin-5-Mediated Signaling Pathway (GO:0038043),1/5,0.0049904406959516,0.0224569831317824,0,0,262.8421052631579,1393.123889480945,LYN,Latent_11
GO_Biological_Process_2023,Nephron Tubule Development (GO:0072080),1/5,0.0049904406959516,0.0224569831317824,0,0,262.8421052631579,1393.123889480945,MEF2C,Latent_11
GO_Biological_Process_2023,Regulation Of Neutrophil Activation (GO:1902563),1/5,0.0049904406959516,0.0224569831317824,0,0,262.8421052631579,1393.123889480945,SYK,Latent_11
GO_Biological_Process_2023,Axo-Dendritic Transport (GO:0008088),1/5,0.0049904406959516,0.0224569831317824,0,0,262.8421052631579,1393.123889480945,APP,Latent_11
GO_Biological_Process_2023,Regulation Of Superoxide Metabolic Process (GO:0090322),1/5,0.0049904406959516,0.0224569831317824,0,0,262.8421052631579,1393.123889480945,SYK,Latent_11
GO_Biological_Process_2023,Regulation Of Type 2 Immune Response (GO:0002828),1/5,0.0049904406959516,0.0224569831317824,0,0,262.8421052631579,1393.123889480945,CD74,Latent_11
GO_Biological_Process_2023,Positive Regulation Of T Cell Mediated Immune Response To Tumor Cell (GO:0002842),1/5,0.0049904406959516,0.0224569831317824,0,0,262.8421052631579,1393.123889480945,HLA-DRB1,Latent_11
GO_Biological_Process_2023,Positive Regulation Of Cardiac Muscle Cell Differentiation (GO:2000727),1/5,0.0049904406959516,0.0224569831317824,0,0,262.8421052631579,1393.123889480945,MEF2C,Latent_11
KEGG_2021_Human,Positive Regulation Of Kinase Activity (GO:0033674),2/104,0.0047867577714046,0.0224569831317824,0,0,21.65359477124183,115.67138059180392,CD74;HLA-DRB1,Latent_11
KEGG_2021_Human,Positive Regulation Of Killing Of Cells Of Another Organism (GO:0051712),1/5,0.0049904406959516,0.0224569831317824,0,0,262.8421052631579,1393.123889480945,SYK,Latent_11
KEGG_2021_Human,Negative Regulation Of Lipoprotein Lipase Activity (GO:0051005),1/5,0.0049904406959516,0.0224569831317824,0,0,262.8421052631579,1393.123889480945,HDAC9,Latent_11
KEGG_2021_Human,ISG15-protein Conjugation (GO:0032020),1/5,0.0049904406959516,0.0224569831317824,0,0,262.8421052631579,1393.123889480945,UBE2E2,Latent_11
KEGG_2021_Human,Toll-Like Receptor 9 Signaling Pathway (GO:0034162),1/5,0.0049904406959516,0.0224569831317824,0,0,262.8421052631579,1393.123889480945,PIK3AP1,Latent_11
KEGG_2021_Human,Regulation Of Macrophage Apoptotic Process (GO:2000109),1/5,0.0049904406959516,0.0224569831317824,0,0,262.8421052631579,1393.123889480945,MEF2C,Latent_11
KEGG_2021_Human,Negative Regulation Of Toll-Like Receptor 2 Signaling Pathway (GO:0034136),1/5,0.0049904406959516,0.0224569831317824,0,0,262.8421052631579,1393.123889480945,LYN,Latent_11
KEGG_2021_Human,Interleukin-5-Mediated Signaling Pathway (GO:0038043),1/5,0.0049904406959516,0.0224569831317824,0,0,262.8421052631579,1393.123889480945,LYN,Latent_11
KEGG_2021_Human,Nephron Tubule Development (GO:0072080),1/5,0.0049904406959516,0.0224569831317824,0,0,262.8421052631579,1393.123889480945,MEF2C,Latent_11
KEGG_2021_Human,Regulation Of Neutrophil Activation (GO:1902563),1/5,0.0049904406959516,0.0224569831317824,0,0,262.8421052631579,1393.123889480945,SYK,Latent_11
KEGG_2021_Human,Axo-Dendritic Transport (GO:0008088),1/5,0.0049904406959516,0.0224569831317824,0,0,262.8421052631579,1393.123889480945,APP,Latent_11
KEGG_2021_Human,Regulation Of Superoxide Metabolic Process (GO:0090322),1/5,0.0049904406959516,0.0224569831317824,0,0,262.8421052631579,1393.123889480945,SYK,Latent_11
KEGG_2021_Human,Regulation Of Type 2 Immune Response (GO:0002828),1/5,0.0049904406959516,0.0224569831317824,0,0,262.8421052631579,1393.123889480945,CD74,Latent_11
KEGG_2021_Human,Positive Regulation Of T Cell Mediated Immune Response To Tumor Cell (GO:0002842),1/5,0.0049904406959516,0.0224569831317824,0,0,262.8421052631579,1393.123889480945,HLA-DRB1,Latent_11
KEGG_2021_Human,Positive Regulation Of Cardiac Muscle Cell Differentiation (GO:2000727),1/5,0.0049904406959516,0.0224569831317824,0,0,262.8421052631579,1393.123889480945,MEF2C,Latent_11
GO_Biological_Process_2023,Positive Regulation Of Macromolecule Metabolic Process (GO:0010604),3/364,0.005415845750439,0.0241934131333481,0,0,9.590516539025582,50.04740301015592,APP;CD74;MEF2C,Latent_11
KEGG_2021_Human,Positive Regulation Of Macromolecule Metabolic Process (GO:0010604),3/364,0.005415845750439,0.0241934131333481,0,0,9.590516539025582,50.04740301015592,APP;CD74;MEF2C,Latent_11
GO_Biological_Process_2023,Regulation Of MAP Kinase Activity (GO:0043405),2/114,0.0057221397634708,0.0244216187363202,0,0,19.71031746031746,101.77249874583728,LYN;MEF2C,Latent_11
GO_Biological_Process_2023,Epithelial Cell Differentiation Involved In Kidney Development (GO:0035850),1/6,0.0059856908667451,0.0244216187363202,0,0,210.26315789473685,1076.2074808846232,MEF2C,Latent_11
GO_Biological_Process_2023,Positive Regulation Of Immune Response To Tumor Cell (GO:0002839),1/6,0.0059856908667451,0.0244216187363202,0,0,210.26315789473685,1076.2074808846232,HLA-DRB1,Latent_11
GO_Biological_Process_2023,Negative Regulation Of Low-Density Lipoprotein Receptor Activity (GO:1905598),1/6,0.0059856908667451,0.0244216187363202,0,0,210.26315789473685,1076.2074808846232,APP,Latent_11
GO_Biological_Process_2023,Negative Regulation Of Ruffle Assembly (GO:1900028),1/6,0.0059856908667451,0.0244216187363202,0,0,210.26315789473685,1076.2074808846232,ARHGAP24,Latent_11
GO_Biological_Process_2023,Interleukin-3-Mediated Signaling Pathway (GO:0038156),1/6,0.0059856908667451,0.0244216187363202,0,0,210.26315789473685,1076.2074808846232,SYK,Latent_11
GO_Biological_Process_2023,Positive Regulation Of Unsaturated Fatty Acid Biosynthetic Process (GO:2001280),1/6,0.0059856908667451,0.0244216187363202,0,0,210.26315789473685,1076.2074808846232,CD74,Latent_11
GO_Biological_Process_2023,Regulation Of Prostaglandin Biosynthetic Process (GO:0031392),1/6,0.0059856908667451,0.0244216187363202,0,0,210.26315789473685,1076.2074808846232,CD74,Latent_11
GO_Biological_Process_2023,Regulation Of Striated Muscle Cell Differentiation (GO:0051153),1/6,0.0059856908667451,0.0244216187363202,0,0,210.26315789473685,1076.2074808846232,HDAC9,Latent_11
GO_Biological_Process_2023,Positive Regulation Of Aspartic-Type Endopeptidase Activity Involved In Amyloid Precursor Protein Catabolic Process (GO:1902961),1/6,0.0059856908667451,0.0244216187363202,0,0,210.26315789473685,1076.2074808846232,LYN,Latent_11
GO_Biological_Process_2023,Regulation Of T Cell Mediated Immune Response To Tumor Cell (GO:0002840),1/6,0.0059856908667451,0.0244216187363202,0,0,210.26315789473685,1076.2074808846232,HLA-DRB1,Latent_11
GO_Biological_Process_2023,Positive Regulation Of Cell Killing (GO:0031343),1/6,0.0059856908667451,0.0244216187363202,0,0,210.26315789473685,1076.2074808846232,SYK,Latent_11
GO_Biological_Process_2023,Regulation Of Antigen Receptor-Mediated Signaling Pathway (GO:0050854),1/6,0.0059856908667451,0.0244216187363202,0,0,210.26315789473685,1076.2074808846232,LYN,Latent_11
KEGG_2021_Human,Regulation Of MAP Kinase Activity (GO:0043405),2/114,0.0057221397634708,0.0244216187363202,0,0,19.71031746031746,101.77249874583728,LYN;MEF2C,Latent_11
KEGG_2021_Human,Epithelial Cell Differentiation Involved In Kidney Development (GO:0035850),1/6,0.0059856908667451,0.0244216187363202,0,0,210.26315789473685,1076.2074808846232,MEF2C,Latent_11
KEGG_2021_Human,Positive Regulation Of Immune Response To Tumor Cell (GO:0002839),1/6,0.0059856908667451,0.0244216187363202,0,0,210.26315789473685,1076.2074808846232,HLA-DRB1,Latent_11
KEGG_2021_Human,Negative Regulation Of Low-Density Lipoprotein Receptor Activity (GO:1905598),1/6,0.0059856908667451,0.0244216187363202,0,0,210.26315789473685,1076.2074808846232,APP,Latent_11
KEGG_2021_Human,Negative Regulation Of Ruffle Assembly (GO:1900028),1/6,0.0059856908667451,0.0244216187363202,0,0,210.26315789473685,1076.2074808846232,ARHGAP24,Latent_11
KEGG_2021_Human,Interleukin-3-Mediated Signaling Pathway (GO:0038156),1/6,0.0059856908667451,0.0244216187363202,0,0,210.26315789473685,1076.2074808846232,SYK,Latent_11
KEGG_2021_Human,Positive Regulation Of Unsaturated Fatty Acid Biosynthetic Process (GO:2001280),1/6,0.0059856908667451,0.0244216187363202,0,0,210.26315789473685,1076.2074808846232,CD74,Latent_11
KEGG_2021_Human,Regulation Of Prostaglandin Biosynthetic Process (GO:0031392),1/6,0.0059856908667451,0.0244216187363202,0,0,210.26315789473685,1076.2074808846232,CD74,Latent_11
KEGG_2021_Human,Regulation Of Striated Muscle Cell Differentiation (GO:0051153),1/6,0.0059856908667451,0.0244216187363202,0,0,210.26315789473685,1076.2074808846232,HDAC9,Latent_11
KEGG_2021_Human,Positive Regulation Of Aspartic-Type Endopeptidase Activity Involved In Amyloid Precursor Protein Catabolic Process (GO:1902961),1/6,0.0059856908667451,0.0244216187363202,0,0,210.26315789473685,1076.2074808846232,LYN,Latent_11
KEGG_2021_Human,Regulation Of T Cell Mediated Immune Response To Tumor Cell (GO:0002840),1/6,0.0059856908667451,0.0244216187363202,0,0,210.26315789473685,1076.2074808846232,HLA-DRB1,Latent_11
KEGG_2021_Human,Positive Regulation Of Cell Killing (GO:0031343),1/6,0.0059856908667451,0.0244216187363202,0,0,210.26315789473685,1076.2074808846232,SYK,Latent_11
KEGG_2021_Human,Regulation Of Antigen Receptor-Mediated Signaling Pathway (GO:0050854),1/6,0.0059856908667451,0.0244216187363202,0,0,210.26315789473685,1076.2074808846232,LYN,Latent_11
GO_Biological_Process_2023,Negative Regulation Of Transcription By RNA Polymerase II (GO:0000122),4/763,0.0062492941015429,0.0253282648353927,0,0,6.3310276679841895,32.13178093448345,MEF2C;ZEB2;IRF8;HDAC9,Latent_11
KEGG_2021_Human,Negative Regulation Of Transcription By RNA Polymerase II (GO:0000122),4/763,0.0062492941015429,0.0253282648353927,0,0,6.3310276679841895,32.13178093448345,MEF2C;ZEB2;IRF8;HDAC9,Latent_11
GO_Biological_Process_2023,Modulation Of Chemical Synaptic Transmission (GO:0050804),2/123,0.0066298668707233,0.0257334788387869,0,0,18.23599632690542,91.47486781276542,APP;MEF2C,Latent_11
GO_Biological_Process_2023,Cellular Response To Lipopolysaccharide (GO:0071222),2/124,0.0067345291088687,0.0257334788387869,0,0,18.0856102003643,90.4372274339782,LYN;MEF2C,Latent_11
GO_Biological_Process_2023,Positive Regulation Of Defense Response (GO:0031349),2/124,0.0067345291088687,0.0257334788387869,0,0,18.0856102003643,90.4372274339782,APP;MEF2C,Latent_11
GO_Biological_Process_2023,Enzyme-Linked Receptor Protein Signaling Pathway (GO:0007167),2/124,0.0067345291088687,0.0257334788387869,0,0,18.0856102003643,90.4372274339782,LYN;SYK,Latent_11
GO_Biological_Process_2023,Response To Cytokine (GO:0034097),2/125,0.0068399467111769,0.0257334788387869,0,0,17.937669376693766,89.41883946655669,APP;CD74,Latent_11
GO_Biological_Process_2023,Negative Regulation Of Leukocyte Proliferation (GO:0070664),1/7,0.0069799958941807,0.0257334788387869,0,0,175.21052631578948,869.8689177892479,LYN,Latent_11
GO_Biological_Process_2023,Positive Regulation Of Melanin Biosynthetic Process (GO:0048023),1/7,0.0069799958941807,0.0257334788387869,0,0,175.21052631578948,869.8689177892479,ZEB2,Latent_11
GO_Biological_Process_2023,Positive Regulation Of Myeloid Cell Apoptotic Process (GO:0033034),1/7,0.0069799958941807,0.0257334788387869,0,0,175.21052631578948,869.8689177892479,MEF2C,Latent_11
GO_Biological_Process_2023,Growth Hormone Receptor Signaling Pathway Via JAK-STAT (GO:0060397),1/7,0.0069799958941807,0.0257334788387869,0,0,175.21052631578948,869.8689177892479,LYN,Latent_11
GO_Biological_Process_2023,Regulation Of Lymphocyte Apoptotic Process (GO:0070228),1/7,0.0069799958941807,0.0257334788387869,0,0,175.21052631578948,869.8689177892479,LYN,Latent_11
GO_Biological_Process_2023,Positive Regulation Of Secondary Metabolite Biosynthetic Process (GO:1900378),1/7,0.0069799958941807,0.0257334788387869,0,0,175.21052631578948,869.8689177892479,ZEB2,Latent_11
GO_Biological_Process_2023,Peptidyl-Lysine Deacetylation (GO:0034983),1/7,0.0069799958941807,0.0257334788387869,0,0,175.21052631578948,869.8689177892479,HDAC9,Latent_11
GO_Biological_Process_2023,Regulation Of Skeletal Muscle Fiber Development (GO:0048742),1/7,0.0069799958941807,0.0257334788387869,0,0,175.21052631578948,869.8689177892479,HDAC9,Latent_11
GO_Biological_Process_2023,Positive Regulation Of Aspartic-Type Peptidase Activity (GO:1905247),1/7,0.0069799958941807,0.0257334788387869,0,0,175.21052631578948,869.8689177892479,LYN,Latent_11
GO_Biological_Process_2023,Regulation Of Alpha-Beta T Cell Proliferation (GO:0046640),1/7,0.0069799958941807,0.0257334788387869,0,0,175.21052631578948,869.8689177892479,SYK,Latent_11
KEGG_2021_Human,Modulation Of Chemical Synaptic Transmission (GO:0050804),2/123,0.0066298668707233,0.0257334788387869,0,0,18.23599632690542,91.47486781276542,APP;MEF2C,Latent_11
KEGG_2021_Human,Cellular Response To Lipopolysaccharide (GO:0071222),2/124,0.0067345291088687,0.0257334788387869,0,0,18.0856102003643,90.4372274339782,LYN;MEF2C,Latent_11
KEGG_2021_Human,Positive Regulation Of Defense Response (GO:0031349),2/124,0.0067345291088687,0.0257334788387869,0,0,18.0856102003643,90.4372274339782,APP;MEF2C,Latent_11
KEGG_2021_Human,Enzyme-Linked Receptor Protein Signaling Pathway (GO:0007167),2/124,0.0067345291088687,0.0257334788387869,0,0,18.0856102003643,90.4372274339782,LYN;SYK,Latent_11
KEGG_2021_Human,Response To Cytokine (GO:0034097),2/125,0.0068399467111769,0.0257334788387869,0,0,17.937669376693766,89.41883946655669,APP;CD74,Latent_11
KEGG_2021_Human,Negative Regulation Of Leukocyte Proliferation (GO:0070664),1/7,0.0069799958941807,0.0257334788387869,0,0,175.21052631578948,869.8689177892479,LYN,Latent_11
KEGG_2021_Human,Positive Regulation Of Melanin Biosynthetic Process (GO:0048023),1/7,0.0069799958941807,0.0257334788387869,0,0,175.21052631578948,869.8689177892479,ZEB2,Latent_11
KEGG_2021_Human,Positive Regulation Of Myeloid Cell Apoptotic Process (GO:0033034),1/7,0.0069799958941807,0.0257334788387869,0,0,175.21052631578948,869.8689177892479,MEF2C,Latent_11
KEGG_2021_Human,Growth Hormone Receptor Signaling Pathway Via JAK-STAT (GO:0060397),1/7,0.0069799958941807,0.0257334788387869,0,0,175.21052631578948,869.8689177892479,LYN,Latent_11
KEGG_2021_Human,Regulation Of Lymphocyte Apoptotic Process (GO:0070228),1/7,0.0069799958941807,0.0257334788387869,0,0,175.21052631578948,869.8689177892479,LYN,Latent_11
KEGG_2021_Human,Positive Regulation Of Secondary Metabolite Biosynthetic Process (GO:1900378),1/7,0.0069799958941807,0.0257334788387869,0,0,175.21052631578948,869.8689177892479,ZEB2,Latent_11
KEGG_2021_Human,Peptidyl-Lysine Deacetylation (GO:0034983),1/7,0.0069799958941807,0.0257334788387869,0,0,175.21052631578948,869.8689177892479,HDAC9,Latent_11
KEGG_2021_Human,Regulation Of Skeletal Muscle Fiber Development (GO:0048742),1/7,0.0069799958941807,0.0257334788387869,0,0,175.21052631578948,869.8689177892479,HDAC9,Latent_11
KEGG_2021_Human,Positive Regulation Of Aspartic-Type Peptidase Activity (GO:1905247),1/7,0.0069799958941807,0.0257334788387869,0,0,175.21052631578948,869.8689177892479,LYN,Latent_11
KEGG_2021_Human,Regulation Of Alpha-Beta T Cell Proliferation (GO:0046640),1/7,0.0069799958941807,0.0257334788387869,0,0,175.21052631578948,869.8689177892479,SYK,Latent_11
GO_Biological_Process_2023,Regulation Of Tumor Necrosis Factor Production (GO:0032680),2/127,0.0070530421740909,0.0258470767098421,0,0,17.648888888888887,87.43782388318907,APP;SYK,Latent_11
KEGG_2021_Human,Regulation Of Tumor Necrosis Factor Production (GO:0032680),2/127,0.0070530421740909,0.0258470767098421,0,0,17.648888888888887,87.43782388318907,APP;SYK,Latent_11
GO_Biological_Process_2023,Positive Regulation Of Peptidyl-Tyrosine Phosphorylation (GO:0050731),2/130,0.0073783141926676,0.0268781445590035,0,0,17.23263888888889,84.5986448078777,LYN;CD74,Latent_11
KEGG_2021_Human,Positive Regulation Of Peptidyl-Tyrosine Phosphorylation (GO:0050731),2/130,0.0073783141926676,0.0268781445590035,0,0,17.23263888888889,84.5986448078777,LYN;CD74,Latent_11
GO_Biological_Process_2023,Plasma Membrane Bounded Cell Projection Organization (GO:0120036),2/132,0.0075988978232358,0.0273560321636489,0,0,16.965811965811966,82.78895598246491,LYN;APP,Latent_11
GO_Biological_Process_2023,Circulatory System Development (GO:0072359),2/132,0.0075988978232358,0.0273560321636489,0,0,16.965811965811966,82.78895598246491,MEF2C;HDAC9,Latent_11
KEGG_2021_Human,Plasma Membrane Bounded Cell Projection Organization (GO:0120036),2/132,0.0075988978232358,0.0273560321636489,0,0,16.965811965811966,82.78895598246491,LYN;APP,Latent_11
KEGG_2021_Human,Circulatory System Development (GO:0072359),2/132,0.0075988978232358,0.0273560321636489,0,0,16.965811965811966,82.78895598246491,MEF2C;HDAC9,Latent_11
GO_Biological_Process_2023,Negative Regulation Of Lipase Activity (GO:0060192),1/8,0.0079733565142536,0.0274140122849618,0,0,150.17293233082708,725.5830081396662,HDAC9,Latent_11
GO_Biological_Process_2023,Negative Regulation Of Long-Term Synaptic Potentiation (GO:1900272),1/8,0.0079733565142536,0.0274140122849618,0,0,150.17293233082708,725.5830081396662,APP,Latent_11
GO_Biological_Process_2023,Positive Regulation Of Mast Cell Degranulation (GO:0043306),1/8,0.0079733565142536,0.0274140122849618,0,0,150.17293233082708,725.5830081396662,SYK,Latent_11
GO_Biological_Process_2023,Positive Regulation Of Monocyte Chemotactic Protein-1 Production (GO:0071639),1/8,0.0079733565142536,0.0274140122849618,0,0,150.17293233082708,725.5830081396662,SYK,Latent_11
GO_Biological_Process_2023,Immune Response-Inhibiting Cell Surface Receptor Signaling Pathway (GO:0002767),1/8,0.0079733565142536,0.0274140122849618,0,0,150.17293233082708,725.5830081396662,LYN,Latent_11
GO_Biological_Process_2023,Regulation Of Skeletal Muscle Cell Differentiation (GO:2001014),1/8,0.0079733565142536,0.0274140122849618,0,0,150.17293233082708,725.5830081396662,MEF2C,Latent_11
GO_Biological_Process_2023,Regulation Of Aspartic-Type Endopeptidase Activity Involved In Amyloid Precursor Protein Catabolic Process (GO:1902959),1/8,0.0079733565142536,0.0274140122849618,0,0,150.17293233082708,725.5830081396662,LYN,Latent_11
GO_Biological_Process_2023,Endochondral Ossification (GO:0001958),1/8,0.0079733565142536,0.0274140122849618,0,0,150.17293233082708,725.5830081396662,MEF2C,Latent_11
KEGG_2021_Human,Negative Regulation Of Lipase Activity (GO:0060192),1/8,0.0079733565142536,0.0274140122849618,0,0,150.17293233082708,725.5830081396662,HDAC9,Latent_11
KEGG_2021_Human,Negative Regulation Of Long-Term Synaptic Potentiation (GO:1900272),1/8,0.0079733565142536,0.0274140122849618,0,0,150.17293233082708,725.5830081396662,APP,Latent_11
KEGG_2021_Human,Positive Regulation Of Mast Cell Degranulation (GO:0043306),1/8,0.0079733565142536,0.0274140122849618,0,0,150.17293233082708,725.5830081396662,SYK,Latent_11
KEGG_2021_Human,Positive Regulation Of Monocyte Chemotactic Protein-1 Production (GO:0071639),1/8,0.0079733565142536,0.0274140122849618,0,0,150.17293233082708,725.5830081396662,SYK,Latent_11
KEGG_2021_Human,Immune Response-Inhibiting Cell Surface Receptor Signaling Pathway (GO:0002767),1/8,0.0079733565142536,0.0274140122849618,0,0,150.17293233082708,725.5830081396662,LYN,Latent_11
KEGG_2021_Human,Regulation Of Skeletal Muscle Cell Differentiation (GO:2001014),1/8,0.0079733565142536,0.0274140122849618,0,0,150.17293233082708,725.5830081396662,MEF2C,Latent_11
KEGG_2021_Human,Regulation Of Aspartic-Type Endopeptidase Activity Involved In Amyloid Precursor Protein Catabolic Process (GO:1902959),1/8,0.0079733565142536,0.0274140122849618,0,0,150.17293233082708,725.5830081396662,LYN,Latent_11
KEGG_2021_Human,Endochondral Ossification (GO:0001958),1/8,0.0079733565142536,0.0274140122849618,0,0,150.17293233082708,725.5830081396662,MEF2C,Latent_11
GO_Biological_Process_2023,Phosphorylation (GO:0016310),3/429,0.0085174414236267,0.0285784030195117,0,0,8.100248550124276,38.60286271385531,LYN;APP;SYK,Latent_11
GO_Biological_Process_2023,Nervous System Development (GO:0007399),3/433,0.0087362205869746,0.0285784030195117,0,0,8.023255813953488,38.032459893848,APP;MEF2C;ZEB2,Latent_11
GO_Biological_Process_2023,Positive Regulation Of Transferase Activity (GO:0051347),2/143,0.0088649770095239,0.0285784030195117,0,0,15.63356973995272,73.87873089122361,CD74;HLA-DRB1,Latent_11
GO_Biological_Process_2023,Regulation Of Dendritic Cell Apoptotic Process (GO:2000668),1/9,0.0089657734963174,0.0285784030195117,0,0,131.39473684210526,619.439581424405,LYN,Latent_11
GO_Biological_Process_2023,T-helper 1 Type Immune Response (GO:0042088),1/9,0.0089657734963174,0.0285784030195117,0,0,131.39473684210526,619.439581424405,HLA-DRB1,Latent_11
GO_Biological_Process_2023,"Wound Healing, Spreading Of Epidermal Cells (GO:0035313)",1/9,0.0089657734963174,0.0285784030195117,0,0,131.39473684210526,619.439581424405,ARHGAP24,Latent_11
GO_Biological_Process_2023,Regulation Of Mast Cell Activation (GO:0033003),1/9,0.0089657734963174,0.0285784030195117,0,0,131.39473684210526,619.439581424405,LYN,Latent_11
GO_Biological_Process_2023,Regulation Of Mast Cell Activation Involved In Immune Response (GO:0033006),1/9,0.0089657734963174,0.0285784030195117,0,0,131.39473684210526,619.439581424405,LYN,Latent_11
GO_Biological_Process_2023,Negative Regulation Of Toll-Like Receptor 4 Signaling Pathway (GO:0034144),1/9,0.0089657734963174,0.0285784030195117,0,0,131.39473684210526,619.439581424405,LYN,Latent_11
GO_Biological_Process_2023,Positive Regulation Of Skeletal Muscle Tissue Development (GO:0048643),1/9,0.0089657734963174,0.0285784030195117,0,0,131.39473684210526,619.439581424405,MEF2C,Latent_11
GO_Biological_Process_2023,Neuron Remodeling (GO:0016322),1/9,0.0089657734963174,0.0285784030195117,0,0,131.39473684210526,619.439581424405,APP,Latent_11
GO_Biological_Process_2023,Muscle Cell Fate Commitment (GO:0042693),1/9,0.0089657734963174,0.0285784030195117,0,0,131.39473684210526,619.439581424405,MEF2C,Latent_11
GO_Biological_Process_2023,Positive Regulation Of Cardiocyte Differentiation (GO:1905209),1/9,0.0089657734963174,0.0285784030195117,0,0,131.39473684210526,619.439581424405,MEF2C,Latent_11
GO_Biological_Process_2023,Regulation Of Cardiac Muscle Cell Differentiation (GO:2000725),1/9,0.0089657734963174,0.0285784030195117,0,0,131.39473684210526,619.439581424405,MEF2C,Latent_11
KEGG_2021_Human,Phosphorylation (GO:0016310),3/429,0.0085174414236267,0.0285784030195117,0,0,8.100248550124276,38.60286271385531,LYN;APP;SYK,Latent_11
KEGG_2021_Human,Nervous System Development (GO:0007399),3/433,0.0087362205869746,0.0285784030195117,0,0,8.023255813953488,38.032459893848,APP;MEF2C;ZEB2,Latent_11
KEGG_2021_Human,Positive Regulation Of Transferase Activity (GO:0051347),2/143,0.0088649770095239,0.0285784030195117,0,0,15.63356973995272,73.87873089122361,CD74;HLA-DRB1,Latent_11
KEGG_2021_Human,Regulation Of Dendritic Cell Apoptotic Process (GO:2000668),1/9,0.0089657734963174,0.0285784030195117,0,0,131.39473684210526,619.439581424405,LYN,Latent_11
KEGG_2021_Human,T-helper 1 Type Immune Response (GO:0042088),1/9,0.0089657734963174,0.0285784030195117,0,0,131.39473684210526,619.439581424405,HLA-DRB1,Latent_11
KEGG_2021_Human,"Wound Healing, Spreading Of Epidermal Cells (GO:0035313)",1/9,0.0089657734963174,0.0285784030195117,0,0,131.39473684210526,619.439581424405,ARHGAP24,Latent_11
KEGG_2021_Human,Regulation Of Mast Cell Activation (GO:0033003),1/9,0.0089657734963174,0.0285784030195117,0,0,131.39473684210526,619.439581424405,LYN,Latent_11
KEGG_2021_Human,Regulation Of Mast Cell Activation Involved In Immune Response (GO:0033006),1/9,0.0089657734963174,0.0285784030195117,0,0,131.39473684210526,619.439581424405,LYN,Latent_11
KEGG_2021_Human,Negative Regulation Of Toll-Like Receptor 4 Signaling Pathway (GO:0034144),1/9,0.0089657734963174,0.0285784030195117,0,0,131.39473684210526,619.439581424405,LYN,Latent_11
KEGG_2021_Human,Positive Regulation Of Skeletal Muscle Tissue Development (GO:0048643),1/9,0.0089657734963174,0.0285784030195117,0,0,131.39473684210526,619.439581424405,MEF2C,Latent_11
KEGG_2021_Human,Neuron Remodeling (GO:0016322),1/9,0.0089657734963174,0.0285784030195117,0,0,131.39473684210526,619.439581424405,APP,Latent_11
KEGG_2021_Human,Muscle Cell Fate Commitment (GO:0042693),1/9,0.0089657734963174,0.0285784030195117,0,0,131.39473684210526,619.439581424405,MEF2C,Latent_11
KEGG_2021_Human,Positive Regulation Of Cardiocyte Differentiation (GO:1905209),1/9,0.0089657734963174,0.0285784030195117,0,0,131.39473684210526,619.439581424405,MEF2C,Latent_11
KEGG_2021_Human,Regulation Of Cardiac Muscle Cell Differentiation (GO:2000725),1/9,0.0089657734963174,0.0285784030195117,0,0,131.39473684210526,619.439581424405,MEF2C,Latent_11
GO_Biological_Process_2023,Regulation Of Melanin Biosynthetic Process (GO:0048021),1/10,0.0099572476243861,0.0306222891765042,0,0,116.78947368421052,538.3357753631753,ZEB2,Latent_11
GO_Biological_Process_2023,Neuron Projection Maintenance (GO:1990535),1/10,0.0099572476243861,0.0306222891765042,0,0,116.78947368421052,538.3357753631753,APP,Latent_11
GO_Biological_Process_2023,Regulation Of Toll-Like Receptor 2 Signaling Pathway (GO:0034135),1/10,0.0099572476243861,0.0306222891765042,0,0,116.78947368421052,538.3357753631753,LYN,Latent_11
GO_Biological_Process_2023,Positive Regulation Of B Cell Differentiation (GO:0045579),1/10,0.0099572476243861,0.0306222891765042,0,0,116.78947368421052,538.3357753631753,SYK,Latent_11
GO_Biological_Process_2023,Regulation Of B Cell Apoptotic Process (GO:0002902),1/10,0.0099572476243861,0.0306222891765042,0,0,116.78947368421052,538.3357753631753,LYN,Latent_11
GO_Biological_Process_2023,Negative Regulation Of B Cell Proliferation (GO:0030889),1/10,0.0099572476243861,0.0306222891765042,0,0,116.78947368421052,538.3357753631753,LYN,Latent_11
GO_Biological_Process_2023,Positive Regulation Of Bone Resorption (GO:0045780),1/10,0.0099572476243861,0.0306222891765042,0,0,116.78947368421052,538.3357753631753,SYK,Latent_11
KEGG_2021_Human,Regulation Of Melanin Biosynthetic Process (GO:0048021),1/10,0.0099572476243861,0.0306222891765042,0,0,116.78947368421052,538.3357753631753,ZEB2,Latent_11
KEGG_2021_Human,Neuron Projection Maintenance (GO:1990535),1/10,0.0099572476243861,0.0306222891765042,0,0,116.78947368421052,538.3357753631753,APP,Latent_11
KEGG_2021_Human,Regulation Of Toll-Like Receptor 2 Signaling Pathway (GO:0034135),1/10,0.0099572476243861,0.0306222891765042,0,0,116.78947368421052,538.3357753631753,LYN,Latent_11
KEGG_2021_Human,Positive Regulation Of B Cell Differentiation (GO:0045579),1/10,0.0099572476243861,0.0306222891765042,0,0,116.78947368421052,538.3357753631753,SYK,Latent_11
KEGG_2021_Human,Regulation Of B Cell Apoptotic Process (GO:0002902),1/10,0.0099572476243861,0.0306222891765042,0,0,116.78947368421052,538.3357753631753,LYN,Latent_11
KEGG_2021_Human,Negative Regulation Of B Cell Proliferation (GO:0030889),1/10,0.0099572476243861,0.0306222891765042,0,0,116.78947368421052,538.3357753631753,LYN,Latent_11
KEGG_2021_Human,Positive Regulation Of Bone Resorption (GO:0045780),1/10,0.0099572476243861,0.0306222891765042,0,0,116.78947368421052,538.3357753631753,SYK,Latent_11
GO_Biological_Process_2023,Visual Learning (GO:0008542),1/11,0.0109477797028559,0.0319049579911802,0,0,105.10526315789474,474.5101770765117,APP,Latent_11
GO_Biological_Process_2023,Regulation Of Monocyte Chemotactic Protein-1 Production (GO:0071637),1/11,0.0109477797028559,0.0319049579911802,0,0,105.10526315789474,474.5101770765117,SYK,Latent_11
GO_Biological_Process_2023,Intracellular Copper Ion Homeostasis (GO:0006878),1/11,0.0109477797028559,0.0319049579911802,0,0,105.10526315789474,474.5101770765117,APP,Latent_11
GO_Biological_Process_2023,Neutrophil Activation Involved In Immune Response (GO:0002283),1/11,0.0109477797028559,0.0319049579911802,0,0,105.10526315789474,474.5101770765117,SYK,Latent_11
GO_Biological_Process_2023,Macrophage Activation Involved In Immune Response (GO:0002281),1/11,0.0109477797028559,0.0319049579911802,0,0,105.10526315789474,474.5101770765117,SYK,Latent_11
GO_Biological_Process_2023,Melanocyte Differentiation (GO:0030318),1/11,0.0109477797028559,0.0319049579911802,0,0,105.10526315789474,474.5101770765117,MEF2C,Latent_11
GO_Biological_Process_2023,Cellular Response To Fluid Shear Stress (GO:0071498),1/11,0.0109477797028559,0.0319049579911802,0,0,105.10526315789474,474.5101770765117,MEF2C,Latent_11
GO_Biological_Process_2023,Regulation Of Stress-Activated Protein Kinase Signaling Cascade (GO:0070302),1/11,0.0109477797028559,0.0319049579911802,0,0,105.10526315789474,474.5101770765117,LYN,Latent_11
GO_Biological_Process_2023,Positive Regulation Of Behavior (GO:0048520),1/11,0.0109477797028559,0.0319049579911802,0,0,105.10526315789474,474.5101770765117,MEF2C,Latent_11
GO_Biological_Process_2023,Regulation Of Cell Activation (GO:0050865),1/11,0.0109477797028559,0.0319049579911802,0,0,105.10526315789474,474.5101770765117,SYK,Latent_11
GO_Biological_Process_2023,Smooth Muscle Cell Differentiation (GO:0051145),1/11,0.0109477797028559,0.0319049579911802,0,0,105.10526315789474,474.5101770765117,MEF2C,Latent_11
KEGG_2021_Human,Visual Learning (GO:0008542),1/11,0.0109477797028559,0.0319049579911802,0,0,105.10526315789474,474.5101770765117,APP,Latent_11
KEGG_2021_Human,Regulation Of Monocyte Chemotactic Protein-1 Production (GO:0071637),1/11,0.0109477797028559,0.0319049579911802,0,0,105.10526315789474,474.5101770765117,SYK,Latent_11
KEGG_2021_Human,Intracellular Copper Ion Homeostasis (GO:0006878),1/11,0.0109477797028559,0.0319049579911802,0,0,105.10526315789474,474.5101770765117,APP,Latent_11
KEGG_2021_Human,Neutrophil Activation Involved In Immune Response (GO:0002283),1/11,0.0109477797028559,0.0319049579911802,0,0,105.10526315789474,474.5101770765117,SYK,Latent_11
KEGG_2021_Human,Macrophage Activation Involved In Immune Response (GO:0002281),1/11,0.0109477797028559,0.0319049579911802,0,0,105.10526315789474,474.5101770765117,SYK,Latent_11
KEGG_2021_Human,Melanocyte Differentiation (GO:0030318),1/11,0.0109477797028559,0.0319049579911802,0,0,105.10526315789474,474.5101770765117,MEF2C,Latent_11
KEGG_2021_Human,Cellular Response To Fluid Shear Stress (GO:0071498),1/11,0.0109477797028559,0.0319049579911802,0,0,105.10526315789474,474.5101770765117,MEF2C,Latent_11
KEGG_2021_Human,Regulation Of Stress-Activated Protein Kinase Signaling Cascade (GO:0070302),1/11,0.0109477797028559,0.0319049579911802,0,0,105.10526315789474,474.5101770765117,LYN,Latent_11
KEGG_2021_Human,Positive Regulation Of Behavior (GO:0048520),1/11,0.0109477797028559,0.0319049579911802,0,0,105.10526315789474,474.5101770765117,MEF2C,Latent_11
KEGG_2021_Human,Regulation Of Cell Activation (GO:0050865),1/11,0.0109477797028559,0.0319049579911802,0,0,105.10526315789474,474.5101770765117,SYK,Latent_11
KEGG_2021_Human,Smooth Muscle Cell Differentiation (GO:0051145),1/11,0.0109477797028559,0.0319049579911802,0,0,105.10526315789474,474.5101770765117,MEF2C,Latent_11
GO_Biological_Process_2023,Positive Regulation Of Gene Expression (GO:0010628),3/480,0.0115582415035191,0.033459005999952,0,0,7.215316315205327,32.182883360742366,APP;CD74;MEF2C,Latent_11
GO_Biological_Process_2023,Positive Regulation Of Cell Population Proliferation (GO:0008284),3/483,0.011754320652993,0.033459005999952,0,0,7.169117647058823,31.85622081664272,LYN;CD74;MEF2C,Latent_11
GO_Biological_Process_2023,Negative Regulation Of Intrinsic Apoptotic Signaling Pathway In Response To DNA Damage By P53 Class Mediator (GO:1902166),1/12,0.0119373705403343,0.033459005999952,0,0,95.54545454545456,423.0830518492731,CD74,Latent_11
GO_Biological_Process_2023,Granulocyte Differentiation (GO:0030851),1/12,0.0119373705403343,0.033459005999952,0,0,95.54545454545456,423.0830518492731,LYN,Latent_11
GO_Biological_Process_2023,Astrocyte Activation (GO:0048143),1/12,0.0119373705403343,0.033459005999952,0,0,95.54545454545456,423.0830518492731,APP,Latent_11
GO_Biological_Process_2023,Regulation Of Vascular Associated Smooth Muscle Cell Migration (GO:1904752),1/12,0.0119373705403343,0.033459005999952,0,0,95.54545454545456,423.0830518492731,MEF2C,Latent_11
GO_Biological_Process_2023,Detection Of Bacterium (GO:0016045),1/12,0.0119373705403343,0.033459005999952,0,0,95.54545454545456,423.0830518492731,HLA-DRB1,Latent_11
GO_Biological_Process_2023,Endochondral Bone Morphogenesis (GO:0060350),1/12,0.0119373705403343,0.033459005999952,0,0,95.54545454545456,423.0830518492731,MEF2C,Latent_11
GO_Biological_Process_2023,Regulation Of Transcription By RNA Polymerase II (GO:0006357),6/2028,0.0119730756764534,0.033459005999952,0,0,3.8062738448495126,16.84312276445842,APP;MEF2C;ZEB2;IRF8;TCF4;HDAC9,Latent_11
KEGG_2021_Human,Positive Regulation Of Gene Expression (GO:0010628),3/480,0.0115582415035191,0.033459005999952,0,0,7.215316315205327,32.182883360742366,APP;CD74;MEF2C,Latent_11
KEGG_2021_Human,Positive Regulation Of Cell Population Proliferation (GO:0008284),3/483,0.011754320652993,0.033459005999952,0,0,7.169117647058823,31.85622081664272,LYN;CD74;MEF2C,Latent_11
KEGG_2021_Human,Negative Regulation Of Intrinsic Apoptotic Signaling Pathway In Response To DNA Damage By P53 Class Mediator (GO:1902166),1/12,0.0119373705403343,0.033459005999952,0,0,95.54545454545456,423.0830518492731,CD74,Latent_11
KEGG_2021_Human,Granulocyte Differentiation (GO:0030851),1/12,0.0119373705403343,0.033459005999952,0,0,95.54545454545456,423.0830518492731,LYN,Latent_11
KEGG_2021_Human,Astrocyte Activation (GO:0048143),1/12,0.0119373705403343,0.033459005999952,0,0,95.54545454545456,423.0830518492731,APP,Latent_11
KEGG_2021_Human,Regulation Of Vascular Associated Smooth Muscle Cell Migration (GO:1904752),1/12,0.0119373705403343,0.033459005999952,0,0,95.54545454545456,423.0830518492731,MEF2C,Latent_11
KEGG_2021_Human,Detection Of Bacterium (GO:0016045),1/12,0.0119373705403343,0.033459005999952,0,0,95.54545454545456,423.0830518492731,HLA-DRB1,Latent_11
KEGG_2021_Human,Endochondral Bone Morphogenesis (GO:0060350),1/12,0.0119373705403343,0.033459005999952,0,0,95.54545454545456,423.0830518492731,MEF2C,Latent_11
KEGG_2021_Human,Regulation Of Transcription By RNA Polymerase II (GO:0006357),6/2028,0.0119730756764534,0.033459005999952,0,0,3.8062738448495126,16.84312276445842,APP;MEF2C;ZEB2;IRF8;TCF4;HDAC9,Latent_11
GO_Biological_Process_2023,Heart Development (GO:0007507),2/171,0.0124808418461157,0.034544649882843,0,0,13.024983563445105,57.09580297600449,MEF2C;HDAC9,Latent_11
GO_Biological_Process_2023,Protein Phosphorylation (GO:0006468),3/500,0.0129021436445943,0.034544649882843,0,0,6.917860101787194,30.09519437589187,LYN;APP;SYK,Latent_11
GO_Biological_Process_2023,Positive Regulation Of Insulin Secretion Involved In Cellular Response To Glucose Stimulus (GO:0035774),1/13,0.0129260209528938,0.034544649882843,0,0,87.57894736842105,380.8381798737429,HLA-DRB1,Latent_11
GO_Biological_Process_2023,Positive Regulation Of Leukocyte Degranulation (GO:0043302),1/13,0.0129260209528938,0.034544649882843,0,0,87.57894736842105,380.8381798737429,SYK,Latent_11
GO_Biological_Process_2023,Regulation Of Intrinsic Apoptotic Signaling Pathway In Response To DNA Damage By P53 Class Mediator (GO:1902165),1/13,0.0129260209528938,0.034544649882843,0,0,87.57894736842105,380.8381798737429,CD74,Latent_11
GO_Biological_Process_2023,Immune Response-Regulating Cell Surface Receptor Signaling Pathway (GO:0002768),1/13,0.0129260209528938,0.034544649882843,0,0,87.57894736842105,380.8381798737429,LYN,Latent_11
GO_Biological_Process_2023,Positive Regulation Of Superoxide Anion Generation (GO:0032930),1/13,0.0129260209528938,0.034544649882843,0,0,87.57894736842105,380.8381798737429,SYK,Latent_11
GO_Biological_Process_2023,"Negative Regulation Of DNA Damage Response, Signal Transduction By P53 Class Mediator (GO:0043518)",1/13,0.0129260209528938,0.034544649882843,0,0,87.57894736842105,380.8381798737429,CD74,Latent_11
GO_Biological_Process_2023,Positive Regulation Of Cardiac Muscle Cell Proliferation (GO:0060045),1/13,0.0129260209528938,0.034544649882843,0,0,87.57894736842105,380.8381798737429,MEF2C,Latent_11
GO_Biological_Process_2023,Endolysosomal Toll-Like Receptor Signaling Pathway (GO:0140894),1/13,0.0129260209528938,0.034544649882843,0,0,87.57894736842105,380.8381798737429,PIK3AP1,Latent_11
KEGG_2021_Human,Heart Development (GO:0007507),2/171,0.0124808418461157,0.034544649882843,0,0,13.024983563445105,57.09580297600449,MEF2C;HDAC9,Latent_11
KEGG_2021_Human,Protein Phosphorylation (GO:0006468),3/500,0.0129021436445943,0.034544649882843,0,0,6.917860101787194,30.09519437589187,LYN;APP;SYK,Latent_11
KEGG_2021_Human,Positive Regulation Of Insulin Secretion Involved In Cellular Response To Glucose Stimulus (GO:0035774),1/13,0.0129260209528938,0.034544649882843,0,0,87.57894736842105,380.8381798737429,HLA-DRB1,Latent_11
KEGG_2021_Human,Positive Regulation Of Leukocyte Degranulation (GO:0043302),1/13,0.0129260209528938,0.034544649882843,0,0,87.57894736842105,380.8381798737429,SYK,Latent_11
KEGG_2021_Human,Regulation Of Intrinsic Apoptotic Signaling Pathway In Response To DNA Damage By P53 Class Mediator (GO:1902165),1/13,0.0129260209528938,0.034544649882843,0,0,87.57894736842105,380.8381798737429,CD74,Latent_11
KEGG_2021_Human,Immune Response-Regulating Cell Surface Receptor Signaling Pathway (GO:0002768),1/13,0.0129260209528938,0.034544649882843,0,0,87.57894736842105,380.8381798737429,LYN,Latent_11
KEGG_2021_Human,Positive Regulation Of Superoxide Anion Generation (GO:0032930),1/13,0.0129260209528938,0.034544649882843,0,0,87.57894736842105,380.8381798737429,SYK,Latent_11
KEGG_2021_Human,"Negative Regulation Of DNA Damage Response, Signal Transduction By P53 Class Mediator (GO:0043518)",1/13,0.0129260209528938,0.034544649882843,0,0,87.57894736842105,380.8381798737429,CD74,Latent_11
KEGG_2021_Human,Positive Regulation Of Cardiac Muscle Cell Proliferation (GO:0060045),1/13,0.0129260209528938,0.034544649882843,0,0,87.57894736842105,380.8381798737429,MEF2C,Latent_11
KEGG_2021_Human,Endolysosomal Toll-Like Receptor Signaling Pathway (GO:0140894),1/13,0.0129260209528938,0.034544649882843,0,0,87.57894736842105,380.8381798737429,PIK3AP1,Latent_11
GO_Biological_Process_2023,Positive Regulation Of I-kappaB kinase/NF-kappaB Signaling (GO:0043123),2/175,0.0130421884678955,0.0347035623580525,0,0,12.721258831085422,55.20474114640941,CD74;HLA-DRB1,Latent_11
KEGG_2021_Human,Positive Regulation Of I-kappaB kinase/NF-kappaB Signaling (GO:0043123),2/175,0.0130421884678955,0.0347035623580525,0,0,12.721258831085422,55.20474114640941,CD74;HLA-DRB1,Latent_11
GO_Biological_Process_2023,Negative Regulation Of Cytokine Production (GO:0001818),2/178,0.0134703784938551,0.035687756009694,0,0,12.502525252525253,53.85165429885327,HDAC9;HLA-DRB1,Latent_11
KEGG_2021_Human,Negative Regulation Of Cytokine Production (GO:0001818),2/178,0.0134703784938551,0.035687756009694,0,0,12.502525252525253,53.85165429885327,HDAC9;HLA-DRB1,Latent_11
GO_Biological_Process_2023,Positive Regulation Of Long-Term Synaptic Potentiation (GO:1900273),1/14,0.01391373176082,0.0359291301165479,0,0,80.83805668016194,345.57291333057793,APP,Latent_11
GO_Biological_Process_2023,Negative Regulation Of Smooth Muscle Cell Migration (GO:0014912),1/14,0.01391373176082,0.0359291301165479,0,0,80.83805668016194,345.57291333057793,MEF2C,Latent_11
GO_Biological_Process_2023,Positive Regulation Of Response To Cytokine Stimulus (GO:0060760),1/14,0.01391373176082,0.0359291301165479,0,0,80.83805668016194,345.57291333057793,CD74,Latent_11
GO_Biological_Process_2023,Prostanoid Biosynthetic Process (GO:0046457),1/14,0.01391373176082,0.0359291301165479,0,0,80.83805668016194,345.57291333057793,CD74,Latent_11
GO_Biological_Process_2023,Regulation Of Superoxide Anion Generation (GO:0032928),1/14,0.01391373176082,0.0359291301165479,0,0,80.83805668016194,345.57291333057793,SYK,Latent_11
GO_Biological_Process_2023,Copper Ion Homeostasis (GO:0055070),1/14,0.01391373176082,0.0359291301165479,0,0,80.83805668016194,345.57291333057793,APP,Latent_11
KEGG_2021_Human,Positive Regulation Of Long-Term Synaptic Potentiation (GO:1900273),1/14,0.01391373176082,0.0359291301165479,0,0,80.83805668016194,345.57291333057793,APP,Latent_11
KEGG_2021_Human,Negative Regulation Of Smooth Muscle Cell Migration (GO:0014912),1/14,0.01391373176082,0.0359291301165479,0,0,80.83805668016194,345.57291333057793,MEF2C,Latent_11
KEGG_2021_Human,Positive Regulation Of Response To Cytokine Stimulus (GO:0060760),1/14,0.01391373176082,0.0359291301165479,0,0,80.83805668016194,345.57291333057793,CD74,Latent_11
KEGG_2021_Human,Prostanoid Biosynthetic Process (GO:0046457),1/14,0.01391373176082,0.0359291301165479,0,0,80.83805668016194,345.57291333057793,CD74,Latent_11
KEGG_2021_Human,Regulation Of Superoxide Anion Generation (GO:0032928),1/14,0.01391373176082,0.0359291301165479,0,0,80.83805668016194,345.57291333057793,SYK,Latent_11
KEGG_2021_Human,Copper Ion Homeostasis (GO:0055070),1/14,0.01391373176082,0.0359291301165479,0,0,80.83805668016194,345.57291333057793,APP,Latent_11
GO_Biological_Process_2023,Negative Regulation Of Macromolecule Metabolic Process (GO:0010605),2/186,0.014642007150812,0.0373733947492046,0,0,11.954106280193235,50.49247947405065,APP;MEF2C,Latent_11
GO_Biological_Process_2023,B Cell Mediated Immunity (GO:0019724),1/15,0.0149005037888985,0.0373733947492046,0,0,75.06015037593986,315.7300332957057,CD74,Latent_11
GO_Biological_Process_2023,Golgi To Endosome Transport (GO:0006895),1/15,0.0149005037888985,0.0373733947492046,0,0,75.06015037593986,315.7300332957057,VPS13C,Latent_11
GO_Biological_Process_2023,Regulation Of Lipoprotein Lipase Activity (GO:0051004),1/15,0.0149005037888985,0.0373733947492046,0,0,75.06015037593986,315.7300332957057,HDAC9,Latent_11
GO_Biological_Process_2023,Astrocyte Development (GO:0014002),1/15,0.0149005037888985,0.0373733947492046,0,0,75.06015037593986,315.7300332957057,APP,Latent_11
GO_Biological_Process_2023,Regulation Of Rac Protein Signal Transduction (GO:0035020),1/15,0.0149005037888985,0.0373733947492046,0,0,75.06015037593986,315.7300332957057,ARHGAP24,Latent_11
GO_Biological_Process_2023,Regulation Of Amyloid Fibril Formation (GO:1905906),1/15,0.0149005037888985,0.0373733947492046,0,0,75.06015037593986,315.7300332957057,APP,Latent_11
KEGG_2021_Human,Negative Regulation Of Macromolecule Metabolic Process (GO:0010605),2/186,0.014642007150812,0.0373733947492046,0,0,11.954106280193235,50.49247947405065,APP;MEF2C,Latent_11
KEGG_2021_Human,B Cell Mediated Immunity (GO:0019724),1/15,0.0149005037888985,0.0373733947492046,0,0,75.06015037593986,315.7300332957057,CD74,Latent_11
KEGG_2021_Human,Golgi To Endosome Transport (GO:0006895),1/15,0.0149005037888985,0.0373733947492046,0,0,75.06015037593986,315.7300332957057,VPS13C,Latent_11
KEGG_2021_Human,Regulation Of Lipoprotein Lipase Activity (GO:0051004),1/15,0.0149005037888985,0.0373733947492046,0,0,75.06015037593986,315.7300332957057,HDAC9,Latent_11
KEGG_2021_Human,Astrocyte Development (GO:0014002),1/15,0.0149005037888985,0.0373733947492046,0,0,75.06015037593986,315.7300332957057,APP,Latent_11
KEGG_2021_Human,Regulation Of Rac Protein Signal Transduction (GO:0035020),1/15,0.0149005037888985,0.0373733947492046,0,0,75.06015037593986,315.7300332957057,ARHGAP24,Latent_11
KEGG_2021_Human,Regulation Of Amyloid Fibril Formation (GO:1905906),1/15,0.0149005037888985,0.0373733947492046,0,0,75.06015037593986,315.7300332957057,APP,Latent_11
GO_Biological_Process_2023,Neuron Projection Development (GO:0031175),2/192,0.0155488416827921,0.0381272108752551,0,0,11.57309941520468,48.18771411798436,LYN;APP,Latent_11
GO_Biological_Process_2023,Negative Regulation Of Cellular Process (GO:0048523),3/537,0.0156183735856019,0.0381272108752551,0,0,6.426305353602115,26.72897853684593,LYN;APP;VPS13C,Latent_11
GO_Biological_Process_2023,Negative Regulation Of Intrinsic Apoptotic Signaling Pathway By P53 Class Mediator (GO:1902254),1/16,0.0158863378646896,0.0381272108752551,0,0,70.05263157894737,290.1787210723924,CD74,Latent_11
GO_Biological_Process_2023,Positive Regulation Of Lymphocyte Migration (GO:2000403),1/16,0.0158863378646896,0.0381272108752551,0,0,70.05263157894737,290.1787210723924,APP,Latent_11
GO_Biological_Process_2023,Positive Regulation Of Myeloid Leukocyte Cytokine Production Involved In Immune Response (GO:0061081),1/16,0.0158863378646896,0.0381272108752551,0,0,70.05263157894737,290.1787210723924,CD74,Latent_11
GO_Biological_Process_2023,Neuron Projection Organization (GO:0106027),1/16,0.0158863378646896,0.0381272108752551,0,0,70.05263157894737,290.1787210723924,APP,Latent_11
GO_Biological_Process_2023,Cell Surface Toll-Like Receptor Signaling Pathway (GO:0140895),1/16,0.0158863378646896,0.0381272108752551,0,0,70.05263157894737,290.1787210723924,PIK3AP1,Latent_11
GO_Biological_Process_2023,Regulation Of B Cell Receptor Signaling Pathway (GO:0050855),1/16,0.0158863378646896,0.0381272108752551,0,0,70.05263157894737,290.1787210723924,LYN,Latent_11
GO_Biological_Process_2023,Regulation Of NMDA Receptor Activity (GO:2000310),1/16,0.0158863378646896,0.0381272108752551,0,0,70.05263157894737,290.1787210723924,MEF2C,Latent_11
GO_Biological_Process_2023,Positive Regulation Of Cardiac Muscle Tissue Growth (GO:0055023),1/16,0.0158863378646896,0.0381272108752551,0,0,70.05263157894737,290.1787210723924,MEF2C,Latent_11
GO_Biological_Process_2023,Positive Regulation Of Cell Migration Involved In Sprouting Angiogenesis (GO:0090050),1/16,0.0158863378646896,0.0381272108752551,0,0,70.05263157894737,290.1787210723924,HDAC9,Latent_11
KEGG_2021_Human,Neuron Projection Development (GO:0031175),2/192,0.0155488416827921,0.0381272108752551,0,0,11.57309941520468,48.18771411798436,LYN;APP,Latent_11
KEGG_2021_Human,Negative Regulation Of Cellular Process (GO:0048523),3/537,0.0156183735856019,0.0381272108752551,0,0,6.426305353602115,26.72897853684593,LYN;APP;VPS13C,Latent_11
KEGG_2021_Human,Negative Regulation Of Intrinsic Apoptotic Signaling Pathway By P53 Class Mediator (GO:1902254),1/16,0.0158863378646896,0.0381272108752551,0,0,70.05263157894737,290.1787210723924,CD74,Latent_11
KEGG_2021_Human,Positive Regulation Of Lymphocyte Migration (GO:2000403),1/16,0.0158863378646896,0.0381272108752551,0,0,70.05263157894737,290.1787210723924,APP,Latent_11
KEGG_2021_Human,Positive Regulation Of Myeloid Leukocyte Cytokine Production Involved In Immune Response (GO:0061081),1/16,0.0158863378646896,0.0381272108752551,0,0,70.05263157894737,290.1787210723924,CD74,Latent_11
KEGG_2021_Human,Neuron Projection Organization (GO:0106027),1/16,0.0158863378646896,0.0381272108752551,0,0,70.05263157894737,290.1787210723924,APP,Latent_11
KEGG_2021_Human,Cell Surface Toll-Like Receptor Signaling Pathway (GO:0140895),1/16,0.0158863378646896,0.0381272108752551,0,0,70.05263157894737,290.1787210723924,PIK3AP1,Latent_11
KEGG_2021_Human,Regulation Of B Cell Receptor Signaling Pathway (GO:0050855),1/16,0.0158863378646896,0.0381272108752551,0,0,70.05263157894737,290.1787210723924,LYN,Latent_11
KEGG_2021_Human,Regulation Of NMDA Receptor Activity (GO:2000310),1/16,0.0158863378646896,0.0381272108752551,0,0,70.05263157894737,290.1787210723924,MEF2C,Latent_11
KEGG_2021_Human,Positive Regulation Of Cardiac Muscle Tissue Growth (GO:0055023),1/16,0.0158863378646896,0.0381272108752551,0,0,70.05263157894737,290.1787210723924,MEF2C,Latent_11
KEGG_2021_Human,Positive Regulation Of Cell Migration Involved In Sprouting Angiogenesis (GO:0090050),1/16,0.0158863378646896,0.0381272108752551,0,0,70.05263157894737,290.1787210723924,HDAC9,Latent_11
GO_Biological_Process_2023,Positive Regulation Of Leukocyte Proliferation (GO:0070665),1/17,0.0168712348172723,0.0389630026723421,0,0,65.67105263157895,268.0787715603985,LYN,Latent_11
GO_Biological_Process_2023,Toll-Like Receptor 4 Signaling Pathway (GO:0034142),1/17,0.0168712348172723,0.0389630026723421,0,0,65.67105263157895,268.0787715603985,PIK3AP1,Latent_11
GO_Biological_Process_2023,Growth Hormone Receptor Signaling Pathway (GO:0060396),1/17,0.0168712348172723,0.0389630026723421,0,0,65.67105263157895,268.0787715603985,LYN,Latent_11
GO_Biological_Process_2023,Regulation Of Leukocyte Chemotaxis (GO:0002688),1/17,0.0168712348172723,0.0389630026723421,0,0,65.67105263157895,268.0787715603985,LYN,Latent_11
GO_Biological_Process_2023,Negative Regulation Of Vascular Associated Smooth Muscle Cell Proliferation (GO:1904706),1/17,0.0168712348172723,0.0389630026723421,0,0,65.67105263157895,268.0787715603985,MEF2C,Latent_11
GO_Biological_Process_2023,Neuron Maturation (GO:0042551),1/17,0.0168712348172723,0.0389630026723421,0,0,65.67105263157895,268.0787715603985,APP,Latent_11
GO_Biological_Process_2023,Prostaglandin Biosynthetic Process (GO:0001516),1/17,0.0168712348172723,0.0389630026723421,0,0,65.67105263157895,268.0787715603985,CD74,Latent_11
GO_Biological_Process_2023,Myeloid Cell Activation Involved In Immune Response (GO:0002275),1/17,0.0168712348172723,0.0389630026723421,0,0,65.67105263157895,268.0787715603985,SYK,Latent_11
GO_Biological_Process_2023,Positive Regulation Of Alpha-Beta T Cell Proliferation (GO:0046641),1/17,0.0168712348172723,0.0389630026723421,0,0,65.67105263157895,268.0787715603985,SYK,Latent_11
GO_Biological_Process_2023,Positive Regulation Of Cell Adhesion Mediated By Integrin (GO:0033630),1/17,0.0168712348172723,0.0389630026723421,0,0,65.67105263157895,268.0787715603985,SYK,Latent_11
KEGG_2021_Human,Positive Regulation Of Leukocyte Proliferation (GO:0070665),1/17,0.0168712348172723,0.0389630026723421,0,0,65.67105263157895,268.0787715603985,LYN,Latent_11
KEGG_2021_Human,Toll-Like Receptor 4 Signaling Pathway (GO:0034142),1/17,0.0168712348172723,0.0389630026723421,0,0,65.67105263157895,268.0787715603985,PIK3AP1,Latent_11
KEGG_2021_Human,Growth Hormone Receptor Signaling Pathway (GO:0060396),1/17,0.0168712348172723,0.0389630026723421,0,0,65.67105263157895,268.0787715603985,LYN,Latent_11
KEGG_2021_Human,Regulation Of Leukocyte Chemotaxis (GO:0002688),1/17,0.0168712348172723,0.0389630026723421,0,0,65.67105263157895,268.0787715603985,LYN,Latent_11
KEGG_2021_Human,Negative Regulation Of Vascular Associated Smooth Muscle Cell Proliferation (GO:1904706),1/17,0.0168712348172723,0.0389630026723421,0,0,65.67105263157895,268.0787715603985,MEF2C,Latent_11
KEGG_2021_Human,Neuron Maturation (GO:0042551),1/17,0.0168712348172723,0.0389630026723421,0,0,65.67105263157895,268.0787715603985,APP,Latent_11
KEGG_2021_Human,Prostaglandin Biosynthetic Process (GO:0001516),1/17,0.0168712348172723,0.0389630026723421,0,0,65.67105263157895,268.0787715603985,CD74,Latent_11
KEGG_2021_Human,Myeloid Cell Activation Involved In Immune Response (GO:0002275),1/17,0.0168712348172723,0.0389630026723421,0,0,65.67105263157895,268.0787715603985,SYK,Latent_11
KEGG_2021_Human,Positive Regulation Of Alpha-Beta T Cell Proliferation (GO:0046641),1/17,0.0168712348172723,0.0389630026723421,0,0,65.67105263157895,268.0787715603985,SYK,Latent_11
KEGG_2021_Human,Positive Regulation Of Cell Adhesion Mediated By Integrin (GO:0033630),1/17,0.0168712348172723,0.0389630026723421,0,0,65.67105263157895,268.0787715603985,SYK,Latent_11
GO_Biological_Process_2023,Negative Regulation Of DNA-templated Transcription (GO:0045892),4/1025,0.0172133235393947,0.0395919551869561,0,0,4.642262487757101,18.8572024749942,MEF2C;ZEB2;IRF8;HDAC9,Latent_11
GO_Biological_Process_2023,Positive Regulation Of Interleukin-4 Production (GO:0032753),1/18,0.0178551954764704,0.0395919551869561,0,0,61.80495356037152,248.79341471282052,SYK,Latent_11
GO_Biological_Process_2023,Excitatory Postsynaptic Potential (GO:0060079),1/18,0.0178551954764704,0.0395919551869561,0,0,61.80495356037152,248.79341471282052,MEF2C,Latent_11
GO_Biological_Process_2023,Positive Regulation Of Neutrophil Chemotaxis (GO:0090023),1/18,0.0178551954764704,0.0395919551869561,0,0,61.80495356037152,248.79341471282052,CD74,Latent_11
GO_Biological_Process_2023,Negative Regulation Of Signal Transduction By P53 Class Mediator (GO:1901797),1/18,0.0178551954764704,0.0395919551869561,0,0,61.80495356037152,248.79341471282052,CD74,Latent_11
GO_Biological_Process_2023,Positive Regulation Of Stress-Activated Protein Kinase Signaling Cascade (GO:0070304),1/18,0.0178551954764704,0.0395919551869561,0,0,61.80495356037152,248.79341471282052,LYN,Latent_11
GO_Biological_Process_2023,Neural Crest Cell Differentiation (GO:0014033),1/18,0.0178551954764704,0.0395919551869561,0,0,61.80495356037152,248.79341471282052,MEF2C,Latent_11
GO_Biological_Process_2023,Associative Learning (GO:0008306),1/18,0.0178551954764704,0.0395919551869561,0,0,61.80495356037152,248.79341471282052,APP,Latent_11
GO_Biological_Process_2023,Regulation Of Nervous System Process (GO:0031644),1/18,0.0178551954764704,0.0395919551869561,0,0,61.80495356037152,248.79341471282052,APP,Latent_11
GO_Biological_Process_2023,Neutrophil Activation (GO:0042119),1/18,0.0178551954764704,0.0395919551869561,0,0,61.80495356037152,248.79341471282052,SYK,Latent_11
GO_Biological_Process_2023,Regulation Of Vascular Endothelial Cell Proliferation (GO:1905562),1/18,0.0178551954764704,0.0395919551869561,0,0,61.80495356037152,248.79341471282052,MEF2C,Latent_11
KEGG_2021_Human,Negative Regulation Of DNA-templated Transcription (GO:0045892),4/1025,0.0172133235393947,0.0395919551869561,0,0,4.642262487757101,18.8572024749942,MEF2C;ZEB2;IRF8;HDAC9,Latent_11
KEGG_2021_Human,Positive Regulation Of Interleukin-4 Production (GO:0032753),1/18,0.0178551954764704,0.0395919551869561,0,0,61.80495356037152,248.79341471282052,SYK,Latent_11
KEGG_2021_Human,Excitatory Postsynaptic Potential (GO:0060079),1/18,0.0178551954764704,0.0395919551869561,0,0,61.80495356037152,248.79341471282052,MEF2C,Latent_11
KEGG_2021_Human,Positive Regulation Of Neutrophil Chemotaxis (GO:0090023),1/18,0.0178551954764704,0.0395919551869561,0,0,61.80495356037152,248.79341471282052,CD74,Latent_11
KEGG_2021_Human,Negative Regulation Of Signal Transduction By P53 Class Mediator (GO:1901797),1/18,0.0178551954764704,0.0395919551869561,0,0,61.80495356037152,248.79341471282052,CD74,Latent_11
KEGG_2021_Human,Positive Regulation Of Stress-Activated Protein Kinase Signaling Cascade (GO:0070304),1/18,0.0178551954764704,0.0395919551869561,0,0,61.80495356037152,248.79341471282052,LYN,Latent_11
KEGG_2021_Human,Neural Crest Cell Differentiation (GO:0014033),1/18,0.0178551954764704,0.0395919551869561,0,0,61.80495356037152,248.79341471282052,MEF2C,Latent_11
KEGG_2021_Human,Associative Learning (GO:0008306),1/18,0.0178551954764704,0.0395919551869561,0,0,61.80495356037152,248.79341471282052,APP,Latent_11
KEGG_2021_Human,Regulation Of Nervous System Process (GO:0031644),1/18,0.0178551954764704,0.0395919551869561,0,0,61.80495356037152,248.79341471282052,APP,Latent_11
KEGG_2021_Human,Neutrophil Activation (GO:0042119),1/18,0.0178551954764704,0.0395919551869561,0,0,61.80495356037152,248.79341471282052,SYK,Latent_11
KEGG_2021_Human,Regulation Of Vascular Endothelial Cell Proliferation (GO:1905562),1/18,0.0178551954764704,0.0395919551869561,0,0,61.80495356037152,248.79341471282052,MEF2C,Latent_11
GO_Biological_Process_2023,Regulation Of Megakaryocyte Differentiation (GO:0045652),1/19,0.0188382206720142,0.0414711908319163,0,0,58.36842105263158,231.8316321803268,MEF2C,Latent_11
GO_Biological_Process_2023,Regulation Of B Cell Differentiation (GO:0045577),1/19,0.0188382206720142,0.0414711908319163,0,0,58.36842105263158,231.8316321803268,SYK,Latent_11
KEGG_2021_Human,Regulation Of Megakaryocyte Differentiation (GO:0045652),1/19,0.0188382206720142,0.0414711908319163,0,0,58.36842105263158,231.8316321803268,MEF2C,Latent_11
KEGG_2021_Human,Regulation Of B Cell Differentiation (GO:0045577),1/19,0.0188382206720142,0.0414711908319163,0,0,58.36842105263158,231.8316321803268,SYK,Latent_11
GO_Biological_Process_2023,Striated Muscle Cell Differentiation (GO:0051146),1/20,0.019820311238232,0.0425615104484141,0,0,55.29362880886426,216.80897525048425,MEF2C,Latent_11
GO_Biological_Process_2023,Transport Along Microtubule (GO:0010970),1/20,0.019820311238232,0.0425615104484141,0,0,55.29362880886426,216.80897525048425,APP,Latent_11
GO_Biological_Process_2023,Lipopolysaccharide-Mediated Signaling Pathway (GO:0031663),1/20,0.019820311238232,0.0425615104484141,0,0,55.29362880886426,216.80897525048425,LYN,Latent_11
GO_Biological_Process_2023,Protein Deacylation (GO:0035601),1/20,0.019820311238232,0.0425615104484141,0,0,55.29362880886426,216.80897525048425,HDAC9,Latent_11
GO_Biological_Process_2023,Microglial Cell Activation (GO:0001774),1/20,0.019820311238232,0.0425615104484141,0,0,55.29362880886426,216.80897525048425,APP,Latent_11
GO_Biological_Process_2023,Negative Regulation Of B Cell Activation (GO:0050869),1/20,0.019820311238232,0.0425615104484141,0,0,55.29362880886426,216.80897525048425,LYN,Latent_11
GO_Biological_Process_2023,Regulation Of Cardiac Muscle Cell Proliferation (GO:0060043),1/20,0.019820311238232,0.0425615104484141,0,0,55.29362880886426,216.80897525048425,MEF2C,Latent_11
KEGG_2021_Human,Striated Muscle Cell Differentiation (GO:0051146),1/20,0.019820311238232,0.0425615104484141,0,0,55.29362880886426,216.80897525048425,MEF2C,Latent_11
KEGG_2021_Human,Transport Along Microtubule (GO:0010970),1/20,0.019820311238232,0.0425615104484141,0,0,55.29362880886426,216.80897525048425,APP,Latent_11
KEGG_2021_Human,Lipopolysaccharide-Mediated Signaling Pathway (GO:0031663),1/20,0.019820311238232,0.0425615104484141,0,0,55.29362880886426,216.80897525048425,LYN,Latent_11
KEGG_2021_Human,Protein Deacylation (GO:0035601),1/20,0.019820311238232,0.0425615104484141,0,0,55.29362880886426,216.80897525048425,HDAC9,Latent_11
KEGG_2021_Human,Microglial Cell Activation (GO:0001774),1/20,0.019820311238232,0.0425615104484141,0,0,55.29362880886426,216.80897525048425,APP,Latent_11
KEGG_2021_Human,Negative Regulation Of B Cell Activation (GO:0050869),1/20,0.019820311238232,0.0425615104484141,0,0,55.29362880886426,216.80897525048425,LYN,Latent_11
KEGG_2021_Human,Regulation Of Cardiac Muscle Cell Proliferation (GO:0060043),1/20,0.019820311238232,0.0425615104484141,0,0,55.29362880886426,216.80897525048425,MEF2C,Latent_11
GO_Biological_Process_2023,Positive Regulation Of Granulocyte Chemotaxis (GO:0071624),1/21,0.0208014680109953,0.0437474172602375,0,0,52.526315789473685,203.4203291515269,CD74,Latent_11
GO_Biological_Process_2023,Regulation Of Dendritic Spine Development (GO:0060998),1/21,0.0208014680109953,0.0437474172602375,0,0,52.526315789473685,203.4203291515269,MEF2C,Latent_11
GO_Biological_Process_2023,Negative Regulation Of Interleukin-2 Production (GO:0032703),1/21,0.0208014680109953,0.0437474172602375,0,0,52.526315789473685,203.4203291515269,HDAC9,Latent_11
GO_Biological_Process_2023,Regulation Of Neurotransmitter Transport (GO:0051588),1/21,0.0208014680109953,0.0437474172602375,0,0,52.526315789473685,203.4203291515269,MEF2C,Latent_11
GO_Biological_Process_2023,Macrophage Differentiation (GO:0030225),1/21,0.0208014680109953,0.0437474172602375,0,0,52.526315789473685,203.4203291515269,HLA-DRB1,Latent_11
GO_Biological_Process_2023,Positive Regulation Of Amyloid Precursor Protein Catabolic Process (GO:1902993),1/21,0.0208014680109953,0.0437474172602375,0,0,52.526315789473685,203.4203291515269,LYN,Latent_11
KEGG_2021_Human,Positive Regulation Of Granulocyte Chemotaxis (GO:0071624),1/21,0.0208014680109953,0.0437474172602375,0,0,52.526315789473685,203.4203291515269,CD74,Latent_11
KEGG_2021_Human,Regulation Of Dendritic Spine Development (GO:0060998),1/21,0.0208014680109953,0.0437474172602375,0,0,52.526315789473685,203.4203291515269,MEF2C,Latent_11
KEGG_2021_Human,Negative Regulation Of Interleukin-2 Production (GO:0032703),1/21,0.0208014680109953,0.0437474172602375,0,0,52.526315789473685,203.4203291515269,HDAC9,Latent_11
KEGG_2021_Human,Regulation Of Neurotransmitter Transport (GO:0051588),1/21,0.0208014680109953,0.0437474172602375,0,0,52.526315789473685,203.4203291515269,MEF2C,Latent_11
KEGG_2021_Human,Macrophage Differentiation (GO:0030225),1/21,0.0208014680109953,0.0437474172602375,0,0,52.526315789473685,203.4203291515269,HLA-DRB1,Latent_11
KEGG_2021_Human,Positive Regulation Of Amyloid Precursor Protein Catabolic Process (GO:1902993),1/21,0.0208014680109953,0.0437474172602375,0,0,52.526315789473685,203.4203291515269,LYN,Latent_11
GO_Biological_Process_2023,Positive Regulation Of Phosphatase Activity (GO:0010922),1/22,0.0217816918149241,0.0453414809208624,0,0,50.02255639097744,191.42059056605152,MEF2C,Latent_11
GO_Biological_Process_2023,Regulation Of Mononuclear Cell Migration (GO:0071675),1/22,0.0217816918149241,0.0453414809208624,0,0,50.02255639097744,191.42059056605152,LYN,Latent_11
GO_Biological_Process_2023,Cellular Response To Low-Density Lipoprotein Particle Stimulus (GO:0071404),1/22,0.0217816918149241,0.0453414809208624,0,0,50.02255639097744,191.42059056605152,SYK,Latent_11
KEGG_2021_Human,Positive Regulation Of Phosphatase Activity (GO:0010922),1/22,0.0217816918149241,0.0453414809208624,0,0,50.02255639097744,191.42059056605152,MEF2C,Latent_11
KEGG_2021_Human,Regulation Of Mononuclear Cell Migration (GO:0071675),1/22,0.0217816918149241,0.0453414809208624,0,0,50.02255639097744,191.42059056605152,LYN,Latent_11
KEGG_2021_Human,Cellular Response To Low-Density Lipoprotein Particle Stimulus (GO:0071404),1/22,0.0217816918149241,0.0453414809208624,0,0,50.02255639097744,191.42059056605152,SYK,Latent_11
GO_Biological_Process_2023,Negative Regulation Of Intracellular Signal Transduction (GO:1902532),2/231,0.0220100704540668,0.0455073078307058,0,0,9.583212032993693,36.571982585393975,LYN;HDAC9,Latent_11
GO_Biological_Process_2023,Negative Regulation Of Multicellular Organismal Process (GO:0051241),2/231,0.0220100704540668,0.0455073078307058,0,0,9.583212032993693,36.571982585393975,MEF2C;HDAC9,Latent_11
KEGG_2021_Human,Negative Regulation Of Intracellular Signal Transduction (GO:1902532),2/231,0.0220100704540668,0.0455073078307058,0,0,9.583212032993693,36.571982585393975,LYN;HDAC9,Latent_11
KEGG_2021_Human,Negative Regulation Of Multicellular Organismal Process (GO:0051241),2/231,0.0220100704540668,0.0455073078307058,0,0,9.583212032993693,36.571982585393975,MEF2C;HDAC9,Latent_11
GO_Biological_Process_2023,Regulation Of I-kappaB kinase/NF-kappaB Signaling (GO:0043122),2/232,0.0221882622013249,0.0455219669807802,0,0,9.541062801932368,36.33419769425859,CD74;HLA-DRB1,Latent_11
GO_Biological_Process_2023,Glial Cell Development (GO:0021782),1/23,0.0227609834903901,0.0455219669807802,0,0,47.74641148325359,180.6107068727385,APP,Latent_11
GO_Biological_Process_2023,Positive Regulation Of Neutrophil Migration (GO:1902624),1/23,0.0227609834903901,0.0455219669807802,0,0,47.74641148325359,180.6107068727385,CD74,Latent_11
GO_Biological_Process_2023,Adaptive Immune Response Based On Somatic Recombination Of Immune Receptors Built From Immunoglobulin Superfamily Domains (GO:0002460),1/23,0.0227609834903901,0.0455219669807802,0,0,47.74641148325359,180.6107068727385,HLA-DRB1,Latent_11
GO_Biological_Process_2023,Immune Response-Activating Cell Surface Receptor Signaling Pathway (GO:0002429),1/23,0.0227609834903901,0.0455219669807802,0,0,47.74641148325359,180.6107068727385,LYN,Latent_11
GO_Biological_Process_2023,Regulation Of Myotube Differentiation (GO:0010830),1/23,0.0227609834903901,0.0455219669807802,0,0,47.74641148325359,180.6107068727385,HDAC9,Latent_11
GO_Biological_Process_2023,Lymphocyte Activation Involved In Immune Response (GO:0002285),1/23,0.0227609834903901,0.0455219669807802,0,0,47.74641148325359,180.6107068727385,CD74,Latent_11
GO_Biological_Process_2023,Regulation Of Toll-Like Receptor 4 Signaling Pathway (GO:0034143),1/23,0.0227609834903901,0.0455219669807802,0,0,47.74641148325359,180.6107068727385,LYN,Latent_11
GO_Biological_Process_2023,Regulation Of T Cell Migration (GO:2000404),1/23,0.0227609834903901,0.0455219669807802,0,0,47.74641148325359,180.6107068727385,APP,Latent_11
GO_Biological_Process_2023,Regulation Of Cell Junction Assembly (GO:1901888),1/23,0.0227609834903901,0.0455219669807802,0,0,47.74641148325359,180.6107068727385,MEF2C,Latent_11
KEGG_2021_Human,Regulation Of I-kappaB kinase/NF-kappaB Signaling (GO:0043122),2/232,0.0221882622013249,0.0455219669807802,0,0,9.541062801932368,36.33419769425859,CD74;HLA-DRB1,Latent_11
KEGG_2021_Human,Glial Cell Development (GO:0021782),1/23,0.0227609834903901,0.0455219669807802,0,0,47.74641148325359,180.6107068727385,APP,Latent_11
KEGG_2021_Human,Positive Regulation Of Neutrophil Migration (GO:1902624),1/23,0.0227609834903901,0.0455219669807802,0,0,47.74641148325359,180.6107068727385,CD74,Latent_11
KEGG_2021_Human,Adaptive Immune Response Based On Somatic Recombination Of Immune Receptors Built From Immunoglobulin Superfamily Domains (GO:0002460),1/23,0.0227609834903901,0.0455219669807802,0,0,47.74641148325359,180.6107068727385,HLA-DRB1,Latent_11
KEGG_2021_Human,Immune Response-Activating Cell Surface Receptor Signaling Pathway (GO:0002429),1/23,0.0227609834903901,0.0455219669807802,0,0,47.74641148325359,180.6107068727385,LYN,Latent_11
KEGG_2021_Human,Regulation Of Myotube Differentiation (GO:0010830),1/23,0.0227609834903901,0.0455219669807802,0,0,47.74641148325359,180.6107068727385,HDAC9,Latent_11
KEGG_2021_Human,Lymphocyte Activation Involved In Immune Response (GO:0002285),1/23,0.0227609834903901,0.0455219669807802,0,0,47.74641148325359,180.6107068727385,CD74,Latent_11
KEGG_2021_Human,Regulation Of Toll-Like Receptor 4 Signaling Pathway (GO:0034143),1/23,0.0227609834903901,0.0455219669807802,0,0,47.74641148325359,180.6107068727385,LYN,Latent_11
KEGG_2021_Human,Regulation Of T Cell Migration (GO:2000404),1/23,0.0227609834903901,0.0455219669807802,0,0,47.74641148325359,180.6107068727385,APP,Latent_11
KEGG_2021_Human,Regulation Of Cell Junction Assembly (GO:1901888),1/23,0.0227609834903901,0.0455219669807802,0,0,47.74641148325359,180.6107068727385,MEF2C,Latent_11
GO_Biological_Process_2023,Regulation Of Gene Expression (GO:0010468),4/1127,0.0235605130632642,0.0459761976148617,0,0,4.1979073909171865,15.734525720849463,LYN;APP;CD74;MEF2C,Latent_11
GO_Biological_Process_2023,Regulation Of Inflammatory Response (GO:0050727),2/240,0.0236355940138809,0.0459761976148617,0,0,9.216619981325865,34.51625549136612,APP;PIK3AP1,Latent_11
GO_Biological_Process_2023,Negative Regulation Of Ossification (GO:0030279),1/24,0.0237393438664972,0.0459761976148617,0,0,45.66819221967963,170.827422984315,MEF2C,Latent_11
GO_Biological_Process_2023,Regulation Of Muscle Cell Differentiation (GO:0051147),1/24,0.0237393438664972,0.0459761976148617,0,0,45.66819221967963,170.827422984315,HDAC9,Latent_11
GO_Biological_Process_2023,Positive Regulation Of Transforming Growth Factor Beta Receptor Signaling Pathway (GO:0030511),1/24,0.0237393438664972,0.0459761976148617,0,0,45.66819221967963,170.827422984315,ZEB2,Latent_11
GO_Biological_Process_2023,mRNA Polyadenylation (GO:0006378),1/24,0.0237393438664972,0.0459761976148617,0,0,45.66819221967963,170.827422984315,APP,Latent_11
GO_Biological_Process_2023,Cell Morphogenesis Involved In Differentiation (GO:0000904),1/24,0.0237393438664972,0.0459761976148617,0,0,45.66819221967963,170.827422984315,MEF2C,Latent_11
GO_Biological_Process_2023,Regulation Of Ruffle Assembly (GO:1900027),1/24,0.0237393438664972,0.0459761976148617,0,0,45.66819221967963,170.827422984315,ARHGAP24,Latent_11
GO_Biological_Process_2023,Regulation Of AMPA Receptor Activity (GO:2000311),1/24,0.0237393438664972,0.0459761976148617,0,0,45.66819221967963,170.827422984315,MEF2C,Latent_11
GO_Biological_Process_2023,Positive Regulation Of Cellular Response To Transforming Growth Factor Beta Stimulus (GO:1903846),1/24,0.0237393438664972,0.0459761976148617,0,0,45.66819221967963,170.827422984315,ZEB2,Latent_11
KEGG_2021_Human,Regulation Of Gene Expression (GO:0010468),4/1127,0.0235605130632642,0.0459761976148617,0,0,4.1979073909171865,15.734525720849463,LYN;APP;CD74;MEF2C,Latent_11
KEGG_2021_Human,Regulation Of Inflammatory Response (GO:0050727),2/240,0.0236355940138809,0.0459761976148617,0,0,9.216619981325865,34.51625549136612,APP;PIK3AP1,Latent_11
KEGG_2021_Human,Negative Regulation Of Ossification (GO:0030279),1/24,0.0237393438664972,0.0459761976148617,0,0,45.66819221967963,170.827422984315,MEF2C,Latent_11
KEGG_2021_Human,Regulation Of Muscle Cell Differentiation (GO:0051147),1/24,0.0237393438664972,0.0459761976148617,0,0,45.66819221967963,170.827422984315,HDAC9,Latent_11
KEGG_2021_Human,Positive Regulation Of Transforming Growth Factor Beta Receptor Signaling Pathway (GO:0030511),1/24,0.0237393438664972,0.0459761976148617,0,0,45.66819221967963,170.827422984315,ZEB2,Latent_11
KEGG_2021_Human,mRNA Polyadenylation (GO:0006378),1/24,0.0237393438664972,0.0459761976148617,0,0,45.66819221967963,170.827422984315,APP,Latent_11
KEGG_2021_Human,Cell Morphogenesis Involved In Differentiation (GO:0000904),1/24,0.0237393438664972,0.0459761976148617,0,0,45.66819221967963,170.827422984315,MEF2C,Latent_11
KEGG_2021_Human,Regulation Of Ruffle Assembly (GO:1900027),1/24,0.0237393438664972,0.0459761976148617,0,0,45.66819221967963,170.827422984315,ARHGAP24,Latent_11
KEGG_2021_Human,Regulation Of AMPA Receptor Activity (GO:2000311),1/24,0.0237393438664972,0.0459761976148617,0,0,45.66819221967963,170.827422984315,MEF2C,Latent_11
KEGG_2021_Human,Positive Regulation Of Cellular Response To Transforming Growth Factor Beta Stimulus (GO:1903846),1/24,0.0237393438664972,0.0459761976148617,0,0,45.66819221967963,170.827422984315,ZEB2,Latent_11
GO_Biological_Process_2023,Negative Regulation Of Intrinsic Apoptotic Signaling Pathway In Response To DNA Damage (GO:1902230),1/25,0.0247167737784927,0.0464008145780292,0,0,43.76315789473684,161.93563879493826,CD74,Latent_11
GO_Biological_Process_2023,RNA Polyadenylation (GO:0043631),1/25,0.0247167737784927,0.0464008145780292,0,0,43.76315789473684,161.93563879493826,APP,Latent_11
GO_Biological_Process_2023,"Wound Healing, Spreading Of Cells (GO:0044319)",1/25,0.0247167737784927,0.0464008145780292,0,0,43.76315789473684,161.93563879493826,ARHGAP24,Latent_11
GO_Biological_Process_2023,Positive Regulation Of Striated Muscle Cell Differentiation (GO:0051155),1/25,0.0247167737784927,0.0464008145780292,0,0,43.76315789473684,161.93563879493826,MEF2C,Latent_11
GO_Biological_Process_2023,Regulation Of Monocyte Chemotaxis (GO:0090025),1/25,0.0247167737784927,0.0464008145780292,0,0,43.76315789473684,161.93563879493826,LYN,Latent_11
GO_Biological_Process_2023,Regulation Of Neutrophil Chemotaxis (GO:0090022),1/25,0.0247167737784927,0.0464008145780292,0,0,43.76315789473684,161.93563879493826,CD74,Latent_11
GO_Biological_Process_2023,Regulation Of Synapse Organization (GO:0050807),1/25,0.0247167737784927,0.0464008145780292,0,0,43.76315789473684,161.93563879493826,MEF2C,Latent_11
GO_Biological_Process_2023,"Chemical Synaptic Transmission, Postsynaptic (GO:0099565)",1/25,0.0247167737784927,0.0464008145780292,0,0,43.76315789473684,161.93563879493826,MEF2C,Latent_11
GO_Biological_Process_2023,Positive Regulation Of T Cell Migration (GO:2000406),1/25,0.0247167737784927,0.0464008145780292,0,0,43.76315789473684,161.93563879493826,APP,Latent_11
GO_Biological_Process_2023,Myotube Differentiation (GO:0014902),1/25,0.0247167737784927,0.0464008145780292,0,0,43.76315789473684,161.93563879493826,MEF2C,Latent_11
KEGG_2021_Human,Negative Regulation Of Intrinsic Apoptotic Signaling Pathway In Response To DNA Damage (GO:1902230),1/25,0.0247167737784927,0.0464008145780292,0,0,43.76315789473684,161.93563879493826,CD74,Latent_11
KEGG_2021_Human,RNA Polyadenylation (GO:0043631),1/25,0.0247167737784927,0.0464008145780292,0,0,43.76315789473684,161.93563879493826,APP,Latent_11
KEGG_2021_Human,"Wound Healing, Spreading Of Cells (GO:0044319)",1/25,0.0247167737784927,0.0464008145780292,0,0,43.76315789473684,161.93563879493826,ARHGAP24,Latent_11
KEGG_2021_Human,Positive Regulation Of Striated Muscle Cell Differentiation (GO:0051155),1/25,0.0247167737784927,0.0464008145780292,0,0,43.76315789473684,161.93563879493826,MEF2C,Latent_11
KEGG_2021_Human,Regulation Of Monocyte Chemotaxis (GO:0090025),1/25,0.0247167737784927,0.0464008145780292,0,0,43.76315789473684,161.93563879493826,LYN,Latent_11
KEGG_2021_Human,Regulation Of Neutrophil Chemotaxis (GO:0090022),1/25,0.0247167737784927,0.0464008145780292,0,0,43.76315789473684,161.93563879493826,CD74,Latent_11
KEGG_2021_Human,Regulation Of Synapse Organization (GO:0050807),1/25,0.0247167737784927,0.0464008145780292,0,0,43.76315789473684,161.93563879493826,MEF2C,Latent_11
KEGG_2021_Human,"Chemical Synaptic Transmission, Postsynaptic (GO:0099565)",1/25,0.0247167737784927,0.0464008145780292,0,0,43.76315789473684,161.93563879493826,MEF2C,Latent_11
KEGG_2021_Human,Positive Regulation Of T Cell Migration (GO:2000406),1/25,0.0247167737784927,0.0464008145780292,0,0,43.76315789473684,161.93563879493826,APP,Latent_11
KEGG_2021_Human,Myotube Differentiation (GO:0014902),1/25,0.0247167737784927,0.0464008145780292,0,0,43.76315789473684,161.93563879493826,MEF2C,Latent_11
GO_Biological_Process_2023,Regulation Of Epidermal Growth Factor-Activated Receptor Activity (GO:0007176),1/26,0.0256932740553108,0.0477941754463532,0,0,42.01052631578948,153.82263569148483,APP,Latent_11
GO_Biological_Process_2023,Negative Regulation Of Receptor-Mediated Endocytosis (GO:0048261),1/26,0.0256932740553108,0.0477941754463532,0,0,42.01052631578948,153.82263569148483,APP,Latent_11
GO_Biological_Process_2023,Cellular Response To Xenobiotic Stimulus (GO:0071466),1/26,0.0256932740553108,0.0477941754463532,0,0,42.01052631578948,153.82263569148483,MEF2C,Latent_11
KEGG_2021_Human,Regulation Of Epidermal Growth Factor-Activated Receptor Activity (GO:0007176),1/26,0.0256932740553108,0.0477941754463532,0,0,42.01052631578948,153.82263569148483,APP,Latent_11
KEGG_2021_Human,Negative Regulation Of Receptor-Mediated Endocytosis (GO:0048261),1/26,0.0256932740553108,0.0477941754463532,0,0,42.01052631578948,153.82263569148483,APP,Latent_11
KEGG_2021_Human,Cellular Response To Xenobiotic Stimulus (GO:0071466),1/26,0.0256932740553108,0.0477941754463532,0,0,42.01052631578948,153.82263569148483,MEF2C,Latent_11
GO_Biological_Process_2023,Establishment Of Protein Localization To Vacuole (GO:0072666),1/27,0.0266688455361458,0.0487203984123022,0,0,40.392712550607285,146.39366123411943,VPS13C,Latent_11
GO_Biological_Process_2023,T Cell Activation Involved In Immune Response (GO:0002286),1/27,0.0266688455361458,0.0487203984123022,0,0,40.392712550607285,146.39366123411943,CD74,Latent_11
GO_Biological_Process_2023,Regulation Of Insulin Secretion Involved In Cellular Response To Glucose Stimulus (GO:0061178),1/27,0.0266688455361458,0.0487203984123022,0,0,40.392712550607285,146.39366123411943,HLA-DRB1,Latent_11
GO_Biological_Process_2023,Cardiac Muscle Cell Differentiation (GO:0055007),1/27,0.0266688455361458,0.0487203984123022,0,0,40.392712550607285,146.39366123411943,MEF2C,Latent_11
GO_Biological_Process_2023,Myeloid Cell Development (GO:0061515),1/27,0.0266688455361458,0.0487203984123022,0,0,40.392712550607285,146.39366123411943,APP,Latent_11
GO_Biological_Process_2023,Negative Regulation Of NIK/NF-kappaB Signaling (GO:1901223),1/27,0.0266688455361458,0.0487203984123022,0,0,40.392712550607285,146.39366123411943,HDAC9,Latent_11
KEGG_2021_Human,Establishment Of Protein Localization To Vacuole (GO:0072666),1/27,0.0266688455361458,0.0487203984123022,0,0,40.392712550607285,146.39366123411943,VPS13C,Latent_11
KEGG_2021_Human,T Cell Activation Involved In Immune Response (GO:0002286),1/27,0.0266688455361458,0.0487203984123022,0,0,40.392712550607285,146.39366123411943,CD74,Latent_11
KEGG_2021_Human,Regulation Of Insulin Secretion Involved In Cellular Response To Glucose Stimulus (GO:0061178),1/27,0.0266688455361458,0.0487203984123022,0,0,40.392712550607285,146.39366123411943,HLA-DRB1,Latent_11
KEGG_2021_Human,Cardiac Muscle Cell Differentiation (GO:0055007),1/27,0.0266688455361458,0.0487203984123022,0,0,40.392712550607285,146.39366123411943,MEF2C,Latent_11
KEGG_2021_Human,Myeloid Cell Development (GO:0061515),1/27,0.0266688455361458,0.0487203984123022,0,0,40.392712550607285,146.39366123411943,APP,Latent_11
KEGG_2021_Human,Negative Regulation Of NIK/NF-kappaB Signaling (GO:1901223),1/27,0.0266688455361458,0.0487203984123022,0,0,40.392712550607285,146.39366123411943,HDAC9,Latent_11
GO_Biological_Process_2023,Cytokine-Mediated Signaling Pathway (GO:0019221),2/257,0.0268375373199361,0.0488826572613122,0,0,8.594771241830065,31.09548463152689,LYN;SYK,Latent_11
KEGG_2021_Human,Cytokine-Mediated Signaling Pathway (GO:0019221),2/257,0.0268375373199361,0.0488826572613122,0,0,8.594771241830065,31.09548463152689,LYN;SYK,Latent_11
GO_Biological_Process_2023,Hematopoietic Progenitor Cell Differentiation (GO:0002244),1/28,0.0276434890482457,0.0494672961915976,0,0,38.89473684210526,139.56851455439977,LYN,Latent_11
GO_Biological_Process_2023,Negative Regulation Of Type II Interferon Production (GO:0032689),1/28,0.0276434890482457,0.0494672961915976,0,0,38.89473684210526,139.56851455439977,HLA-DRB1,Latent_11
GO_Biological_Process_2023,Protein Localization To Golgi Apparatus (GO:0034067),1/28,0.0276434890482457,0.0494672961915976,0,0,38.89473684210526,139.56851455439977,VPS13C,Latent_11
GO_Biological_Process_2023,"Regulation Of DNA Damage Response, Signal Transduction By P53 Class Mediator (GO:0043516)",1/28,0.0276434890482457,0.0494672961915976,0,0,38.89473684210526,139.56851455439977,CD74,Latent_11
GO_Biological_Process_2023,Regulation Of Bone Resorption (GO:0045124),1/28,0.0276434890482457,0.0494672961915976,0,0,38.89473684210526,139.56851455439977,SYK,Latent_11
GO_Biological_Process_2023,Positive Regulation Of Fibroblast Proliferation (GO:0048146),1/28,0.0276434890482457,0.0494672961915976,0,0,38.89473684210526,139.56851455439977,CD74,Latent_11
KEGG_2021_Human,Hematopoietic Progenitor Cell Differentiation (GO:0002244),1/28,0.0276434890482457,0.0494672961915976,0,0,38.89473684210526,139.56851455439977,LYN,Latent_11
KEGG_2021_Human,Negative Regulation Of Type II Interferon Production (GO:0032689),1/28,0.0276434890482457,0.0494672961915976,0,0,38.89473684210526,139.56851455439977,HLA-DRB1,Latent_11
KEGG_2021_Human,Protein Localization To Golgi Apparatus (GO:0034067),1/28,0.0276434890482457,0.0494672961915976,0,0,38.89473684210526,139.56851455439977,VPS13C,Latent_11
KEGG_2021_Human,"Regulation Of DNA Damage Response, Signal Transduction By P53 Class Mediator (GO:0043516)",1/28,0.0276434890482457,0.0494672961915976,0,0,38.89473684210526,139.56851455439977,CD74,Latent_11
KEGG_2021_Human,Regulation Of Bone Resorption (GO:0045124),1/28,0.0276434890482457,0.0494672961915976,0,0,38.89473684210526,139.56851455439977,SYK,Latent_11
KEGG_2021_Human,Positive Regulation Of Fibroblast Proliferation (GO:0048146),1/28,0.0276434890482457,0.0494672961915976,0,0,38.89473684210526,139.56851455439977,CD74,Latent_11
GO_Biological_Process_2023,Regulation Of B Cell Proliferation (GO:0030888),3/44,1.1032325952813076e-05,0.0040929929284936,0,0,85.8206599713056,979.6154457787004,CD74;MEF2C;MZB1,Latent_14
KEGG_2021_Human,Regulation Of B Cell Proliferation (GO:0030888),3/44,1.1032325952813076e-05,0.0040929929284936,0,0,85.8206599713056,979.6154457787004,CD74;MEF2C;MZB1,Latent_14
GO_Biological_Process_2023,Positive Regulation Of Monocyte Differentiation (GO:0045657),2/9,3.405659800132413e-05,0.0057806581280998,0,0,317.031746031746,3261.459893047559,CD74;HLA-DRB1,Latent_14
GO_Biological_Process_2023,Positive Regulation By Symbiont Of Entry Into Host (GO:0075294),2/12,6.232515501994467e-05,0.0057806581280998,0,0,221.88888888888889,2148.58238291385,CD74;HLA-DRB1,Latent_14
GO_Biological_Process_2023,Positive Regulation Of Viral Entry Into Host Cell (GO:0046598),2/12,6.232515501994467e-05,0.0057806581280998,0,0,221.88888888888889,2148.58238291385,CD74;HLA-DRB1,Latent_14
KEGG_2021_Human,Positive Regulation Of Monocyte Differentiation (GO:0045657),2/9,3.405659800132413e-05,0.0057806581280998,0,0,317.031746031746,3261.459893047559,CD74;HLA-DRB1,Latent_14
KEGG_2021_Human,Positive Regulation By Symbiont Of Entry Into Host (GO:0075294),2/12,6.232515501994467e-05,0.0057806581280998,0,0,221.88888888888889,2148.58238291385,CD74;HLA-DRB1,Latent_14
KEGG_2021_Human,Positive Regulation Of Viral Entry Into Host Cell (GO:0046598),2/12,6.232515501994467e-05,0.0057806581280998,0,0,221.88888888888889,2148.58238291385,CD74;HLA-DRB1,Latent_14
GO_Biological_Process_2023,Regulation Of Monocyte Differentiation (GO:0045655),2/15,9.897575036981038e-05,0.006273461313978,0,0,170.65811965811966,1573.5763478145914,CD74;HLA-DRB1,Latent_14
GO_Biological_Process_2023,B Cell Activation (GO:0042113),3/92,0.00010145759537430764,0.006273461313978,0,0,39.44018506278916,362.68679987613535,MEF2C;BLNK;PAX5,Latent_14
KEGG_2021_Human,Regulation Of Monocyte Differentiation (GO:0045655),2/15,9.897575036981038e-05,0.006273461313978,0,0,170.65811965811966,1573.5763478145914,CD74;HLA-DRB1,Latent_14
KEGG_2021_Human,B Cell Activation (GO:0042113),3/92,0.00010145759537430764,0.006273461313978,0,0,39.44018506278916,362.68679987613535,MEF2C;BLNK;PAX5,Latent_14
GO_Biological_Process_2023,Positive Regulation Of Viral Life Cycle (GO:1903902),2/22,0.00021683563043902655,0.0114922884132684,0,0,110.88888888888889,935.4998014387868,CD74;HLA-DRB1,Latent_14
KEGG_2021_Human,Positive Regulation Of Viral Life Cycle (GO:1903902),2/22,0.00021683563043902655,0.0114922884132684,0,0,110.88888888888889,935.4998014387868,CD74;HLA-DRB1,Latent_14
GO_Biological_Process_2023,Protein-Containing Complex Assembly (GO:0065003),4/328,0.0002795767886938573,0.0127130229384371,0,0,15.166666666666666,124.0972091020334,CD74;MZB1;TCF4;JCHAIN,Latent_14
GO_Biological_Process_2023,Antigen Receptor-Mediated Signaling Pathway (GO:0050851),3/134,0.00030840217370871873,0.0127130229384371,0,0,26.738661876964525,216.15817338090815,MEF2C;BLNK;HLA-DRB1,Latent_14
KEGG_2021_Human,Protein-Containing Complex Assembly (GO:0065003),4/328,0.0002795767886938573,0.0127130229384371,0,0,15.166666666666666,124.0972091020334,CD74;MZB1;TCF4;JCHAIN,Latent_14
KEGG_2021_Human,Antigen Receptor-Mediated Signaling Pathway (GO:0050851),3/134,0.00030840217370871873,0.0127130229384371,0,0,26.738661876964525,216.15817338090815,MEF2C;BLNK;HLA-DRB1,Latent_14
GO_Biological_Process_2023,Positive Regulation Of B Cell Proliferation (GO:0030890),2/29,0.0003795101348772626,0.0137059022237255,0,0,82.11111111111111,646.758779988934,CD74;MEF2C,Latent_14
GO_Biological_Process_2023,Immunoglobulin Mediated Immune Response (GO:0016064),2/30,0.00040637445946356223,0.0137059022237255,0,0,79.17460317460318,618.2139479571657,CD74;HLA-DRB1,Latent_14
KEGG_2021_Human,Positive Regulation Of B Cell Proliferation (GO:0030890),2/29,0.0003795101348772626,0.0137059022237255,0,0,82.11111111111111,646.758779988934,CD74;MEF2C,Latent_14
KEGG_2021_Human,Immunoglobulin Mediated Immune Response (GO:0016064),2/30,0.00040637445946356223,0.0137059022237255,0,0,79.17460317460318,618.2139479571657,CD74;HLA-DRB1,Latent_14
GO_Biological_Process_2023,Skeletal Muscle Organ Development (GO:0060538),2/35,0.0005541829397838258,0.0171334892216499,0,0,67.16161616161617,503.57885305588366,MEF2C;LARGE1,Latent_14
KEGG_2021_Human,Skeletal Muscle Organ Development (GO:0060538),2/35,0.0005541829397838258,0.0171334892216499,0,0,67.16161616161617,503.57885305588366,MEF2C;LARGE1,Latent_14
GO_Biological_Process_2023,Positive Regulation Of Myeloid Leukocyte Differentiation (GO:0002763),2/40,0.0007243190568082219,0.0206709515442961,0,0,58.30994152046784,421.5971209696659,CD74;HLA-DRB1,Latent_14
KEGG_2021_Human,Positive Regulation Of Myeloid Leukocyte Differentiation (GO:0002763),2/40,0.0007243190568082219,0.0206709515442961,0,0,58.30994152046784,421.5971209696659,CD74;HLA-DRB1,Latent_14
GO_Biological_Process_2023,Positive Regulation Of Neuron Differentiation (GO:0045666),2/42,0.0007985794740225155,0.0211623560615966,0,0,55.388888888888886,395.07100210657006,MEF2C;TCF4,Latent_14
KEGG_2021_Human,Positive Regulation Of Neuron Differentiation (GO:0045666),2/42,0.0007985794740225155,0.0211623560615966,0,0,55.388888888888886,395.07100210657006,MEF2C;TCF4,Latent_14
GO_Biological_Process_2023,Regulation Of Viral Entry Into Host Cell (GO:0046596),2/44,0.0008763666329947344,0.0216754680560697,0,0,52.74603174603175,371.31761233322095,CD74;HLA-DRB1,Latent_14
KEGG_2021_Human,Regulation Of Viral Entry Into Host Cell (GO:0046596),2/44,0.0008763666329947344,0.0216754680560697,0,0,52.74603174603175,371.31761233322095,CD74;HLA-DRB1,Latent_14
GO_Biological_Process_2023,B Cell Receptor Signaling Pathway (GO:0050853),2/46,0.0009576675617417908,0.0222059165878877,0,0,50.343434343434346,349.9377081556704,MEF2C;BLNK,Latent_14
KEGG_2021_Human,B Cell Receptor Signaling Pathway (GO:0050853),2/46,0.0009576675617417908,0.0222059165878877,0,0,50.343434343434346,349.9377081556704,MEF2C;BLNK,Latent_14
GO_Biological_Process_2023,Positive Regulation Of B Cell Activation (GO:0050871),2/52,0.00122252374335,0.0266797828695811,0,0,44.28888888888889,297.0383992061624,CD74;MEF2C,Latent_14
KEGG_2021_Human,Positive Regulation Of B Cell Activation (GO:0050871),2/52,0.00122252374335,0.0266797828695811,0,0,44.28888888888889,297.0383992061624,CD74;MEF2C,Latent_14
GO_Biological_Process_2023,Muscle Organ Development (GO:0007517),2/58,0.0015185400416673,0.0312987975254775,0,0,39.53174603174603,256.5612651652447,MEF2C;LARGE1,Latent_14
KEGG_2021_Human,Muscle Organ Development (GO:0007517),2/58,0.0015185400416673,0.0312987975254775,0,0,39.53174603174603,256.5612651652447,MEF2C;LARGE1,Latent_14
GO_Biological_Process_2023,Regulation Of DNA-templated Transcription (GO:0006355),7/1922,0.0018819652162398,0.0367478471171041,0,0,5.079534042980519,31.87630461454304,CD74;MEF2C;SETBP1;EBF1;TCF4;PAX5;HLA-DRB1,Latent_14
KEGG_2021_Human,Regulation Of DNA-templated Transcription (GO:0006355),7/1922,0.0018819652162398,0.0367478471171041,0,0,5.079534042980519,31.87630461454304,CD74;MEF2C;SETBP1;EBF1;TCF4;PAX5;HLA-DRB1,Latent_14
GO_Biological_Process_2023,Positive Regulation Of Nucleic Acid-Templated Transcription (GO:1903508),4/557,0.002021409586644,0.0367503717130911,0,0,8.78254972875226,54.48658893444878,CD74;MEF2C;TCF4;HLA-DRB1,Latent_14
GO_Biological_Process_2023,B Cell Differentiation (GO:0030183),2/68,0.0020802097196089,0.0367503717130911,0,0,33.525252525252526,207.02804146104276,BLNK;PAX5,Latent_14
KEGG_2021_Human,Positive Regulation Of Nucleic Acid-Templated Transcription (GO:1903508),4/557,0.002021409586644,0.0367503717130911,0,0,8.78254972875226,54.48658893444878,CD74;MEF2C;TCF4;HLA-DRB1,Latent_14
KEGG_2021_Human,B Cell Differentiation (GO:0030183),2/68,0.0020802097196089,0.0367503717130911,0,0,33.525252525252526,207.02804146104276,BLNK;PAX5,Latent_14
GO_Biological_Process_2023,Positive Regulation Of Lymphocyte Proliferation (GO:0050671),2/74,0.0024576407666974,0.0414447602020346,0,0,30.72222222222222,184.5961136225927,CD74;MEF2C,Latent_14
KEGG_2021_Human,Positive Regulation Of Lymphocyte Proliferation (GO:0050671),2/74,0.0024576407666974,0.0414447602020346,0,0,30.72222222222222,184.5961136225927,CD74;MEF2C,Latent_14
GO_Biological_Process_2023,Regulation Of Neuron Differentiation (GO:0045664),2/79,0.0027950276574232,0.0442878204661474,0,0,28.72005772005772,168.87144870732206,MEF2C;TCF4,Latent_14
GO_Biological_Process_2023,Positive Regulation Of Immune Response (GO:0050778),2/80,0.0028649802996968,0.0442878204661474,0,0,28.35042735042735,165.9972465923349,CD74;HLA-DRB1,Latent_14
KEGG_2021_Human,Regulation Of Neuron Differentiation (GO:0045664),2/79,0.0027950276574232,0.0442878204661474,0,0,28.72005772005772,168.87144870732206,MEF2C;TCF4,Latent_14
KEGG_2021_Human,Positive Regulation Of Immune Response (GO:0050778),2/80,0.0028649802996968,0.0442878204661474,0,0,28.35042735042735,165.9972465923349,CD74;HLA-DRB1,Latent_14
GO_Biological_Process_2023,Regulation Of Kinase Activity (GO:0043549),2/85,0.0032270347482887,0.0478891956646046,0,0,26.63587684069612,152.78849293856263,CD74;HLA-DRB1,Latent_14
KEGG_2021_Human,Regulation Of Kinase Activity (GO:0043549),2/85,0.0032270347482887,0.0478891956646046,0,0,26.63587684069612,152.78849293856263,CD74;HLA-DRB1,Latent_14
GO_Biological_Process_2023,Positive Regulation Of MAPK Cascade (GO:0043410),3/310,0.003457442375649,0.0493350431294532,0,0,11.30848821613336,64.08776026031975,CD74;MEF2C;HLA-DRB1,Latent_14
KEGG_2021_Human,Positive Regulation Of MAPK Cascade (GO:0043410),3/310,0.003457442375649,0.0493350431294532,0,0,11.30848821613336,64.08776026031975,CD74;MEF2C;HLA-DRB1,Latent_14
KEGG_2021_Human,DNA Metabolic Process (GO:0006259),5/288,7.765290209946453e-06,0.0011075192407683,0,0,23.200235571260308,272.970415783882,SET;XRCC5;PRKDC;RAD21;HMGB1,Latent_16
KEGG_2021_Human,Double-Strand Break Repair Via Nonhomologous End Joining (GO:0006303),3/41,8.896823842210735e-06,0.0011075192407683,0,0,92.60990712074305,1077.0361996489462,XRCC5;PRKDC;HMGB1,Latent_16
KEGG_2021_Human,DNA Recombination (GO:0006310),3/42,9.575094300590784e-06,0.0011075192407683,0,0,90.23076923076924,1042.737914575217,XRCC5;RAD21;HMGB1,Latent_16
GO_Biological_Process_2023,DNA Metabolic Process (GO:0006259),5/288,7.765290209946453e-06,0.0011075192407683,0,0,23.200235571260308,272.970415783882,SET;XRCC5;PRKDC;RAD21;HMGB1,Latent_16
GO_Biological_Process_2023,Double-Strand Break Repair Via Nonhomologous End Joining (GO:0006303),3/41,8.896823842210735e-06,0.0011075192407683,0,0,92.60990712074305,1077.0361996489462,XRCC5;PRKDC;HMGB1,Latent_16
GO_Biological_Process_2023,DNA Recombination (GO:0006310),3/42,9.575094300590784e-06,0.0011075192407683,0,0,90.23076923076924,1042.737914575217,XRCC5;RAD21;HMGB1,Latent_16
KEGG_2021_Human,Regulation Of T Cell Mediated Immune Response To Tumor Cell (GO:0002840),2/6,1.421569389186376e-05,0.0012117517438069,0,0,554.8888888888889,6193.205890662571,HMGB1;HSPD1,Latent_16
KEGG_2021_Human,Positive Regulation Of Leukocyte Differentiation (GO:1902107),2/7,1.989010047124072e-05,0.0012117517438069,0,0,443.8888888888889,4805.225245888672,PRKDC;HMGB1,Latent_16
KEGG_2021_Human,Double-Strand Break Repair (GO:0006302),4/168,2.0952479720005312e-05,0.0012117517438069,0,0,30.20731707317073,325.431086041838,XRCC5;PRKDC;RAD21;HMGB1,Latent_16
GO_Biological_Process_2023,Regulation Of T Cell Mediated Immune Response To Tumor Cell (GO:0002840),2/6,1.421569389186376e-05,0.0012117517438069,0,0,554.8888888888889,6193.205890662571,HMGB1;HSPD1,Latent_16
GO_Biological_Process_2023,Positive Regulation Of Leukocyte Differentiation (GO:1902107),2/7,1.989010047124072e-05,0.0012117517438069,0,0,443.8888888888889,4805.225245888672,PRKDC;HMGB1,Latent_16
GO_Biological_Process_2023,Double-Strand Break Repair (GO:0006302),4/168,2.0952479720005312e-05,0.0012117517438069,0,0,30.20731707317073,325.431086041838,XRCC5;PRKDC;RAD21;HMGB1,Latent_16
KEGG_2021_Human,"RNA Splicing, Via Transesterification Reactions With Bulged Adenosine As Nucleophile (GO:0000377)",4/180,2.746580361530015e-05,0.0012710142282302,0,0,28.130681818181817,295.4444220860865,HNRNPA3;HNRNPK;SRSF2;HNRNPR,Latent_16
KEGG_2021_Human,RNA Processing (GO:0006396),4/183,2.9302921688305703e-05,0.0012710142282302,0,0,27.65502793296089,288.6582957667267,HNRNPK;SRSF2;HNRNPD;HNRNPR,Latent_16
GO_Biological_Process_2023,"RNA Splicing, Via Transesterification Reactions With Bulged Adenosine As Nucleophile (GO:0000377)",4/180,2.746580361530015e-05,0.0012710142282302,0,0,28.130681818181817,295.4444220860865,HNRNPA3;HNRNPK;SRSF2;HNRNPR,Latent_16
GO_Biological_Process_2023,RNA Processing (GO:0006396),4/183,2.9302921688305703e-05,0.0012710142282302,0,0,27.65502793296089,288.6582957667267,HNRNPK;SRSF2;HNRNPD;HNRNPR,Latent_16
KEGG_2021_Human,CRD-mediated mRNA Stabilization (GO:0070934),2/10,4.254530034649759e-05,0.0014407635577677,0,0,277.3888888888889,2791.9028448786567,HNRNPD;YBX1,Latent_16
KEGG_2021_Human,Regulation Of Translation (GO:0006417),4/202,4.310933995593088e-05,0.0014407635577677,0,0,24.977272727272727,251.06582266225823,PRKDC;NCL;HNRNPD;YBX1,Latent_16
KEGG_2021_Human,"mRNA Splicing, Via Spliceosome (GO:0000398)",4/211,5.109081410311237e-05,0.0014407635577677,0,0,23.880434782608692,235.98420794149092,HNRNPA3;HNRNPK;SRSF2;HNRNPR,Latent_16
KEGG_2021_Human,"Negative Regulation Of Nuclear-Transcribed mRNA Catabolic Process, Deadenylation-Dependent Decay (GO:1900152)",2/11,5.196871583395421e-05,0.0014407635577677,0,0,246.55555555555557,2432.238167772633,HNRNPD;YBX1,Latent_16
KEGG_2021_Human,mRNA Processing (GO:0006397),4/214,5.397673271175955e-05,0.0014407635577677,0,0,23.535714285714285,231.284463546243,HNRNPA3;HNRNPK;SRSF2;HNRNPR,Latent_16
GO_Biological_Process_2023,CRD-mediated mRNA Stabilization (GO:0070934),2/10,4.254530034649759e-05,0.0014407635577677,0,0,277.3888888888889,2791.9028448786567,HNRNPD;YBX1,Latent_16
GO_Biological_Process_2023,Regulation Of Translation (GO:0006417),4/202,4.310933995593088e-05,0.0014407635577677,0,0,24.977272727272727,251.06582266225823,PRKDC;NCL;HNRNPD;YBX1,Latent_16
GO_Biological_Process_2023,"mRNA Splicing, Via Spliceosome (GO:0000398)",4/211,5.109081410311237e-05,0.0014407635577677,0,0,23.880434782608692,235.98420794149092,HNRNPA3;HNRNPK;SRSF2;HNRNPR,Latent_16
GO_Biological_Process_2023,"Negative Regulation Of Nuclear-Transcribed mRNA Catabolic Process, Deadenylation-Dependent Decay (GO:1900152)",2/11,5.196871583395421e-05,0.0014407635577677,0,0,246.55555555555557,2432.238167772633,HNRNPD;YBX1,Latent_16
GO_Biological_Process_2023,mRNA Processing (GO:0006397),4/214,5.397673271175955e-05,0.0014407635577677,0,0,23.535714285714285,231.284463546243,HNRNPA3;HNRNPK;SRSF2;HNRNPR,Latent_16
KEGG_2021_Human,V(D)J Recombination (GO:0033151),2/12,6.232515501994467e-05,0.001441788586128,0,0,221.88888888888889,2148.58238291385,PRKDC;HMGB1,Latent_16
KEGG_2021_Human,Positive Regulation Of Vascular Endothelial Cell Proliferation (GO:1905564),2/12,6.232515501994467e-05,0.001441788586128,0,0,221.88888888888889,2148.58238291385,ITGA4;HMGB1,Latent_16
GO_Biological_Process_2023,V(D)J Recombination (GO:0033151),2/12,6.232515501994467e-05,0.001441788586128,0,0,221.88888888888889,2148.58238291385,PRKDC;HMGB1,Latent_16
GO_Biological_Process_2023,Positive Regulation Of Vascular Endothelial Cell Proliferation (GO:1905564),2/12,6.232515501994467e-05,0.001441788586128,0,0,221.88888888888889,2148.58238291385,ITGA4;HMGB1,Latent_16
KEGG_2021_Human,Positive Regulation Of Cytoplasmic Translation (GO:2000767),2/14,8.583035665856277e-05,0.0018614458600325,0,0,184.88888888888889,1731.1401456194585,HNRNPD;YBX1,Latent_16
GO_Biological_Process_2023,Positive Regulation Of Cytoplasmic Translation (GO:2000767),2/14,8.583035665856277e-05,0.0018614458600325,0,0,184.88888888888889,1731.1401456194585,HNRNPD;YBX1,Latent_16
KEGG_2021_Human,Negative Regulation Of Apoptotic Process (GO:0043066),5/482,9.149222936825677e-05,0.0018675178582814,0,0,13.628930817610064,126.73892368759871,SET;HNRNPK;PRKDC;PTMA;HSPD1,Latent_16
GO_Biological_Process_2023,Negative Regulation Of Apoptotic Process (GO:0043066),5/482,9.149222936825677e-05,0.0018675178582814,0,0,13.628930817610064,126.73892368759871,SET;HNRNPK;PRKDC;PTMA;HSPD1,Latent_16
KEGG_2021_Human,Ribosomal Small Subunit Assembly (GO:0000028),2/17,0.0001280437171265482,0.0024683983246062,0,0,147.88888888888889,1325.548639908665,PRKDC;XRCC5,Latent_16
GO_Biological_Process_2023,Ribosomal Small Subunit Assembly (GO:0000028),2/17,0.0001280437171265482,0.0024683983246062,0,0,147.88888888888889,1325.548639908665,PRKDC;XRCC5,Latent_16
KEGG_2021_Human,Regulation Of Vascular Endothelial Cell Proliferation (GO:1905562),2/18,0.00014396293387323563,0.0026292177923164,0,0,138.63888888888889,1226.393330101256,ITGA4;HMGB1,Latent_16
GO_Biological_Process_2023,Regulation Of Vascular Endothelial Cell Proliferation (GO:1905562),2/18,0.00014396293387323563,0.0026292177923164,0,0,138.63888888888889,1226.393330101256,ITGA4;HMGB1,Latent_16
KEGG_2021_Human,Positive Regulation Of Translation (GO:0045727),3/108,0.00016326661819608508,0.002832675825702,0,0,33.403361344537814,291.281519714302,PRKDC;HNRNPD;YBX1,Latent_16
GO_Biological_Process_2023,Positive Regulation Of Translation (GO:0045727),3/108,0.00016326661819608508,0.002832675825702,0,0,33.403361344537814,291.281519714302,PRKDC;HNRNPD;YBX1,Latent_16
KEGG_2021_Human,Gene Expression (GO:0010467),4/296,0.0001889049524006116,0.003121429451572,0,0,16.856164383561644,144.52924671763458,HNRNPK;RPL14;HNRNPD;HSPD1,Latent_16
GO_Biological_Process_2023,Gene Expression (GO:0010467),4/296,0.0001889049524006116,0.003121429451572,0,0,16.856164383561644,144.52924671763458,HNRNPK;RPL14;HNRNPD;HSPD1,Latent_16
KEGG_2021_Human,"Regulation Of Nuclear-Transcribed mRNA Catabolic Process, Deadenylation-Dependent Decay (GO:1900151)",2/23,0.0002373444131594564,0.0037435686984696,0,0,105.6031746031746,881.3639106067293,HNRNPD;YBX1,Latent_16
GO_Biological_Process_2023,"Regulation Of Nuclear-Transcribed mRNA Catabolic Process, Deadenylation-Dependent Decay (GO:1900151)",2/23,0.0002373444131594564,0.0037435686984696,0,0,105.6031746031746,881.3639106067293,HNRNPD;YBX1,Latent_16
KEGG_2021_Human,Regulation Of Cytoplasmic Translation (GO:2000765),2/24,0.00025876610708752327,0.0039039930069291,0,0,100.7979797979798,832.5495793111635,HNRNPD;YBX1,Latent_16
GO_Biological_Process_2023,Regulation Of Cytoplasmic Translation (GO:2000765),2/24,0.00025876610708752327,0.0039039930069291,0,0,100.7979797979798,832.5495793111635,HNRNPD;YBX1,Latent_16
KEGG_2021_Human,Positive Regulation Of Interleukin-10 Production (GO:0032733),2/30,0.00040637445946356223,0.0058754973930773,0,0,79.17460317460318,618.2139479571657,HMGB1;HSPD1,Latent_16
GO_Biological_Process_2023,Positive Regulation Of Interleukin-10 Production (GO:0032733),2/30,0.00040637445946356223,0.0058754973930773,0,0,79.17460317460318,618.2139479571657,HMGB1;HSPD1,Latent_16
KEGG_2021_Human,Positive Regulation Of Interleukin-12 Production (GO:0032735),2/33,0.0004923687563769557,0.0063383311269852,0,0,71.50179211469533,544.5778563946176,HMGB1;HSPD1,Latent_16
KEGG_2021_Human,Positive Regulation Of Chromosome Organization (GO:2001252),2/33,0.0004923687563769557,0.0063383311269852,0,0,71.50179211469533,544.5778563946176,RAD21;SMC2,Latent_16
KEGG_2021_Human,Negative Regulation Of Programmed Cell Death (GO:0043069),4/381,0.0004931842663648496,0.0063383311269852,0,0,12.999336870026523,98.98511046015412,HNRNPK;PRKDC;PTMA;HSPD1,Latent_16
GO_Biological_Process_2023,Positive Regulation Of Interleukin-12 Production (GO:0032735),2/33,0.0004923687563769557,0.0063383311269852,0,0,71.50179211469533,544.5778563946176,HMGB1;HSPD1,Latent_16
GO_Biological_Process_2023,Positive Regulation Of Chromosome Organization (GO:2001252),2/33,0.0004923687563769557,0.0063383311269852,0,0,71.50179211469533,544.5778563946176,RAD21;SMC2,Latent_16
GO_Biological_Process_2023,Negative Regulation Of Programmed Cell Death (GO:0043069),4/381,0.0004931842663648496,0.0063383311269852,0,0,12.999336870026523,98.98511046015412,HNRNPK;PRKDC;PTMA;HSPD1,Latent_16
KEGG_2021_Human,Regulation Of Apoptotic Process (GO:0042981),5/705,0.0005352313559829968,0.0066330457330749,0,0,9.18095238095238,69.15838334066572,HNRNPK;PRKDC;HMGB1;PTMA;HSPD1,Latent_16
GO_Biological_Process_2023,Regulation Of Apoptotic Process (GO:0042981),5/705,0.0005352313559829968,0.0066330457330749,0,0,9.18095238095238,69.15838334066572,HNRNPK;PRKDC;HMGB1;PTMA;HSPD1,Latent_16
KEGG_2021_Human,Regulation Of Telomere Maintenance (GO:0032204),2/38,0.0006535983868982156,0.0078206427673683,0,0,61.55555555555556,451.387965030658,XRCC5;HNRNPD,Latent_16
GO_Biological_Process_2023,Regulation Of Telomere Maintenance (GO:0032204),2/38,0.0006535983868982156,0.0078206427673683,0,0,61.55555555555556,451.387965030658,XRCC5;HNRNPD,Latent_16
KEGG_2021_Human,Protein Localization To Chromosome (GO:0034502),2/40,0.0007243190568082219,0.0083779570904151,0,0,58.30994152046784,421.5971209696659,XRCC5;RAD21,Latent_16
GO_Biological_Process_2023,Protein Localization To Chromosome (GO:0034502),2/40,0.0007243190568082219,0.0083779570904151,0,0,58.30994152046784,421.5971209696659,XRCC5;RAD21,Latent_16
KEGG_2021_Human,Negative Regulation Of mRNA Catabolic Process (GO:1902373),2/41,0.0007610076105649785,0.0085183755118079,0,0,56.81196581196581,407.9591818331578,HNRNPD;YBX1,Latent_16
GO_Biological_Process_2023,Negative Regulation Of mRNA Catabolic Process (GO:1902373),2/41,0.0007610076105649785,0.0085183755118079,0,0,56.81196581196581,407.9591818331578,HNRNPD;YBX1,Latent_16
KEGG_2021_Human,Regulation Of Chromosome Organization (GO:0033044),2/43,0.0008370330222898128,0.0090765768354551,0,0,54.03523035230352,382.87456973669936,XRCC5;HNRNPD,Latent_16
GO_Biological_Process_2023,Regulation Of Chromosome Organization (GO:0033044),2/43,0.0008370330222898128,0.0090765768354551,0,0,54.03523035230352,382.87456973669936,XRCC5;HNRNPD,Latent_16
KEGG_2021_Human,Regulation Of Interleukin-10 Production (GO:0032653),2/46,0.0009576675617417908,0.0100700195128606,0,0,50.343434343434346,349.9377081556704,HMGB1;HSPD1,Latent_16
GO_Biological_Process_2023,Regulation Of Interleukin-10 Production (GO:0032653),2/46,0.0009576675617417908,0.0100700195128606,0,0,50.343434343434346,349.9377081556704,HMGB1;HSPD1,Latent_16
KEGG_2021_Human,Positive Regulation Of Lymphocyte Activation (GO:0051251),2/47,0.0009996316450557327,0.0102021229657158,0,0,49.22222222222222,340.0331999878986,PRKDC;HSPD1,Latent_16
GO_Biological_Process_2023,Positive Regulation Of Lymphocyte Activation (GO:0051251),2/47,0.0009996316450557327,0.0102021229657158,0,0,49.22222222222222,340.0331999878986,PRKDC;HSPD1,Latent_16
KEGG_2021_Human,Regulation Of Interleukin-12 Production (GO:0032655),2/50,0.0011307590059983,0.0112106678594691,0,0,46.138888888888886,313.0461870363529,HMGB1;HSPD1,Latent_16
GO_Biological_Process_2023,Regulation Of Interleukin-12 Production (GO:0032655),2/50,0.0011307590059983,0.0112106678594691,0,0,46.138888888888886,313.0461870363529,HMGB1;HSPD1,Latent_16
KEGG_2021_Human,mRNA Stabilization (GO:0048255),2/53,0.0012697052431465,0.0122385477603291,0,0,43.41830065359477,289.55536610866125,HNRNPD;YBX1,Latent_16
GO_Biological_Process_2023,mRNA Stabilization (GO:0048255),2/53,0.0012697052431465,0.0122385477603291,0,0,43.41830065359477,289.55536610866125,HNRNPD;YBX1,Latent_16
KEGG_2021_Human,Regulation Of Smooth Muscle Cell Proliferation (GO:0048660),2/54,0.0013177506939226,0.0123583646159772,0,0,42.58119658119658,282.3912150075315,XRCC5;PRKDC,Latent_16
GO_Biological_Process_2023,Regulation Of Smooth Muscle Cell Proliferation (GO:0048660),2/54,0.0013177506939226,0.0123583646159772,0,0,42.58119658119658,282.3912150075315,XRCC5;PRKDC,Latent_16
KEGG_2021_Human,Telomere Organization (GO:0032200),2/63,0.001788774259171,0.0163343333666408,0,0,36.28233151183971,229.5301805177287,XRCC5;PRKDC,Latent_16
GO_Biological_Process_2023,Telomere Organization (GO:0032200),2/63,0.001788774259171,0.0163343333666408,0,0,36.28233151183971,229.5301805177287,XRCC5;PRKDC,Latent_16
KEGG_2021_Human,Regulation Of DNA-templated Transcription (GO:0006355),7/1922,0.0018819652162398,0.016744664872698,0,0,5.079534042980519,31.87630461454304,SET;HNRNPK;XRCC5;RAD21;HNRNPD;YBX1;HMGB1,Latent_16
GO_Biological_Process_2023,Regulation Of DNA-templated Transcription (GO:0006355),7/1922,0.0018819652162398,0.016744664872698,0,0,5.079534042980519,31.87630461454304,SET;HNRNPK;XRCC5;RAD21;HNRNPD;YBX1;HMGB1,Latent_16
KEGG_2021_Human,Telomere Maintenance (GO:0000723),2/68,0.0020802097196089,0.0180458193176074,0,0,33.525252525252526,207.02804146104276,XRCC5;PRKDC,Latent_16
GO_Biological_Process_2023,Telomere Maintenance (GO:0000723),2/68,0.0020802097196089,0.0180458193176074,0,0,33.525252525252526,207.02804146104276,XRCC5;PRKDC,Latent_16
KEGG_2021_Human,Positive Regulation Of Interleukin-6 Production (GO:0032755),2/76,0.0025901140533562,0.0219212091832834,0,0,29.88888888888889,178.0198173382836,HMGB1;HSPD1,Latent_16
GO_Biological_Process_2023,Positive Regulation Of Interleukin-6 Production (GO:0032755),2/76,0.0025901140533562,0.0219212091832834,0,0,29.88888888888889,178.0198173382836,HMGB1;HSPD1,Latent_16
KEGG_2021_Human,Positive Regulation Of Endothelial Cell Proliferation (GO:0001938),2/77,0.0026575929845639,0.0219567801343734,0,0,29.488888888888887,174.87897393163863,ITGA4;HMGB1,Latent_16
GO_Biological_Process_2023,Positive Regulation Of Endothelial Cell Proliferation (GO:0001938),2/77,0.0026575929845639,0.0219567801343734,0,0,29.488888888888887,174.87897393163863,ITGA4;HMGB1,Latent_16
KEGG_2021_Human,DNA Repair (GO:0006281),3/291,0.0028928685945682,0.0233447767980271,0,0,12.066176470588236,70.5329151111283,XRCC5;PRKDC;RAD21,Latent_16
GO_Biological_Process_2023,DNA Repair (GO:0006281),3/291,0.0028928685945682,0.0233447767980271,0,0,12.066176470588236,70.5329151111283,XRCC5;PRKDC;RAD21,Latent_16
KEGG_2021_Human,mRNA Metabolic Process (GO:0016071),2/85,0.0032270347482887,0.0248840235034708,0,0,26.63587684069612,152.78849293856263,SRSF2;HNRNPR,Latent_16
KEGG_2021_Human,Positive Regulation Of Amide Metabolic Process (GO:0034250),2/85,0.0032270347482887,0.0248840235034708,0,0,26.63587684069612,152.78849293856263,PRKDC;HNRNPD,Latent_16
GO_Biological_Process_2023,mRNA Metabolic Process (GO:0016071),2/85,0.0032270347482887,0.0248840235034708,0,0,26.63587684069612,152.78849293856263,SRSF2;HNRNPR,Latent_16
GO_Biological_Process_2023,Positive Regulation Of Amide Metabolic Process (GO:0034250),2/85,0.0032270347482887,0.0248840235034708,0,0,26.63587684069612,152.78849293856263,PRKDC;HNRNPD,Latent_16
KEGG_2021_Human,Regulation Of Type II Interferon Production (GO:0032649),2/87,0.0033775636848334,0.0254785782312435,0,0,26.00653594771242,147.99280991824526,HMGB1;HSPD1,Latent_16
GO_Biological_Process_2023,Regulation Of Type II Interferon Production (GO:0032649),2/87,0.0033775636848334,0.0254785782312435,0,0,26.00653594771242,147.99280991824526,HMGB1;HSPD1,Latent_16
KEGG_2021_Human,B Cell Activation (GO:0042113),2/92,0.0037680465442261,0.0278194074648183,0,0,24.55555555555556,137.04943154835937,ITGA4;HSPD1,Latent_16
GO_Biological_Process_2023,B Cell Activation (GO:0042113),2/92,0.0037680465442261,0.0278194074648183,0,0,24.55555555555556,137.04943154835937,ITGA4;HSPD1,Latent_16
KEGG_2021_Human,Negative Regulation Of Amide Metabolic Process (GO:0034249),2/93,0.0038485584136363,0.0278218701985793,0,0,24.284493284493283,135.02315810678772,NCL;YBX1,Latent_16
GO_Biological_Process_2023,Negative Regulation Of Amide Metabolic Process (GO:0034249),2/93,0.0038485584136363,0.0278218701985793,0,0,24.284493284493283,135.02315810678772,NCL;YBX1,Latent_16
KEGG_2021_Human,"Regulation Of mRNA Splicing, Via Spliceosome (GO:0048024)",2/94,0.0039298718288353,0.0278299086654259,0,0,24.019323671497585,133.04659989721253,HNRNPK;NCL,Latent_16
GO_Biological_Process_2023,"Regulation Of mRNA Splicing, Via Spliceosome (GO:0048024)",2/94,0.0039298718288353,0.0278299086654259,0,0,24.019323671497585,133.04659989721253,HNRNPK;NCL,Latent_16
KEGG_2021_Human,Negative Regulation Of Macromolecule Biosynthetic Process (GO:0010558),2/98,0.0042631105931237,0.029585987516279,0,0,23.01388888888889,125.60419474591951,NCL;YBX1,Latent_16
GO_Biological_Process_2023,Negative Regulation Of Macromolecule Biosynthetic Process (GO:0010558),2/98,0.0042631105931237,0.029585987516279,0,0,23.01388888888889,125.60419474591951,NCL;YBX1,Latent_16
KEGG_2021_Human,rRNA Processing (GO:0006364),2/101,0.0045213816583109,0.0302679628141634,0,0,22.31313131313131,120.46720485255872,PRKDC;RPL14,Latent_16
KEGG_2021_Human,"CD4-positive, Alpha-Beta T Cell Activation (GO:0035710)",1/5,0.0049904406959516,0.0302679628141634,0,0,262.8421052631579,1393.123889480945,HMGB1,Latent_16
KEGG_2021_Human,Negative Regulation Of Histone Acetylation (GO:0035067),1/5,0.0049904406959516,0.0302679628141634,0,0,262.8421052631579,1393.123889480945,SET,Latent_16
KEGG_2021_Human,tRNA Transport (GO:0051031),1/5,0.0049904406959516,0.0302679628141634,0,0,262.8421052631579,1393.123889480945,YBX1,Latent_16
KEGG_2021_Human,Regulation Of T-Circle Formation (GO:1904429),1/5,0.0049904406959516,0.0302679628141634,0,0,262.8421052631579,1393.123889480945,XRCC5,Latent_16
KEGG_2021_Human,Positive Regulation Of T Cell Mediated Immune Response To Tumor Cell (GO:0002842),1/5,0.0049904406959516,0.0302679628141634,0,0,262.8421052631579,1393.123889480945,HSPD1,Latent_16
KEGG_2021_Human,Immunoglobulin V(D)J Recombination (GO:0033152),1/5,0.0049904406959516,0.0302679628141634,0,0,262.8421052631579,1393.123889480945,PRKDC,Latent_16
KEGG_2021_Human,Negative Regulation Of Translation (GO:0017148),2/107,0.0050591983954509,0.0302679628141634,0,0,21.03174603174603,111.18531868631156,NCL;YBX1,Latent_16
GO_Biological_Process_2023,rRNA Processing (GO:0006364),2/101,0.0045213816583109,0.0302679628141634,0,0,22.31313131313131,120.46720485255872,PRKDC;RPL14,Latent_16
GO_Biological_Process_2023,"CD4-positive, Alpha-Beta T Cell Activation (GO:0035710)",1/5,0.0049904406959516,0.0302679628141634,0,0,262.8421052631579,1393.123889480945,HMGB1,Latent_16
GO_Biological_Process_2023,Negative Regulation Of Histone Acetylation (GO:0035067),1/5,0.0049904406959516,0.0302679628141634,0,0,262.8421052631579,1393.123889480945,SET,Latent_16
GO_Biological_Process_2023,tRNA Transport (GO:0051031),1/5,0.0049904406959516,0.0302679628141634,0,0,262.8421052631579,1393.123889480945,YBX1,Latent_16
GO_Biological_Process_2023,Regulation Of T-Circle Formation (GO:1904429),1/5,0.0049904406959516,0.0302679628141634,0,0,262.8421052631579,1393.123889480945,XRCC5,Latent_16
GO_Biological_Process_2023,Positive Regulation Of T Cell Mediated Immune Response To Tumor Cell (GO:0002842),1/5,0.0049904406959516,0.0302679628141634,0,0,262.8421052631579,1393.123889480945,HSPD1,Latent_16
GO_Biological_Process_2023,Immunoglobulin V(D)J Recombination (GO:0033152),1/5,0.0049904406959516,0.0302679628141634,0,0,262.8421052631579,1393.123889480945,PRKDC,Latent_16
GO_Biological_Process_2023,Negative Regulation Of Translation (GO:0017148),2/107,0.0050591983954509,0.0302679628141634,0,0,21.03174603174603,111.18531868631156,NCL;YBX1,Latent_16
KEGG_2021_Human,Positive Regulation Of Cysteine-Type Endopeptidase Activity Involved In Apoptotic Process (GO:0043280),2/109,0.005244730259552,0.0308461254248232,0,0,20.63655244029076,108.3528679492363,HMGB1;HSPD1,Latent_16
GO_Biological_Process_2023,Positive Regulation Of Cysteine-Type Endopeptidase Activity Involved In Apoptotic Process (GO:0043280),2/109,0.005244730259552,0.0308461254248232,0,0,20.63655244029076,108.3528679492363,HMGB1;HSPD1,Latent_16
KEGG_2021_Human,RNA Metabolic Process (GO:0016070),2/111,0.0054333720331805,0.0314230015918944,0,0,20.25586136595311,105.63827374651856,HNRNPK;HNRNPD,Latent_16
GO_Biological_Process_2023,RNA Metabolic Process (GO:0016070),2/111,0.0054333720331805,0.0314230015918944,0,0,20.25586136595311,105.63827374651856,HNRNPK;HNRNPD,Latent_16
KEGG_2021_Human,Regulation Of Interleukin-6 Production (GO:0032675),2/114,0.0057221397634708,0.0324536676681339,0,0,19.71031746031746,101.77249874583728,HMGB1;HSPD1,Latent_16
KEGG_2021_Human,Establishment Of Mitotic Sister Chromatid Cohesion (GO:0034087),1/6,0.0059856908667451,0.0324536676681339,0,0,210.26315789473685,1076.2074808846232,RAD21,Latent_16
KEGG_2021_Human,Positive Regulation Of Immune Response To Tumor Cell (GO:0002839),1/6,0.0059856908667451,0.0324536676681339,0,0,210.26315789473685,1076.2074808846232,HSPD1,Latent_16
KEGG_2021_Human,Positive Regulation Of Chemokine (C-X-C Motif) Ligand 2 Production (GO:2000343),1/6,0.0059856908667451,0.0324536676681339,0,0,210.26315789473685,1076.2074808846232,HMGB1,Latent_16
GO_Biological_Process_2023,Regulation Of Interleukin-6 Production (GO:0032675),2/114,0.0057221397634708,0.0324536676681339,0,0,19.71031746031746,101.77249874583728,HMGB1;HSPD1,Latent_16
GO_Biological_Process_2023,Establishment Of Mitotic Sister Chromatid Cohesion (GO:0034087),1/6,0.0059856908667451,0.0324536676681339,0,0,210.26315789473685,1076.2074808846232,RAD21,Latent_16
GO_Biological_Process_2023,Positive Regulation Of Immune Response To Tumor Cell (GO:0002839),1/6,0.0059856908667451,0.0324536676681339,0,0,210.26315789473685,1076.2074808846232,HSPD1,Latent_16
GO_Biological_Process_2023,Positive Regulation Of Chemokine (C-X-C Motif) Ligand 2 Production (GO:2000343),1/6,0.0059856908667451,0.0324536676681339,0,0,210.26315789473685,1076.2074808846232,HMGB1,Latent_16
KEGG_2021_Human,Positive Regulation Of Cell Cycle Process (GO:0090068),2/118,0.0061179373336044,0.0326603731501651,0,0,19.026819923371647,96.97076380041771,RAD21;SMC2,Latent_16
GO_Biological_Process_2023,Positive Regulation Of Cell Cycle Process (GO:0090068),2/118,0.0061179373336044,0.0326603731501651,0,0,19.026819923371647,96.97076380041771,RAD21;SMC2,Latent_16
KEGG_2021_Human,Positive Regulation Of DNA-templated Transcription (GO:0045893),5/1243,0.0065042601741261,0.0327305212875774,0,0,5.046311254711901,25.40968049066952,PRKDC;HNRNPD;YBX1;HMGB1;PTMA,Latent_16
KEGG_2021_Human,Positive Regulation Of Macromolecule Biosynthetic Process (GO:0010557),2/122,0.0065259614572547,0.0327305212875774,0,0,18.38888888888889,92.53228181387864,PRKDC;HNRNPD,Latent_16
KEGG_2021_Human,Regulation Of DNA Metabolic Process (GO:0051052),2/124,0.0067345291088687,0.0327305212875774,0,0,18.0856102003643,90.4372274339782,XRCC5;HNRNPD,Latent_16
KEGG_2021_Human,Regulation Of Chromosome Condensation (GO:0060623),1/7,0.0069799958941807,0.0327305212875774,0,0,175.21052631578948,869.8689177892479,SMC2,Latent_16
KEGG_2021_Human,Protein Localization To Cytoplasmic Stress Granule (GO:1903608),1/7,0.0069799958941807,0.0327305212875774,0,0,175.21052631578948,869.8689177892479,YBX1,Latent_16
KEGG_2021_Human,Regulation Of Endodeoxyribonuclease Activity (GO:0032071),1/7,0.0069799958941807,0.0327305212875774,0,0,175.21052631578948,869.8689177892479,HMGB1,Latent_16
KEGG_2021_Human,Negative Regulation Of Peptidyl-Lysine Acetylation (GO:2000757),1/7,0.0069799958941807,0.0327305212875774,0,0,175.21052631578948,869.8689177892479,SET,Latent_16
KEGG_2021_Human,Regulation Of Apoptotic Cell Clearance (GO:2000425),1/7,0.0069799958941807,0.0327305212875774,0,0,175.21052631578948,869.8689177892479,HMGB1,Latent_16
KEGG_2021_Human,Positive Regulation Of Chromosome Condensation (GO:1905821),1/7,0.0069799958941807,0.0327305212875774,0,0,175.21052631578948,869.8689177892479,SMC2,Latent_16
GO_Biological_Process_2023,Positive Regulation Of DNA-templated Transcription (GO:0045893),5/1243,0.0065042601741261,0.0327305212875774,0,0,5.046311254711901,25.40968049066952,PRKDC;HNRNPD;YBX1;HMGB1;PTMA,Latent_16
GO_Biological_Process_2023,Positive Regulation Of Macromolecule Biosynthetic Process (GO:0010557),2/122,0.0065259614572547,0.0327305212875774,0,0,18.38888888888889,92.53228181387864,PRKDC;HNRNPD,Latent_16
GO_Biological_Process_2023,Regulation Of DNA Metabolic Process (GO:0051052),2/124,0.0067345291088687,0.0327305212875774,0,0,18.0856102003643,90.4372274339782,XRCC5;HNRNPD,Latent_16
GO_Biological_Process_2023,Regulation Of Chromosome Condensation (GO:0060623),1/7,0.0069799958941807,0.0327305212875774,0,0,175.21052631578948,869.8689177892479,SMC2,Latent_16
GO_Biological_Process_2023,Protein Localization To Cytoplasmic Stress Granule (GO:1903608),1/7,0.0069799958941807,0.0327305212875774,0,0,175.21052631578948,869.8689177892479,YBX1,Latent_16
GO_Biological_Process_2023,Regulation Of Endodeoxyribonuclease Activity (GO:0032071),1/7,0.0069799958941807,0.0327305212875774,0,0,175.21052631578948,869.8689177892479,HMGB1,Latent_16
GO_Biological_Process_2023,Negative Regulation Of Peptidyl-Lysine Acetylation (GO:2000757),1/7,0.0069799958941807,0.0327305212875774,0,0,175.21052631578948,869.8689177892479,SET,Latent_16
GO_Biological_Process_2023,Regulation Of Apoptotic Cell Clearance (GO:2000425),1/7,0.0069799958941807,0.0327305212875774,0,0,175.21052631578948,869.8689177892479,HMGB1,Latent_16
GO_Biological_Process_2023,Positive Regulation Of Chromosome Condensation (GO:1905821),1/7,0.0069799958941807,0.0327305212875774,0,0,175.21052631578948,869.8689177892479,SMC2,Latent_16
KEGG_2021_Human,Somatic Recombination Of Immunoglobulin Gene Segments (GO:0016447),1/8,0.0079733565142536,0.0350222115246329,0,0,150.17293233082708,725.5830081396662,PRKDC,Latent_16
KEGG_2021_Human,DNA Topological Change (GO:0006265),1/8,0.0079733565142536,0.0350222115246329,0,0,150.17293233082708,725.5830081396662,HMGB1,Latent_16
KEGG_2021_Human,Regulation Of Sister Chromatid Cohesion (GO:0007063),1/8,0.0079733565142536,0.0350222115246329,0,0,150.17293233082708,725.5830081396662,RAD21,Latent_16
KEGG_2021_Human,Negative Regulation Of Alpha-Beta T Cell Differentiation (GO:0046639),1/8,0.0079733565142536,0.0350222115246329,0,0,150.17293233082708,725.5830081396662,HMGB1,Latent_16
KEGG_2021_Human,Nucleic Acid Transport (GO:0050657),1/8,0.0079733565142536,0.0350222115246329,0,0,150.17293233082708,725.5830081396662,YBX1,Latent_16
GO_Biological_Process_2023,Somatic Recombination Of Immunoglobulin Gene Segments (GO:0016447),1/8,0.0079733565142536,0.0350222115246329,0,0,150.17293233082708,725.5830081396662,PRKDC,Latent_16
GO_Biological_Process_2023,DNA Topological Change (GO:0006265),1/8,0.0079733565142536,0.0350222115246329,0,0,150.17293233082708,725.5830081396662,HMGB1,Latent_16
GO_Biological_Process_2023,Regulation Of Sister Chromatid Cohesion (GO:0007063),1/8,0.0079733565142536,0.0350222115246329,0,0,150.17293233082708,725.5830081396662,RAD21,Latent_16
GO_Biological_Process_2023,Negative Regulation Of Alpha-Beta T Cell Differentiation (GO:0046639),1/8,0.0079733565142536,0.0350222115246329,0,0,150.17293233082708,725.5830081396662,HMGB1,Latent_16
GO_Biological_Process_2023,Nucleic Acid Transport (GO:0050657),1/8,0.0079733565142536,0.0350222115246329,0,0,150.17293233082708,725.5830081396662,YBX1,Latent_16
KEGG_2021_Human,Negative Regulation Of Cellular Biosynthetic Process (GO:0031327),2/137,0.0081633472444682,0.0354085186728809,0,0,16.333333333333332,78.53231621226735,NCL;YBX1,Latent_16
GO_Biological_Process_2023,Negative Regulation Of Cellular Biosynthetic Process (GO:0031327),2/137,0.0081633472444682,0.0354085186728809,0,0,16.333333333333332,78.53231621226735,NCL;YBX1,Latent_16
KEGG_2021_Human,Positive Regulation Of Transferase Activity (GO:0051347),2/143,0.0088649770095239,0.0374834144966523,0,0,15.63356973995272,73.87873089122361,XRCC5;HNRNPD,Latent_16
KEGG_2021_Human,T-helper 1 Type Immune Response (GO:0042088),1/9,0.0089657734963174,0.0374834144966523,0,0,131.39473684210526,619.439581424405,HMGB1,Latent_16
KEGG_2021_Human,Positive Regulation Of Transcription Of Nucleolar Large rRNA By RNA Polymerase I (GO:1901838),1/9,0.0089657734963174,0.0374834144966523,0,0,131.39473684210526,619.439581424405,NCL,Latent_16
GO_Biological_Process_2023,Positive Regulation Of Transferase Activity (GO:0051347),2/143,0.0088649770095239,0.0374834144966523,0,0,15.63356973995272,73.87873089122361,XRCC5;HNRNPD,Latent_16
GO_Biological_Process_2023,T-helper 1 Type Immune Response (GO:0042088),1/9,0.0089657734963174,0.0374834144966523,0,0,131.39473684210526,619.439581424405,HMGB1,Latent_16
GO_Biological_Process_2023,Positive Regulation Of Transcription Of Nucleolar Large rRNA By RNA Polymerase I (GO:1901838),1/9,0.0089657734963174,0.0374834144966523,0,0,131.39473684210526,619.439581424405,NCL,Latent_16
KEGG_2021_Human,Negative Regulation Of Protein Metabolic Process (GO:0051248),2/147,0.0093473086864774,0.0383564708655579,0,0,15.199233716475096,71.02095504803928,NCL;YBX1,Latent_16
KEGG_2021_Human,protein-RNA Complex Assembly (GO:0022618),2/150,0.0097166464818749,0.0383564708655579,0,0,14.88888888888889,68.99384156820626,XRCC5;PRKDC,Latent_16
KEGG_2021_Human,Regulation Of Dendritic Cell Differentiation (GO:2001198),1/10,0.0099572476243861,0.0383564708655579,0,0,116.78947368421052,538.3357753631753,HMGB1,Latent_16
KEGG_2021_Human,Meiotic Sister Chromatid Cohesion (GO:0051177),1/10,0.0099572476243861,0.0383564708655579,0,0,116.78947368421052,538.3357753631753,RAD21,Latent_16
KEGG_2021_Human,Regulation Of Toll-Like Receptor 9 Signaling Pathway (GO:0034163),1/10,0.0099572476243861,0.0383564708655579,0,0,116.78947368421052,538.3357753631753,HMGB1,Latent_16
KEGG_2021_Human,Mitotic G1/S Transition Checkpoint Signaling (GO:0044819),1/10,0.0099572476243861,0.0383564708655579,0,0,116.78947368421052,538.3357753631753,PRKDC,Latent_16
KEGG_2021_Human,Regulation Of Low-Density Lipoprotein Particle Clearance (GO:0010988),1/10,0.0099572476243861,0.0383564708655579,0,0,116.78947368421052,538.3357753631753,HNRNPK,Latent_16
KEGG_2021_Human,Negative Regulation Of Nucleic Acid-Templated Transcription (GO:1903507),3/456,0.0100589015814575,0.0383564708655579,0,0,7.606934164394234,34.98655181686798,SET;HNRNPK;XRCC5,Latent_16
GO_Biological_Process_2023,Negative Regulation Of Protein Metabolic Process (GO:0051248),2/147,0.0093473086864774,0.0383564708655579,0,0,15.199233716475096,71.02095504803928,NCL;YBX1,Latent_16
GO_Biological_Process_2023,protein-RNA Complex Assembly (GO:0022618),2/150,0.0097166464818749,0.0383564708655579,0,0,14.88888888888889,68.99384156820626,XRCC5;PRKDC,Latent_16
GO_Biological_Process_2023,Regulation Of Dendritic Cell Differentiation (GO:2001198),1/10,0.0099572476243861,0.0383564708655579,0,0,116.78947368421052,538.3357753631753,HMGB1,Latent_16
GO_Biological_Process_2023,Meiotic Sister Chromatid Cohesion (GO:0051177),1/10,0.0099572476243861,0.0383564708655579,0,0,116.78947368421052,538.3357753631753,RAD21,Latent_16
GO_Biological_Process_2023,Regulation Of Toll-Like Receptor 9 Signaling Pathway (GO:0034163),1/10,0.0099572476243861,0.0383564708655579,0,0,116.78947368421052,538.3357753631753,HMGB1,Latent_16
GO_Biological_Process_2023,Mitotic G1/S Transition Checkpoint Signaling (GO:0044819),1/10,0.0099572476243861,0.0383564708655579,0,0,116.78947368421052,538.3357753631753,PRKDC,Latent_16
GO_Biological_Process_2023,Regulation Of Low-Density Lipoprotein Particle Clearance (GO:0010988),1/10,0.0099572476243861,0.0383564708655579,0,0,116.78947368421052,538.3357753631753,HNRNPK,Latent_16
GO_Biological_Process_2023,Negative Regulation Of Nucleic Acid-Templated Transcription (GO:1903507),3/456,0.0100589015814575,0.0383564708655579,0,0,7.606934164394234,34.98655181686798,SET;HNRNPK;XRCC5,Latent_16
KEGG_2021_Human,"Regulation Of CD4-positive, Alpha-Beta T Cell Differentiation (GO:0043370)",1/11,0.0109477797028559,0.0395681643783746,0,0,105.10526315789474,474.5101770765117,HMGB1,Latent_16
KEGG_2021_Human,"Negative Regulation Of CD4-positive, Alpha-Beta T Cell Activation (GO:2000515)",1/11,0.0109477797028559,0.0395681643783746,0,0,105.10526315789474,474.5101770765117,HMGB1,Latent_16
KEGG_2021_Human,Regulation Of T Cell Mediated Immunity (GO:0002709),1/11,0.0109477797028559,0.0395681643783746,0,0,105.10526315789474,474.5101770765117,HMGB1,Latent_16
KEGG_2021_Human,Isotype Switching (GO:0045190),1/11,0.0109477797028559,0.0395681643783746,0,0,105.10526315789474,474.5101770765117,HSPD1,Latent_16
KEGG_2021_Human,Regulation Of Macromolecule Metabolic Process (GO:0060255),2/162,0.0112582429558997,0.0395681643783746,0,0,13.76388888888889,61.75381693106292,HNRNPD;YBX1,Latent_16
KEGG_2021_Human,Regulation Of Chemokine (C-X-C Motif) Ligand 2 Production (GO:2000341),1/12,0.0119373705403343,0.0395681643783746,0,0,95.54545454545456,423.0830518492731,HMGB1,Latent_16
KEGG_2021_Human,Regulation Of Chromosome Separation (GO:1905818),1/12,0.0119373705403343,0.0395681643783746,0,0,95.54545454545456,423.0830518492731,SMC2,Latent_16
KEGG_2021_Human,DNA Conformation Change (GO:0071103),1/12,0.0119373705403343,0.0395681643783746,0,0,95.54545454545456,423.0830518492731,HMGB1,Latent_16
KEGG_2021_Human,MyD88-dependent Toll-Like Receptor Signaling Pathway (GO:0002755),1/12,0.0119373705403343,0.0395681643783746,0,0,95.54545454545456,423.0830518492731,HSPD1,Latent_16
KEGG_2021_Human,Regulation Of Hematopoietic Stem Cell Differentiation (GO:1902036),1/12,0.0119373705403343,0.0395681643783746,0,0,95.54545454545456,423.0830518492731,PRKDC,Latent_16
KEGG_2021_Human,Positive Regulation By Symbiont Of Entry Into Host (GO:0075294),1/12,0.0119373705403343,0.0395681643783746,0,0,95.54545454545456,423.0830518492731,HMGB1,Latent_16
KEGG_2021_Human,Positive Regulation Of Cell Morphogenesis Involved In Differentiation (GO:0010770),1/12,0.0119373705403343,0.0395681643783746,0,0,95.54545454545456,423.0830518492731,PRKDC,Latent_16
KEGG_2021_Human,Positive Regulation Of Viral Entry Into Host Cell (GO:0046598),1/12,0.0119373705403343,0.0395681643783746,0,0,95.54545454545456,423.0830518492731,HMGB1,Latent_16
KEGG_2021_Human,Regulation Of Transcription By RNA Polymerase II (GO:0006357),6/2028,0.0119730756764534,0.0395681643783746,0,0,3.8062738448495126,16.84312276445842,HNRNPK;PRKDC;RAD21;YBX1;HMGB1;PTMA,Latent_16
GO_Biological_Process_2023,"Regulation Of CD4-positive, Alpha-Beta T Cell Differentiation (GO:0043370)",1/11,0.0109477797028559,0.0395681643783746,0,0,105.10526315789474,474.5101770765117,HMGB1,Latent_16
GO_Biological_Process_2023,"Negative Regulation Of CD4-positive, Alpha-Beta T Cell Activation (GO:2000515)",1/11,0.0109477797028559,0.0395681643783746,0,0,105.10526315789474,474.5101770765117,HMGB1,Latent_16
GO_Biological_Process_2023,Regulation Of T Cell Mediated Immunity (GO:0002709),1/11,0.0109477797028559,0.0395681643783746,0,0,105.10526315789474,474.5101770765117,HMGB1,Latent_16
GO_Biological_Process_2023,Isotype Switching (GO:0045190),1/11,0.0109477797028559,0.0395681643783746,0,0,105.10526315789474,474.5101770765117,HSPD1,Latent_16
GO_Biological_Process_2023,Regulation Of Macromolecule Metabolic Process (GO:0060255),2/162,0.0112582429558997,0.0395681643783746,0,0,13.76388888888889,61.75381693106292,HNRNPD;YBX1,Latent_16
GO_Biological_Process_2023,Regulation Of Chemokine (C-X-C Motif) Ligand 2 Production (GO:2000341),1/12,0.0119373705403343,0.0395681643783746,0,0,95.54545454545456,423.0830518492731,HMGB1,Latent_16
GO_Biological_Process_2023,Regulation Of Chromosome Separation (GO:1905818),1/12,0.0119373705403343,0.0395681643783746,0,0,95.54545454545456,423.0830518492731,SMC2,Latent_16
GO_Biological_Process_2023,DNA Conformation Change (GO:0071103),1/12,0.0119373705403343,0.0395681643783746,0,0,95.54545454545456,423.0830518492731,HMGB1,Latent_16
GO_Biological_Process_2023,MyD88-dependent Toll-Like Receptor Signaling Pathway (GO:0002755),1/12,0.0119373705403343,0.0395681643783746,0,0,95.54545454545456,423.0830518492731,HSPD1,Latent_16
GO_Biological_Process_2023,Regulation Of Hematopoietic Stem Cell Differentiation (GO:1902036),1/12,0.0119373705403343,0.0395681643783746,0,0,95.54545454545456,423.0830518492731,PRKDC,Latent_16
GO_Biological_Process_2023,Positive Regulation By Symbiont Of Entry Into Host (GO:0075294),1/12,0.0119373705403343,0.0395681643783746,0,0,95.54545454545456,423.0830518492731,HMGB1,Latent_16
GO_Biological_Process_2023,Positive Regulation Of Cell Morphogenesis Involved In Differentiation (GO:0010770),1/12,0.0119373705403343,0.0395681643783746,0,0,95.54545454545456,423.0830518492731,PRKDC,Latent_16
GO_Biological_Process_2023,Positive Regulation Of Viral Entry Into Host Cell (GO:0046598),1/12,0.0119373705403343,0.0395681643783746,0,0,95.54545454545456,423.0830518492731,HMGB1,Latent_16
GO_Biological_Process_2023,Regulation Of Transcription By RNA Polymerase II (GO:0006357),6/2028,0.0119730756764534,0.0395681643783746,0,0,3.8062738448495126,16.84312276445842,HNRNPK;PRKDC;RAD21;YBX1;HMGB1;PTMA,Latent_16
KEGG_2021_Human,Positive Regulation Of Transcription By RNA Polymerase II (GO:0045944),4/938,0.0127648380722687,0.0404083718076952,0,0,5.09796573875803,22.232539122472907,PRKDC;YBX1;HMGB1;PTMA,Latent_16
KEGG_2021_Human,Positive Regulation Of Cellular Biosynthetic Process (GO:0031328),2/174,0.0129008233573588,0.0404083718076952,0,0,12.795865633074936,55.66795462172957,PRKDC;HNRNPD,Latent_16
KEGG_2021_Human,Regulation Of Transcription Of Nucleolar Large rRNA By RNA Polymerase I (GO:1901836),1/13,0.0129260209528938,0.0404083718076952,0,0,87.57894736842105,380.8381798737429,NCL,Latent_16
KEGG_2021_Human,Myeloid Dendritic Cell Activation (GO:0001773),1/13,0.0129260209528938,0.0404083718076952,0,0,87.57894736842105,380.8381798737429,HMGB1,Latent_16
KEGG_2021_Human,Positive Regulation Of Chromosome Separation (GO:1905820),1/13,0.0129260209528938,0.0404083718076952,0,0,87.57894736842105,380.8381798737429,SMC2,Latent_16
KEGG_2021_Human,Positive Regulation Of Double-Strand Break Repair Via Nonhomologous End Joining (GO:2001034),1/13,0.0129260209528938,0.0404083718076952,0,0,87.57894736842105,380.8381798737429,PRKDC,Latent_16
GO_Biological_Process_2023,Positive Regulation Of Transcription By RNA Polymerase II (GO:0045944),4/938,0.0127648380722687,0.0404083718076952,0,0,5.09796573875803,22.232539122472907,PRKDC;YBX1;HMGB1;PTMA,Latent_16
GO_Biological_Process_2023,Positive Regulation Of Cellular Biosynthetic Process (GO:0031328),2/174,0.0129008233573588,0.0404083718076952,0,0,12.795865633074936,55.66795462172957,PRKDC;HNRNPD,Latent_16
GO_Biological_Process_2023,Regulation Of Transcription Of Nucleolar Large rRNA By RNA Polymerase I (GO:1901836),1/13,0.0129260209528938,0.0404083718076952,0,0,87.57894736842105,380.8381798737429,NCL,Latent_16
GO_Biological_Process_2023,Myeloid Dendritic Cell Activation (GO:0001773),1/13,0.0129260209528938,0.0404083718076952,0,0,87.57894736842105,380.8381798737429,HMGB1,Latent_16
GO_Biological_Process_2023,Positive Regulation Of Chromosome Separation (GO:1905820),1/13,0.0129260209528938,0.0404083718076952,0,0,87.57894736842105,380.8381798737429,SMC2,Latent_16
GO_Biological_Process_2023,Positive Regulation Of Double-Strand Break Repair Via Nonhomologous End Joining (GO:2001034),1/13,0.0129260209528938,0.0404083718076952,0,0,87.57894736842105,380.8381798737429,PRKDC,Latent_16
KEGG_2021_Human,Telomere Capping (GO:0016233),1/14,0.01391373176082,0.0431077225089691,0,0,80.83805668016194,345.57291333057793,PRKDC,Latent_16
GO_Biological_Process_2023,Telomere Capping (GO:0016233),1/14,0.01391373176082,0.0431077225089691,0,0,80.83805668016194,345.57291333057793,PRKDC,Latent_16
KEGG_2021_Human,"Protein Localization To Chromosome, Telomeric Region (GO:0070198)",1/15,0.0149005037888985,0.0441920924337419,0,0,75.06015037593986,315.7300332957057,XRCC5,Latent_16
KEGG_2021_Human,Mitotic Chromosome Condensation (GO:0007076),1/15,0.0149005037888985,0.0441920924337419,0,0,75.06015037593986,315.7300332957057,SMC2,Latent_16
KEGG_2021_Human,Negative Regulation Of Phagocytosis (GO:0050765),1/15,0.0149005037888985,0.0441920924337419,0,0,75.06015037593986,315.7300332957057,HMGB1,Latent_16
KEGG_2021_Human,Dendritic Cell Chemotaxis (GO:0002407),1/15,0.0149005037888985,0.0441920924337419,0,0,75.06015037593986,315.7300332957057,HMGB1,Latent_16
KEGG_2021_Human,Positive Regulation Of Endothelial Cell Apoptotic Process (GO:2000353),1/15,0.0149005037888985,0.0441920924337419,0,0,75.06015037593986,315.7300332957057,ITGA4,Latent_16
GO_Biological_Process_2023,"Protein Localization To Chromosome, Telomeric Region (GO:0070198)",1/15,0.0149005037888985,0.0441920924337419,0,0,75.06015037593986,315.7300332957057,XRCC5,Latent_16
GO_Biological_Process_2023,Mitotic Chromosome Condensation (GO:0007076),1/15,0.0149005037888985,0.0441920924337419,0,0,75.06015037593986,315.7300332957057,SMC2,Latent_16
GO_Biological_Process_2023,Negative Regulation Of Phagocytosis (GO:0050765),1/15,0.0149005037888985,0.0441920924337419,0,0,75.06015037593986,315.7300332957057,HMGB1,Latent_16
GO_Biological_Process_2023,Dendritic Cell Chemotaxis (GO:0002407),1/15,0.0149005037888985,0.0441920924337419,0,0,75.06015037593986,315.7300332957057,HMGB1,Latent_16
GO_Biological_Process_2023,Positive Regulation Of Endothelial Cell Apoptotic Process (GO:2000353),1/15,0.0149005037888985,0.0441920924337419,0,0,75.06015037593986,315.7300332957057,ITGA4,Latent_16
KEGG_2021_Human,Maturation Of 5.8S rRNA (GO:0000460),1/16,0.0158863378646896,0.0455583408185727,0,0,70.05263157894737,290.1787210723924,PRKDC,Latent_16
KEGG_2021_Human,Cellular Response To Gamma Radiation (GO:0071480),1/16,0.0158863378646896,0.0455583408185727,0,0,70.05263157894737,290.1787210723924,XRCC5,Latent_16
KEGG_2021_Human,Regulation Of Interleukin-1 Production (GO:0032652),1/16,0.0158863378646896,0.0455583408185727,0,0,70.05263157894737,290.1787210723924,HMGB1,Latent_16
KEGG_2021_Human,Positive Regulation Of Telomere Capping (GO:1904355),1/16,0.0158863378646896,0.0455583408185727,0,0,70.05263157894737,290.1787210723924,HNRNPD,Latent_16
GO_Biological_Process_2023,Maturation Of 5.8S rRNA (GO:0000460),1/16,0.0158863378646896,0.0455583408185727,0,0,70.05263157894737,290.1787210723924,PRKDC,Latent_16
GO_Biological_Process_2023,Cellular Response To Gamma Radiation (GO:0071480),1/16,0.0158863378646896,0.0455583408185727,0,0,70.05263157894737,290.1787210723924,XRCC5,Latent_16
GO_Biological_Process_2023,Regulation Of Interleukin-1 Production (GO:0032652),1/16,0.0158863378646896,0.0455583408185727,0,0,70.05263157894737,290.1787210723924,HMGB1,Latent_16
GO_Biological_Process_2023,Positive Regulation Of Telomere Capping (GO:1904355),1/16,0.0158863378646896,0.0455583408185727,0,0,70.05263157894737,290.1787210723924,HNRNPD,Latent_16
KEGG_2021_Human,Positive Regulation Of Protein Metabolic Process (GO:0051247),2/196,0.0161666242170096,0.0459821196991994,0,0,11.332187857961054,46.74308095109728,PRKDC;HNRNPD,Latent_16
GO_Biological_Process_2023,Positive Regulation Of Protein Metabolic Process (GO:0051247),2/196,0.0161666242170096,0.0459821196991994,0,0,11.332187857961054,46.74308095109728,PRKDC;HNRNPD,Latent_16
KEGG_2021_Human,Positive Regulation Of Macrophage Activation (GO:0043032),1/17,0.0168712348172723,0.0460969959180591,0,0,65.67105263157895,268.0787715603985,HSPD1,Latent_16
KEGG_2021_Human,Regulation Of Hematopoietic Progenitor Cell Differentiation (GO:1901532),1/17,0.0168712348172723,0.0460969959180591,0,0,65.67105263157895,268.0787715603985,PRKDC,Latent_16
KEGG_2021_Human,Cellular Response To Unfolded Protein (GO:0034620),1/17,0.0168712348172723,0.0460969959180591,0,0,65.67105263157895,268.0787715603985,HSPD1,Latent_16
KEGG_2021_Human,Leukocyte Tethering Or Rolling (GO:0050901),1/17,0.0168712348172723,0.0460969959180591,0,0,65.67105263157895,268.0787715603985,ITGA4,Latent_16
KEGG_2021_Human,Negative Regulation Of Cellular Senescence (GO:2000773),1/17,0.0168712348172723,0.0460969959180591,0,0,65.67105263157895,268.0787715603985,YBX1,Latent_16
GO_Biological_Process_2023,Positive Regulation Of Macrophage Activation (GO:0043032),1/17,0.0168712348172723,0.0460969959180591,0,0,65.67105263157895,268.0787715603985,HSPD1,Latent_16
GO_Biological_Process_2023,Regulation Of Hematopoietic Progenitor Cell Differentiation (GO:1901532),1/17,0.0168712348172723,0.0460969959180591,0,0,65.67105263157895,268.0787715603985,PRKDC,Latent_16
GO_Biological_Process_2023,Cellular Response To Unfolded Protein (GO:0034620),1/17,0.0168712348172723,0.0460969959180591,0,0,65.67105263157895,268.0787715603985,HSPD1,Latent_16
GO_Biological_Process_2023,Leukocyte Tethering Or Rolling (GO:0050901),1/17,0.0168712348172723,0.0460969959180591,0,0,65.67105263157895,268.0787715603985,ITGA4,Latent_16
GO_Biological_Process_2023,Negative Regulation Of Cellular Senescence (GO:2000773),1/17,0.0168712348172723,0.0460969959180591,0,0,65.67105263157895,268.0787715603985,YBX1,Latent_16
KEGG_2021_Human,Negative Regulation Of DNA-templated Transcription (GO:0045892),4/1025,0.0172133235393947,0.0465846077468814,0,0,4.642262487757101,18.8572024749942,SET;HNRNPK;XRCC5;HMGB1,Latent_16
KEGG_2021_Human,Positive Regulation Of Monocyte Chemotaxis (GO:0090026),1/18,0.0178551954764704,0.0465846077468814,0,0,61.80495356037152,248.79341471282052,HMGB1,Latent_16
KEGG_2021_Human,T-helper Cell Differentiation (GO:0042093),1/18,0.0178551954764704,0.0465846077468814,0,0,61.80495356037152,248.79341471282052,HMGB1,Latent_16
KEGG_2021_Human,Dendritic Cell Migration (GO:0036336),1/18,0.0178551954764704,0.0465846077468814,0,0,61.80495356037152,248.79341471282052,HMGB1,Latent_16
KEGG_2021_Human,Positive Regulation Of Chromosome Segregation (GO:0051984),1/18,0.0178551954764704,0.0465846077468814,0,0,61.80495356037152,248.79341471282052,SMC2,Latent_16
KEGG_2021_Human,Nucleosome Disassembly (GO:0006337),1/18,0.0178551954764704,0.0465846077468814,0,0,61.80495356037152,248.79341471282052,SET,Latent_16
GO_Biological_Process_2023,Negative Regulation Of DNA-templated Transcription (GO:0045892),4/1025,0.0172133235393947,0.0465846077468814,0,0,4.642262487757101,18.8572024749942,SET;HNRNPK;XRCC5;HMGB1,Latent_16
GO_Biological_Process_2023,Positive Regulation Of Monocyte Chemotaxis (GO:0090026),1/18,0.0178551954764704,0.0465846077468814,0,0,61.80495356037152,248.79341471282052,HMGB1,Latent_16
GO_Biological_Process_2023,T-helper Cell Differentiation (GO:0042093),1/18,0.0178551954764704,0.0465846077468814,0,0,61.80495356037152,248.79341471282052,HMGB1,Latent_16
GO_Biological_Process_2023,Dendritic Cell Migration (GO:0036336),1/18,0.0178551954764704,0.0465846077468814,0,0,61.80495356037152,248.79341471282052,HMGB1,Latent_16
GO_Biological_Process_2023,Positive Regulation Of Chromosome Segregation (GO:0051984),1/18,0.0178551954764704,0.0465846077468814,0,0,61.80495356037152,248.79341471282052,SMC2,Latent_16
GO_Biological_Process_2023,Nucleosome Disassembly (GO:0006337),1/18,0.0178551954764704,0.0465846077468814,0,0,61.80495356037152,248.79341471282052,SET,Latent_16
KEGG_2021_Human,Mitotic Sister Chromatid Cohesion (GO:0007064),1/19,0.0188382206720142,0.0473685693709344,0,0,58.36842105263158,231.8316321803268,RAD21,Latent_16
KEGG_2021_Human,Receptor Clustering (GO:0043113),1/19,0.0188382206720142,0.0473685693709344,0,0,58.36842105263158,231.8316321803268,ITGA4,Latent_16
KEGG_2021_Human,Positive Regulation Of Activated T Cell Proliferation (GO:0042104),1/19,0.0188382206720142,0.0473685693709344,0,0,58.36842105263158,231.8316321803268,HMGB1,Latent_16
KEGG_2021_Human,Regulation Of Lymphocyte Differentiation (GO:0045619),1/19,0.0188382206720142,0.0473685693709344,0,0,58.36842105263158,231.8316321803268,PRKDC,Latent_16
KEGG_2021_Human,Leukocyte Adhesion To Vascular Endothelial Cell (GO:0061756),1/19,0.0188382206720142,0.0473685693709344,0,0,58.36842105263158,231.8316321803268,ITGA4,Latent_16
GO_Biological_Process_2023,Mitotic Sister Chromatid Cohesion (GO:0007064),1/19,0.0188382206720142,0.0473685693709344,0,0,58.36842105263158,231.8316321803268,RAD21,Latent_16
GO_Biological_Process_2023,Receptor Clustering (GO:0043113),1/19,0.0188382206720142,0.0473685693709344,0,0,58.36842105263158,231.8316321803268,ITGA4,Latent_16
GO_Biological_Process_2023,Positive Regulation Of Activated T Cell Proliferation (GO:0042104),1/19,0.0188382206720142,0.0473685693709344,0,0,58.36842105263158,231.8316321803268,HMGB1,Latent_16
GO_Biological_Process_2023,Regulation Of Lymphocyte Differentiation (GO:0045619),1/19,0.0188382206720142,0.0473685693709344,0,0,58.36842105263158,231.8316321803268,PRKDC,Latent_16
GO_Biological_Process_2023,Leukocyte Adhesion To Vascular Endothelial Cell (GO:0061756),1/19,0.0188382206720142,0.0473685693709344,0,0,58.36842105263158,231.8316321803268,ITGA4,Latent_16
KEGG_2021_Human,Positive Regulation Of Leukocyte Activation (GO:0002696),1/20,0.019820311238232,0.0487776453877059,0,0,55.29362880886426,216.80897525048425,HSPD1,Latent_16
KEGG_2021_Human,protein-DNA Complex Disassembly (GO:0032986),1/20,0.019820311238232,0.0487776453877059,0,0,55.29362880886426,216.80897525048425,SET,Latent_16
KEGG_2021_Human,Ameboidal-Type Cell Migration (GO:0001667),1/20,0.019820311238232,0.0487776453877059,0,0,55.29362880886426,216.80897525048425,ITGA4,Latent_16
GO_Biological_Process_2023,Positive Regulation Of Leukocyte Activation (GO:0002696),1/20,0.019820311238232,0.0487776453877059,0,0,55.29362880886426,216.80897525048425,HSPD1,Latent_16
GO_Biological_Process_2023,protein-DNA Complex Disassembly (GO:0032986),1/20,0.019820311238232,0.0487776453877059,0,0,55.29362880886426,216.80897525048425,SET,Latent_16
GO_Biological_Process_2023,Ameboidal-Type Cell Migration (GO:0001667),1/20,0.019820311238232,0.0487776453877059,0,0,55.29362880886426,216.80897525048425,ITGA4,Latent_16
GO_Biological_Process_2023,Regulation Of Peptidyl-Tyrosine Phosphorylation (GO:0050730),3/90,9.503457079054536e-05,0.0212229782649021,0,0,40.35091277890466,373.7006911121373,BANK1;PTK2B;SAMSN1,Latent_17
GO_Biological_Process_2023,Negative Regulation Of B Cell Activation (GO:0050869),2/20,0.00017856345892201654,0.0212229782649021,0,0,123.22222222222224,1063.4775841223657,BANK1;SAMSN1,Latent_17
GO_Biological_Process_2023,Negative Regulation Of Myeloid Cell Differentiation (GO:0045638),2/22,0.00021683563043902655,0.0212229782649021,0,0,110.88888888888889,935.4998014387868,MYB;PTK2B,Latent_17
GO_Biological_Process_2023,Regulation Of B Cell Activation (GO:0050864),2/25,0.0002810990498662536,0.0212229782649021,0,0,96.41062801932368,788.3307567801231,BANK1;SAMSN1,Latent_17
KEGG_2021_Human,Regulation Of Peptidyl-Tyrosine Phosphorylation (GO:0050730),3/90,9.503457079054536e-05,0.0212229782649021,0,0,40.35091277890466,373.7006911121373,BANK1;PTK2B;SAMSN1,Latent_17
KEGG_2021_Human,Negative Regulation Of B Cell Activation (GO:0050869),2/20,0.00017856345892201654,0.0212229782649021,0,0,123.22222222222224,1063.4775841223657,BANK1;SAMSN1,Latent_17
KEGG_2021_Human,Negative Regulation Of Myeloid Cell Differentiation (GO:0045638),2/22,0.00021683563043902655,0.0212229782649021,0,0,110.88888888888889,935.4998014387868,MYB;PTK2B,Latent_17
KEGG_2021_Human,Regulation Of B Cell Activation (GO:0050864),2/25,0.0002810990498662536,0.0212229782649021,0,0,96.41062801932368,788.3307567801231,BANK1;SAMSN1,Latent_17
GO_Biological_Process_2023,B Cell Activation (GO:0042113),3/92,0.00010145759537430764,0.023436704531465,0,0,39.44018506278916,362.68679987613535,BANK1;PAX5;MS4A1,Latent_18
KEGG_2021_Human,B Cell Activation (GO:0042113),3/92,0.00010145759537430764,0.023436704531465,0,0,39.44018506278916,362.68679987613535,BANK1;PAX5;MS4A1,Latent_18
GO_Biological_Process_2023,Antigen Receptor-Mediated Signaling Pathway (GO:0050851),3/134,0.00030840217370871873,0.035620451063357,0,0,26.738661876964525,216.15817338090815,BLK;FYN;MS4A1,Latent_18
KEGG_2021_Human,Antigen Receptor-Mediated Signaling Pathway (GO:0050851),3/134,0.00030840217370871873,0.035620451063357,0,0,26.738661876964525,216.15817338090815,BLK;FYN;MS4A1,Latent_18
GO_Biological_Process_2023,Cytoplasmic Translation (GO:0002181),6/93,3.1560438884640486e-10,8.552878937737573e-08,0,0,97.99507389162562,2143.792332662598,RPS4X;RPL7A;RPL11;RPSA;RPS2;RPL18,Latent_19
KEGG_2021_Human,Cytoplasmic Translation (GO:0002181),6/93,3.1560438884640486e-10,8.552878937737573e-08,0,0,97.99507389162562,2143.792332662598,RPS4X;RPL7A;RPL11;RPSA;RPS2;RPL18,Latent_19
GO_Biological_Process_2023,Peptide Biosynthetic Process (GO:0043043),6/158,7.815504046368371e-09,1.0590007982829142e-06,0,0,55.90601503759399,1043.6063251695816,RPS4X;RPL7A;RPL11;RPSA;RPS2;RPL18,Latent_19
KEGG_2021_Human,Peptide Biosynthetic Process (GO:0043043),6/158,7.815504046368371e-09,1.0590007982829142e-06,0,0,55.90601503759399,1043.6063251695816,RPS4X;RPL7A;RPL11;RPSA;RPS2;RPL18,Latent_19
GO_Biological_Process_2023,Macromolecule Biosynthetic Process (GO:0009059),6/183,1.8833597189813412e-08,1.7013016128131445e-06,0,0,47.94915254237288,852.901471488062,RPS4X;RPL7A;RPL11;RPSA;RPS2;RPL18,Latent_19
KEGG_2021_Human,Macromolecule Biosynthetic Process (GO:0009059),6/183,1.8833597189813412e-08,1.7013016128131445e-06,0,0,47.94915254237288,852.901471488062,RPS4X;RPL7A;RPL11;RPSA;RPS2;RPL18,Latent_19
GO_Biological_Process_2023,Translation (GO:0006412),6/234,8.129255259825552e-08,5.507570438531811e-06,0,0,37.12781954887218,606.1195040162432,RPS4X;RPL7A;RPL11;RPSA;RPS2;RPL18,Latent_19
KEGG_2021_Human,Translation (GO:0006412),6/234,8.129255259825552e-08,5.507570438531811e-06,0,0,37.12781954887218,606.1195040162432,RPS4X;RPL7A;RPL11;RPSA;RPS2;RPL18,Latent_19
GO_Biological_Process_2023,Gene Expression (GO:0010467),6/296,3.251870859075968e-07,1.7625140056191743e-05,0,0,29.098522167487683,434.6988993439651,RPS4X;RPL7A;RPL11;RPSA;RPS2;RPL18,Latent_19
KEGG_2021_Human,Gene Expression (GO:0010467),6/296,3.251870859075968e-07,1.7625140056191743e-05,0,0,29.098522167487683,434.6988993439651,RPS4X;RPL7A;RPL11;RPSA;RPS2;RPL18,Latent_19
GO_Biological_Process_2023,Ribosome Assembly (GO:0042255),3/50,1.626462332560456e-05,0.0007346188202064727,0,0,74.84230287859825,825.2500115945311,RPL11;RPSA;NOP53,Latent_19
KEGG_2021_Human,Ribosome Assembly (GO:0042255),3/50,1.626462332560456e-05,0.0007346188202064727,0,0,74.84230287859825,825.2500115945311,RPL11;RPSA;NOP53,Latent_19
GO_Biological_Process_2023,Ribosomal Large Subunit Assembly (GO:0000027),2/22,0.00021683563043902655,0.0083946365498537,0,0,110.88888888888889,935.4998014387868,RPL11;NOP53,Latent_19
KEGG_2021_Human,Ribosomal Large Subunit Assembly (GO:0000027),2/22,0.00021683563043902655,0.0083946365498537,0,0,110.88888888888889,935.4998014387868,RPL11;NOP53,Latent_19
GO_Biological_Process_2023,protein-RNA Complex Assembly (GO:0022618),3/150,0.0004292373591480759,0.0128022836046537,0,0,23.809123649459785,184.60405229479696,RPL11;RPSA;NOP53,Latent_19
GO_Biological_Process_2023,Negative Regulation Of Proteasomal Ubiquitin-Dependent Protein Catabolic Process (GO:0032435),2/32,0.0004628054168177868,0.0128022836046537,0,0,73.88888888888889,567.3339517497183,RPL11;NOP53,Latent_19
GO_Biological_Process_2023,Ribosome Biogenesis (GO:0042254),3/155,0.0004724089891016131,0.0128022836046537,0,0,23.020123839009287,176.280406867155,RPS4X;RPL11;NOP53,Latent_19
KEGG_2021_Human,protein-RNA Complex Assembly (GO:0022618),3/150,0.0004292373591480759,0.0128022836046537,0,0,23.809123649459785,184.60405229479696,RPL11;RPSA;NOP53,Latent_19
KEGG_2021_Human,Negative Regulation Of Proteasomal Ubiquitin-Dependent Protein Catabolic Process (GO:0032435),2/32,0.0004628054168177868,0.0128022836046537,0,0,73.88888888888889,567.3339517497183,RPL11;NOP53,Latent_19
KEGG_2021_Human,Ribosome Biogenesis (GO:0042254),3/155,0.0004724089891016131,0.0128022836046537,0,0,23.020123839009287,176.280406867155,RPS4X;RPL11;NOP53,Latent_19
GO_Biological_Process_2023,Negative Regulation Of Proteasomal Protein Catabolic Process (GO:1901799),2/39,0.0006885154392429702,0.0155489736695704,0,0,59.888888888888886,436.0493719555131,RPL11;NOP53,Latent_19
GO_Biological_Process_2023,Negative Regulation Of Ubiquitin-Dependent Protein Catabolic Process (GO:2000059),2/39,0.0006885154392429702,0.0155489736695704,0,0,59.888888888888886,436.0493719555131,RPL11;NOP53,Latent_19
KEGG_2021_Human,Negative Regulation Of Proteasomal Protein Catabolic Process (GO:1901799),2/39,0.0006885154392429702,0.0155489736695704,0,0,59.888888888888886,436.0493719555131,RPL11;NOP53,Latent_19
KEGG_2021_Human,Negative Regulation Of Ubiquitin-Dependent Protein Catabolic Process (GO:2000059),2/39,0.0006885154392429702,0.0155489736695704,0,0,59.888888888888886,436.0493719555131,RPL11;NOP53,Latent_19
GO_Biological_Process_2023,Regulation Of Signal Transduction By P53 Class Mediator (GO:1901796),2/47,0.0009996316450557327,0.0208384750623156,0,0,49.22222222222222,340.0331999878986,RPL11;NOP53,Latent_19
KEGG_2021_Human,Regulation Of Signal Transduction By P53 Class Mediator (GO:1901796),2/47,0.0009996316450557327,0.0208384750623156,0,0,49.22222222222222,340.0331999878986,RPL11;NOP53,Latent_19
GO_Biological_Process_2023,Ribosomal Large Subunit Biogenesis (GO:0042273),2/54,0.0013177506939226,0.0255078884323597,0,0,42.58119658119658,282.3912150075315,RPL11;NOP53,Latent_19
KEGG_2021_Human,Ribosomal Large Subunit Biogenesis (GO:0042273),2/54,0.0013177506939226,0.0255078884323597,0,0,42.58119658119658,282.3912150075315,RPL11;NOP53,Latent_19
GO_Biological_Process_2023,Regulation Of Actin Filament Polymerization (GO:0030833),2/70,0.0022026761035863,0.0397950149381269,0,0,32.5359477124183,199.05760409273051,EVL;SSH2,Latent_19
KEGG_2021_Human,Regulation Of Actin Filament Polymerization (GO:0030833),2/70,0.0022026761035863,0.0397950149381269,0,0,32.5359477124183,199.05760409273051,EVL;SSH2,Latent_19
GO_Biological_Process_2023,Regulation Of Rho Protein Signal Transduction (GO:0035023),2/73,0.0023926495225994,0.0405255012890274,0,0,31.156494522691705,188.04047198052453,RIPOR2;ARHGDIB,Latent_19
KEGG_2021_Human,Regulation Of Rho Protein Signal Transduction (GO:0035023),2/73,0.0023926495225994,0.0405255012890274,0,0,31.156494522691705,188.04047198052453,RIPOR2;ARHGDIB,Latent_19
GO_Biological_Process_2023,Regulation Of Intracellular Signal Transduction (GO:1902531),3/297,0.0030644339259415,0.0474700186196605,0,0,11.816326530612244,68.39162671615351,RPL11;TNIK;NOP53,Latent_19
GO_Biological_Process_2023,Ribosomal Small Subunit Biogenesis (GO:0042274),2/84,0.0031529901666195,0.0474700186196605,0,0,26.962059620596207,155.2853944898215,RPS4X;RPSA,Latent_19
KEGG_2021_Human,Regulation Of Intracellular Signal Transduction (GO:1902531),3/297,0.0030644339259415,0.0474700186196605,0,0,11.816326530612244,68.39162671615351,RPL11;TNIK;NOP53,Latent_19
KEGG_2021_Human,Ribosomal Small Subunit Biogenesis (GO:0042274),2/84,0.0031529901666195,0.0474700186196605,0,0,26.962059620596207,155.2853944898215,RPS4X;RPSA,Latent_19
GO_Biological_Process_2023,rRNA Metabolic Process (GO:0016072),2/91,0.003688337741346,0.0499706315964566,0,0,24.83270911360799,139.12722450187454,RPL11;NOP53,Latent_19
GO_Biological_Process_2023,ncRNA Processing (GO:0034470),2/100,0.004434499847536,0.0499706315964566,0,0,22.54195011337869,122.13995997533476,RPL11;NOP53,Latent_19
GO_Biological_Process_2023,rRNA Processing (GO:0006364),2/101,0.0045213816583109,0.0499706315964566,0,0,22.31313131313131,120.46720485255872,RPL11;NOP53,Latent_19
GO_Biological_Process_2023,Protein Modification Process (GO:0036211),4/711,0.0048702894439726,0.0499706315964566,0,0,6.815063649222065,36.28750092051036,AKT3;TNIK;SSH2;JAK1,Latent_19
GO_Biological_Process_2023,Regulation Of Establishment Of T Cell Polarity (GO:1903903),1/5,0.0049904406959516,0.0499706315964566,0,0,262.8421052631579,1393.123889480945,RIPOR2,Latent_19
GO_Biological_Process_2023,Negative Regulation Of Trophoblast Cell Migration (GO:1901164),1/5,0.0049904406959516,0.0499706315964566,0,0,262.8421052631579,1393.123889480945,ARHGDIB,Latent_19
GO_Biological_Process_2023,Interleukin-4-Mediated Signaling Pathway (GO:0035771),1/5,0.0049904406959516,0.0499706315964566,0,0,262.8421052631579,1393.123889480945,JAK1,Latent_19
GO_Biological_Process_2023,Regulation Of Neutrophil Extravasation (GO:2000389),1/5,0.0049904406959516,0.0499706315964566,0,0,262.8421052631579,1393.123889480945,RIPOR2,Latent_19
GO_Biological_Process_2023,Regulation Of Proteasomal Ubiquitin-Dependent Protein Catabolic Process (GO:0032434),2/109,0.005244730259552,0.0499706315964566,0,0,20.63655244029076,108.3528679492363,RPL11;NOP53,Latent_19
GO_Biological_Process_2023,Cellular Response To Interleukin-9 (GO:0071355),1/6,0.0059856908667451,0.0499706315964566,0,0,210.26315789473685,1076.2074808846232,JAK1,Latent_19
GO_Biological_Process_2023,Negative Regulation Of Ruffle Assembly (GO:1900028),1/6,0.0059856908667451,0.0499706315964566,0,0,210.26315789473685,1076.2074808846232,EVL,Latent_19
GO_Biological_Process_2023,Interleukin-9-Mediated Signaling Pathway (GO:0038113),1/6,0.0059856908667451,0.0499706315964566,0,0,210.26315789473685,1076.2074808846232,JAK1,Latent_19
GO_Biological_Process_2023,Ribonucleoprotein Complex Biogenesis (GO:0022613),2/118,0.0061179373336044,0.0499706315964566,0,0,19.026819923371647,96.97076380041771,RPS4X;RPL11,Latent_19
GO_Biological_Process_2023,Protein Localization To Nucleus (GO:0034504),2/122,0.0065259614572547,0.0499706315964566,0,0,18.38888888888889,92.53228181387864,RPL11;NOP53,Latent_19
GO_Biological_Process_2023,Cellular Response To Interleukin-2 (GO:0071352),1/7,0.0069799958941807,0.0499706315964566,0,0,175.21052631578948,869.8689177892479,JAK1,Latent_19
GO_Biological_Process_2023,T-helper 17 Cell Lineage Commitment (GO:0072540),1/7,0.0069799958941807,0.0499706315964566,0,0,175.21052631578948,869.8689177892479,JAK1,Latent_19
GO_Biological_Process_2023,Interleukin-2-Mediated Signaling Pathway (GO:0038110),1/7,0.0069799958941807,0.0499706315964566,0,0,175.21052631578948,869.8689177892479,JAK1,Latent_19
GO_Biological_Process_2023,Fucose Catabolic Process (GO:0019317),1/8,0.0079733565142536,0.0499706315964566,0,0,150.17293233082708,725.5830081396662,FUT8,Latent_19
GO_Biological_Process_2023,L-fucose Catabolic Process (GO:0042355),1/8,0.0079733565142536,0.0499706315964566,0,0,150.17293233082708,725.5830081396662,FUT8,Latent_19
GO_Biological_Process_2023,L-fucose Metabolic Process (GO:0042354),1/8,0.0079733565142536,0.0499706315964566,0,0,150.17293233082708,725.5830081396662,FUT8,Latent_19
GO_Biological_Process_2023,Tyrosine Phosphorylation Of STAT Protein (GO:0007260),1/8,0.0079733565142536,0.0499706315964566,0,0,150.17293233082708,725.5830081396662,JAK1,Latent_19
GO_Biological_Process_2023,T-helper 17 Cell Differentiation (GO:0072539),1/8,0.0079733565142536,0.0499706315964566,0,0,150.17293233082708,725.5830081396662,JAK1,Latent_19
GO_Biological_Process_2023,Negative Regulation Of Ubiquitin Protein Ligase Activity (GO:1904667),1/8,0.0079733565142536,0.0499706315964566,0,0,150.17293233082708,725.5830081396662,RPL11,Latent_19
GO_Biological_Process_2023,Phosphorylation (GO:0016310),3/429,0.0085174414236267,0.0499706315964566,0,0,8.100248550124276,38.60286271385531,AKT3;TNIK;JAK1,Latent_19
GO_Biological_Process_2023,Positive Regulation Of Myoblast Fusion (GO:1901741),1/9,0.0089657734963174,0.0499706315964566,0,0,131.39473684210526,619.439581424405,RIPOR2,Latent_19
GO_Biological_Process_2023,Type II Interferon-Mediated Signaling Pathway (GO:0060333),1/9,0.0089657734963174,0.0499706315964566,0,0,131.39473684210526,619.439581424405,JAK1,Latent_19
GO_Biological_Process_2023,Negative Regulation Of Phosphatidylinositol 3-Kinase Signaling (GO:0014067),1/9,0.0089657734963174,0.0499706315964566,0,0,131.39473684210526,619.439581424405,NOP53,Latent_19
GO_Biological_Process_2023,Regulation Of Viral-Induced Cytoplasmic Pattern Recognition Receptor Signaling Pathway (GO:0039531),1/9,0.0089657734963174,0.0499706315964566,0,0,131.39473684210526,619.439581424405,NOP53,Latent_19
GO_Biological_Process_2023,Histone Methylation (GO:0016571),1/9,0.0089657734963174,0.0499706315964566,0,0,131.39473684210526,619.439581424405,SMYD3,Latent_19
GO_Biological_Process_2023,Negative Regulation Of Transcription By RNA Polymerase I (GO:0016479),1/9,0.0089657734963174,0.0499706315964566,0,0,131.39473684210526,619.439581424405,NOP53,Latent_19
GO_Biological_Process_2023,Negative Regulation Of Lymphocyte Migration (GO:2000402),1/10,0.0099572476243861,0.0499706315964566,0,0,116.78947368421052,538.3357753631753,RIPOR2,Latent_19
GO_Biological_Process_2023,Cellular Response To Interleukin-15 (GO:0071350),1/10,0.0099572476243861,0.0499706315964566,0,0,116.78947368421052,538.3357753631753,JAK1,Latent_19
GO_Biological_Process_2023,Type III Interferon-Mediated Signaling Pathway (GO:0038196),1/10,0.0099572476243861,0.0499706315964566,0,0,116.78947368421052,538.3357753631753,JAK1,Latent_19
GO_Biological_Process_2023,T-helper Cell Lineage Commitment (GO:0002295),1/10,0.0099572476243861,0.0499706315964566,0,0,116.78947368421052,538.3357753631753,JAK1,Latent_19
GO_Biological_Process_2023,Cellular Response To Type III Interferon (GO:0071358),1/10,0.0099572476243861,0.0499706315964566,0,0,116.78947368421052,538.3357753631753,JAK1,Latent_19
GO_Biological_Process_2023,Interleukin-15-Mediated Signaling Pathway (GO:0035723),1/10,0.0099572476243861,0.0499706315964566,0,0,116.78947368421052,538.3357753631753,JAK1,Latent_19
KEGG_2021_Human,rRNA Metabolic Process (GO:0016072),2/91,0.003688337741346,0.0499706315964566,0,0,24.83270911360799,139.12722450187454,RPL11;NOP53,Latent_19
KEGG_2021_Human,ncRNA Processing (GO:0034470),2/100,0.004434499847536,0.0499706315964566,0,0,22.54195011337869,122.13995997533476,RPL11;NOP53,Latent_19
KEGG_2021_Human,rRNA Processing (GO:0006364),2/101,0.0045213816583109,0.0499706315964566,0,0,22.31313131313131,120.46720485255872,RPL11;NOP53,Latent_19
KEGG_2021_Human,Protein Modification Process (GO:0036211),4/711,0.0048702894439726,0.0499706315964566,0,0,6.815063649222065,36.28750092051036,AKT3;TNIK;SSH2;JAK1,Latent_19
KEGG_2021_Human,Regulation Of Establishment Of T Cell Polarity (GO:1903903),1/5,0.0049904406959516,0.0499706315964566,0,0,262.8421052631579,1393.123889480945,RIPOR2,Latent_19
KEGG_2021_Human,Negative Regulation Of Trophoblast Cell Migration (GO:1901164),1/5,0.0049904406959516,0.0499706315964566,0,0,262.8421052631579,1393.123889480945,ARHGDIB,Latent_19
KEGG_2021_Human,Interleukin-4-Mediated Signaling Pathway (GO:0035771),1/5,0.0049904406959516,0.0499706315964566,0,0,262.8421052631579,1393.123889480945,JAK1,Latent_19
KEGG_2021_Human,Regulation Of Neutrophil Extravasation (GO:2000389),1/5,0.0049904406959516,0.0499706315964566,0,0,262.8421052631579,1393.123889480945,RIPOR2,Latent_19
KEGG_2021_Human,Regulation Of Proteasomal Ubiquitin-Dependent Protein Catabolic Process (GO:0032434),2/109,0.005244730259552,0.0499706315964566,0,0,20.63655244029076,108.3528679492363,RPL11;NOP53,Latent_19
KEGG_2021_Human,Cellular Response To Interleukin-9 (GO:0071355),1/6,0.0059856908667451,0.0499706315964566,0,0,210.26315789473685,1076.2074808846232,JAK1,Latent_19
KEGG_2021_Human,Negative Regulation Of Ruffle Assembly (GO:1900028),1/6,0.0059856908667451,0.0499706315964566,0,0,210.26315789473685,1076.2074808846232,EVL,Latent_19
KEGG_2021_Human,Interleukin-9-Mediated Signaling Pathway (GO:0038113),1/6,0.0059856908667451,0.0499706315964566,0,0,210.26315789473685,1076.2074808846232,JAK1,Latent_19
KEGG_2021_Human,Ribonucleoprotein Complex Biogenesis (GO:0022613),2/118,0.0061179373336044,0.0499706315964566,0,0,19.026819923371647,96.97076380041771,RPS4X;RPL11,Latent_19
KEGG_2021_Human,Protein Localization To Nucleus (GO:0034504),2/122,0.0065259614572547,0.0499706315964566,0,0,18.38888888888889,92.53228181387864,RPL11;NOP53,Latent_19
KEGG_2021_Human,Cellular Response To Interleukin-2 (GO:0071352),1/7,0.0069799958941807,0.0499706315964566,0,0,175.21052631578948,869.8689177892479,JAK1,Latent_19
KEGG_2021_Human,T-helper 17 Cell Lineage Commitment (GO:0072540),1/7,0.0069799958941807,0.0499706315964566,0,0,175.21052631578948,869.8689177892479,JAK1,Latent_19
KEGG_2021_Human,Interleukin-2-Mediated Signaling Pathway (GO:0038110),1/7,0.0069799958941807,0.0499706315964566,0,0,175.21052631578948,869.8689177892479,JAK1,Latent_19
KEGG_2021_Human,Fucose Catabolic Process (GO:0019317),1/8,0.0079733565142536,0.0499706315964566,0,0,150.17293233082708,725.5830081396662,FUT8,Latent_19
KEGG_2021_Human,L-fucose Catabolic Process (GO:0042355),1/8,0.0079733565142536,0.0499706315964566,0,0,150.17293233082708,725.5830081396662,FUT8,Latent_19
KEGG_2021_Human,L-fucose Metabolic Process (GO:0042354),1/8,0.0079733565142536,0.0499706315964566,0,0,150.17293233082708,725.5830081396662,FUT8,Latent_19
KEGG_2021_Human,Tyrosine Phosphorylation Of STAT Protein (GO:0007260),1/8,0.0079733565142536,0.0499706315964566,0,0,150.17293233082708,725.5830081396662,JAK1,Latent_19
KEGG_2021_Human,T-helper 17 Cell Differentiation (GO:0072539),1/8,0.0079733565142536,0.0499706315964566,0,0,150.17293233082708,725.5830081396662,JAK1,Latent_19
KEGG_2021_Human,Negative Regulation Of Ubiquitin Protein Ligase Activity (GO:1904667),1/8,0.0079733565142536,0.0499706315964566,0,0,150.17293233082708,725.5830081396662,RPL11,Latent_19
KEGG_2021_Human,Phosphorylation (GO:0016310),3/429,0.0085174414236267,0.0499706315964566,0,0,8.100248550124276,38.60286271385531,AKT3;TNIK;JAK1,Latent_19
KEGG_2021_Human,Positive Regulation Of Myoblast Fusion (GO:1901741),1/9,0.0089657734963174,0.0499706315964566,0,0,131.39473684210526,619.439581424405,RIPOR2,Latent_19
KEGG_2021_Human,Type II Interferon-Mediated Signaling Pathway (GO:0060333),1/9,0.0089657734963174,0.0499706315964566,0,0,131.39473684210526,619.439581424405,JAK1,Latent_19
KEGG_2021_Human,Negative Regulation Of Phosphatidylinositol 3-Kinase Signaling (GO:0014067),1/9,0.0089657734963174,0.0499706315964566,0,0,131.39473684210526,619.439581424405,NOP53,Latent_19
KEGG_2021_Human,Regulation Of Viral-Induced Cytoplasmic Pattern Recognition Receptor Signaling Pathway (GO:0039531),1/9,0.0089657734963174,0.0499706315964566,0,0,131.39473684210526,619.439581424405,NOP53,Latent_19
KEGG_2021_Human,Histone Methylation (GO:0016571),1/9,0.0089657734963174,0.0499706315964566,0,0,131.39473684210526,619.439581424405,SMYD3,Latent_19
KEGG_2021_Human,Negative Regulation Of Transcription By RNA Polymerase I (GO:0016479),1/9,0.0089657734963174,0.0499706315964566,0,0,131.39473684210526,619.439581424405,NOP53,Latent_19
KEGG_2021_Human,Negative Regulation Of Lymphocyte Migration (GO:2000402),1/10,0.0099572476243861,0.0499706315964566,0,0,116.78947368421052,538.3357753631753,RIPOR2,Latent_19
KEGG_2021_Human,Cellular Response To Interleukin-15 (GO:0071350),1/10,0.0099572476243861,0.0499706315964566,0,0,116.78947368421052,538.3357753631753,JAK1,Latent_19
KEGG_2021_Human,Type III Interferon-Mediated Signaling Pathway (GO:0038196),1/10,0.0099572476243861,0.0499706315964566,0,0,116.78947368421052,538.3357753631753,JAK1,Latent_19
KEGG_2021_Human,T-helper Cell Lineage Commitment (GO:0002295),1/10,0.0099572476243861,0.0499706315964566,0,0,116.78947368421052,538.3357753631753,JAK1,Latent_19
KEGG_2021_Human,Cellular Response To Type III Interferon (GO:0071358),1/10,0.0099572476243861,0.0499706315964566,0,0,116.78947368421052,538.3357753631753,JAK1,Latent_19
KEGG_2021_Human,Interleukin-15-Mediated Signaling Pathway (GO:0035723),1/10,0.0099572476243861,0.0499706315964566,0,0,116.78947368421052,538.3357753631753,JAK1,Latent_19
GO_Biological_Process_2023,Hydrogen Peroxide Catabolic Process (GO:0042744),4/20,3.485623108253881e-09,5.123865969133206e-07,0,0,311.9375,6074.863967903783,HBM;HBB;HBA1;HBD,Latent_2
KEGG_2021_Human,Hydrogen Peroxide Catabolic Process (GO:0042744),4/20,3.485623108253881e-09,5.123865969133206e-07,0,0,311.9375,6074.863967903783,HBM;HBB;HBA1;HBD,Latent_2
GO_Biological_Process_2023,Oxygen Transport (GO:0015671),3/10,1.0214563877989312e-07,6.877707604081248e-06,0,0,503.52100840336135,8105.110306630441,HBB;HBA1;HBD,Latent_2
GO_Biological_Process_2023,Carbon Dioxide Transport (GO:0015670),3/11,1.403613796751275e-07,6.877707604081248e-06,0,0,440.55882352941177,6951.597702835551,HBB;HBA1;HBD,Latent_2
KEGG_2021_Human,Oxygen Transport (GO:0015671),3/10,1.0214563877989312e-07,6.877707604081248e-06,0,0,503.52100840336135,8105.110306630441,HBB;HBA1;HBD,Latent_2
KEGG_2021_Human,Carbon Dioxide Transport (GO:0015670),3/11,1.403613796751275e-07,6.877707604081248e-06,0,0,440.55882352941177,6951.597702835551,HBB;HBA1;HBD,Latent_2
GO_Biological_Process_2023,Gas Transport (GO:0015669),3/15,3.860766238294748e-07,1.41883159257332e-05,0,0,293.6470588235294,4336.353650553984,HBB;HBA1;HBD,Latent_2
KEGG_2021_Human,Gas Transport (GO:0015669),3/15,3.860766238294748e-07,1.41883159257332e-05,0,0,293.6470588235294,4336.353650553984,HBB;HBA1;HBD,Latent_2
GO_Biological_Process_2023,One-Carbon Compound Transport (GO:0019755),3/35,5.48336156497629e-06,0.00016121083001030293,0,0,110.00735294117646,1332.6062162903231,HBB;HBD;HBA1,Latent_2
KEGG_2021_Human,One-Carbon Compound Transport (GO:0019755),3/35,5.48336156497629e-06,0.00016121083001030293,0,0,110.00735294117646,1332.6062162903231,HBB;HBD;HBA1,Latent_2
GO_Biological_Process_2023,Positive Regulation Of Cell Death (GO:0010942),3/50,1.626462332560456e-05,0.00039848327147731175,0,0,74.84230287859825,825.2500115945311,HBB;HBD;HBA1,Latent_2
KEGG_2021_Human,Positive Regulation Of Cell Death (GO:0010942),3/50,1.626462332560456e-05,0.00039848327147731175,0,0,74.84230287859825,825.2500115945311,HBB;HBD;HBA1,Latent_2
GO_Biological_Process_2023,Regulation Of Cell Death (GO:0010941),3/59,2.6822618659232392e-05,0.0005632749918438802,0,0,62.785714285714285,660.8990697100259,HBB;HBD;HBA1,Latent_2
KEGG_2021_Human,Regulation Of Cell Death (GO:0010941),3/59,2.6822618659232392e-05,0.0005632749918438802,0,0,62.785714285714285,660.8990697100259,HBB;HBD;HBA1,Latent_2
GO_Biological_Process_2023,Response To Hydrogen Peroxide (GO:0042542),2/46,0.0009576675617417908,0.0163273168692436,0,0,50.343434343434346,349.9377081556704,HBB;HBA1,Latent_2
GO_Biological_Process_2023,Regulation Of Interleukin-2 Production (GO:0032663),2/47,0.0009996316450557327,0.0163273168692436,0,0,49.22222222222222,340.0331999878986,IRF4;HDAC9,Latent_2
KEGG_2021_Human,Response To Hydrogen Peroxide (GO:0042542),2/46,0.0009576675617417908,0.0163273168692436,0,0,50.343434343434346,349.9377081556704,HBB;HBA1,Latent_2
KEGG_2021_Human,Regulation Of Interleukin-2 Production (GO:0032663),2/47,0.0009996316450557327,0.0163273168692436,0,0,49.22222222222222,340.0331999878986,IRF4;HDAC9,Latent_2
GO_Biological_Process_2023,Response To Reactive Oxygen Species (GO:0000302),2/66,0.001961104016553,0.0288282290433297,0,0,34.576388888888886,215.55777257871145,HBB;HBA1,Latent_2
KEGG_2021_Human,Response To Reactive Oxygen Species (GO:0000302),2/66,0.001961104016553,0.0288282290433297,0,0,34.576388888888886,215.55777257871145,HBB;HBA1,Latent_2
GO_Biological_Process_2023,Erythrocyte Development (GO:0048821),2/11,5.196871583395421e-05,0.0062816367295761,0,0,246.55555555555557,2432.238167772633,ALAS2;SH2B3,Latent_21
GO_Biological_Process_2023,Regulation Of GTPase Activity (GO:0043087),4/214,5.397673271175955e-05,0.0062816367295761,0,0,23.535714285714285,231.284463546243,WNK1;RGS1;ARHGAP15;PLXNA4,Latent_21
GO_Biological_Process_2023,Response To Chemokine (GO:1990868),2/13,7.361293042472065e-05,0.0062816367295761,0,0,201.7070707070707,1919.5836350009777,WNK1;SH2B3,Latent_21
KEGG_2021_Human,Erythrocyte Development (GO:0048821),2/11,5.196871583395421e-05,0.0062816367295761,0,0,246.55555555555557,2432.238167772633,ALAS2;SH2B3,Latent_21
KEGG_2021_Human,Regulation Of GTPase Activity (GO:0043087),4/214,5.397673271175955e-05,0.0062816367295761,0,0,23.535714285714285,231.284463546243,WNK1;RGS1;ARHGAP15;PLXNA4,Latent_21
KEGG_2021_Human,Response To Chemokine (GO:1990868),2/13,7.361293042472065e-05,0.0062816367295761,0,0,201.7070707070707,1919.5836350009777,WNK1;SH2B3,Latent_21
GO_Biological_Process_2023,Monoatomic Ion Transport (GO:0006811),3/107,0.00015883263691889363,0.0101652887628091,0,0,33.7262443438914,295.0257020076404,WNK1;SLC4A1;SLC12A6,Latent_21
KEGG_2021_Human,Monoatomic Ion Transport (GO:0006811),3/107,0.00015883263691889363,0.0101652887628091,0,0,33.7262443438914,295.0257020076404,WNK1;SLC4A1;SLC12A6,Latent_21
GO_Biological_Process_2023,Myeloid Cell Development (GO:0061515),2/27,0.0003284920428102522,0.0168187925918849,0,0,88.68888888888888,711.3733953565135,ALAS2;SH2B3,Latent_21
KEGG_2021_Human,Myeloid Cell Development (GO:0061515),2/27,0.0003284920428102522,0.0168187925918849,0,0,88.68888888888888,711.3733953565135,ALAS2;SH2B3,Latent_21
GO_Biological_Process_2023,Chloride Transmembrane Transport (GO:1902476),2/48,0.0010424693212675,0.0335121342250215,0,0,48.14975845410628,330.6040915341501,SLC4A1;SLC12A6,Latent_21
GO_Biological_Process_2023,Erythrocyte Differentiation (GO:0030218),2/49,0.0010861789782258,0.0335121342250215,0,0,47.12293144208038,321.61821357029646,ALAS2;SH2B3,Latent_21
GO_Biological_Process_2023,Intracellular Iron Ion Homeostasis (GO:0006879),2/50,0.0011307590059983,0.0335121342250215,0,0,46.138888888888886,313.0461870363529,ALAS2;TFRC,Latent_21
GO_Biological_Process_2023,Monoatomic Anion Transmembrane Transport (GO:0098656),2/54,0.0013177506939226,0.0335121342250215,0,0,42.58119658119658,282.3912150075315,SLC4A1;SLC12A6,Latent_21
GO_Biological_Process_2023,Chemokine-Mediated Signaling Pathway (GO:0070098),2/57,0.0014670547641947,0.0335121342250215,0,0,40.25252525252525,262.627538609776,WNK1;SH2B3,Latent_21
GO_Biological_Process_2023,Muscle Organ Development (GO:0007517),2/58,0.0015185400416673,0.0335121342250215,0,0,39.53174603174603,256.5612651652447,UTRN;SOX6,Latent_21
GO_Biological_Process_2023,Cellular Response To Chemokine (GO:1990869),2/59,0.0015708812917978,0.0335121342250215,0,0,38.83625730994152,250.73147869740143,WNK1;SH2B3,Latent_21
KEGG_2021_Human,Chloride Transmembrane Transport (GO:1902476),2/48,0.0010424693212675,0.0335121342250215,0,0,48.14975845410628,330.6040915341501,SLC4A1;SLC12A6,Latent_21
KEGG_2021_Human,Erythrocyte Differentiation (GO:0030218),2/49,0.0010861789782258,0.0335121342250215,0,0,47.12293144208038,321.61821357029646,ALAS2;SH2B3,Latent_21
KEGG_2021_Human,Intracellular Iron Ion Homeostasis (GO:0006879),2/50,0.0011307590059983,0.0335121342250215,0,0,46.138888888888886,313.0461870363529,ALAS2;TFRC,Latent_21
KEGG_2021_Human,Monoatomic Anion Transmembrane Transport (GO:0098656),2/54,0.0013177506939226,0.0335121342250215,0,0,42.58119658119658,282.3912150075315,SLC4A1;SLC12A6,Latent_21
KEGG_2021_Human,Chemokine-Mediated Signaling Pathway (GO:0070098),2/57,0.0014670547641947,0.0335121342250215,0,0,40.25252525252525,262.627538609776,WNK1;SH2B3,Latent_21
KEGG_2021_Human,Muscle Organ Development (GO:0007517),2/58,0.0015185400416673,0.0335121342250215,0,0,39.53174603174603,256.5612651652447,UTRN;SOX6,Latent_21
KEGG_2021_Human,Cellular Response To Chemokine (GO:1990869),2/59,0.0015708812917978,0.0335121342250215,0,0,38.83625730994152,250.73147869740143,WNK1;SH2B3,Latent_21
GO_Biological_Process_2023,Inorganic Anion Transmembrane Transport (GO:0098661),2/63,0.001788774259171,0.0352250931036759,0,0,36.28233151183971,229.5301805177287,SLC4A1;SLC12A6,Latent_21
KEGG_2021_Human,Inorganic Anion Transmembrane Transport (GO:0098661),2/63,0.001788774259171,0.0352250931036759,0,0,36.28233151183971,229.5301805177287,SLC4A1;SLC12A6,Latent_21
GO_Biological_Process_2023,Regulation Of Hydrolase Activity (GO:0051336),2/71,0.002265165629135,0.0414201715041842,0,0,32.06280193236715,195.2659072256636,ARHGAP15;PLXNA4,Latent_21
KEGG_2021_Human,Regulation Of Hydrolase Activity (GO:0051336),2/71,0.002265165629135,0.0414201715041842,0,0,32.06280193236715,195.2659072256636,ARHGAP15;PLXNA4,Latent_21
GO_Biological_Process_2023,Monoatomic Cation Homeostasis (GO:0055080),2/77,0.0026575929845639,0.0425214877530229,0,0,29.488888888888887,174.87897393163863,WNK1;SLC12A6,Latent_21
GO_Biological_Process_2023,Chloride Transport (GO:0006821),2/77,0.0026575929845639,0.0425214877530229,0,0,29.488888888888887,174.87897393163863,SLC4A1;SLC12A6,Latent_21
KEGG_2021_Human,Monoatomic Cation Homeostasis (GO:0055080),2/77,0.0026575929845639,0.0425214877530229,0,0,29.488888888888887,174.87897393163863,WNK1;SLC12A6,Latent_21
KEGG_2021_Human,Chloride Transport (GO:0006821),2/77,0.0026575929845639,0.0425214877530229,0,0,29.488888888888887,174.87897393163863,SLC4A1;SLC12A6,Latent_21
GO_Biological_Process_2023,Hydrogen Peroxide Catabolic Process (GO:0042744),2/20,0.00017856345892201654,0.0389268340449996,0,0,123.22222222222224,1063.4775841223657,PRDX2;HBD,Latent_23
KEGG_2021_Human,Hydrogen Peroxide Catabolic Process (GO:0042744),2/20,0.00017856345892201654,0.0389268340449996,0,0,123.22222222222224,1063.4775841223657,PRDX2;HBD,Latent_23
GO_Biological_Process_2023,Gene Expression (GO:0010467),4/296,0.0001889049524006116,0.0382648361632451,0,0,16.856164383561644,144.52924671763458,EEF1A1;RPL5;ATXN1;RPS2,Latent_24
GO_Biological_Process_2023,Modulation By Host Of Viral Genome Replication (GO:0044827),2/21,0.000197241423521882,0.0382648361632451,0,0,116.7309941520468,995.841692324286,PRKN;EEF1A1,Latent_24
KEGG_2021_Human,Gene Expression (GO:0010467),4/296,0.0001889049524006116,0.0382648361632451,0,0,16.856164383561644,144.52924671763458,EEF1A1;RPL5;ATXN1;RPS2,Latent_24
KEGG_2021_Human,Modulation By Host Of Viral Genome Replication (GO:0044827),2/21,0.000197241423521882,0.0382648361632451,0,0,116.7309941520468,995.841692324286,PRKN;EEF1A1,Latent_24
GO_Biological_Process_2023,Positive Regulation Of Granulocyte Differentiation (GO:0030854),2/5,9.482777500558208e-06,0.0027310399201607,0,0,739.8888888888889,8557.579526684436,LEF1;RUNX1,Latent_27
KEGG_2021_Human,Positive Regulation Of Granulocyte Differentiation (GO:0030854),2/5,9.482777500558208e-06,0.0027310399201607,0,0,739.8888888888889,8557.579526684436,LEF1;RUNX1,Latent_27
GO_Biological_Process_2023,Regulation Of Granulocyte Differentiation (GO:0030852),2/9,3.405659800132413e-05,0.0034639106398521,0,0,317.031746031746,3261.459893047559,LEF1;RUNX1,Latent_27
GO_Biological_Process_2023,Regulation Of Cell Differentiation (GO:0045595),4/193,3.6082402498459696e-05,0.0034639106398521,0,0,26.178571428571427,267.7990702843502,CDK6;LEF1;ARID1B;RUNX1,Latent_27
KEGG_2021_Human,Regulation Of Granulocyte Differentiation (GO:0030852),2/9,3.405659800132413e-05,0.0034639106398521,0,0,317.031746031746,3261.459893047559,LEF1;RUNX1,Latent_27
KEGG_2021_Human,Regulation Of Cell Differentiation (GO:0045595),4/193,3.6082402498459696e-05,0.0034639106398521,0,0,26.178571428571427,267.7990702843502,CDK6;LEF1;ARID1B;RUNX1,Latent_27
GO_Biological_Process_2023,Positive Regulation Of Nucleic Acid-Templated Transcription (GO:1903508),5/557,0.0001803119561857302,0.0129824608453725,0,0,11.731884057971014,101.13848556362616,CAMK4;LEF1;RFX3;ARID1B;RUNX1,Latent_27
KEGG_2021_Human,Positive Regulation Of Nucleic Acid-Templated Transcription (GO:1903508),5/557,0.0001803119561857302,0.0129824608453725,0,0,11.731884057971014,101.13848556362616,CAMK4;LEF1;RFX3;ARID1B;RUNX1,Latent_27
GO_Biological_Process_2023,Positive Regulation Of Myeloid Leukocyte Differentiation (GO:0002763),2/40,0.0007243190568082219,0.0411277019680072,0,0,58.30994152046784,421.5971209696659,LEF1;RUNX1,Latent_27
GO_Biological_Process_2023,Negative Regulation Of Nucleic Acid-Templated Transcription (GO:1903507),4/456,0.000966777494729912,0.0411277019680072,0,0,10.800884955752212,74.97479858278523,ZEB1;LEF1;SCMH1;RFX3,Latent_27
GO_Biological_Process_2023,Regulation Of T Cell Differentiation (GO:0045580),2/47,0.0009996316450557327,0.0411277019680072,0,0,49.22222222222222,340.0331999878986,CAMK4;ARID1B,Latent_27
KEGG_2021_Human,Positive Regulation Of Myeloid Leukocyte Differentiation (GO:0002763),2/40,0.0007243190568082219,0.0411277019680072,0,0,58.30994152046784,421.5971209696659,LEF1;RUNX1,Latent_27
KEGG_2021_Human,Negative Regulation Of Nucleic Acid-Templated Transcription (GO:1903507),4/456,0.000966777494729912,0.0411277019680072,0,0,10.800884955752212,74.97479858278523,ZEB1;LEF1;SCMH1;RFX3,Latent_27
KEGG_2021_Human,Regulation Of T Cell Differentiation (GO:0045580),2/47,0.0009996316450557327,0.0411277019680072,0,0,49.22222222222222,340.0331999878986,CAMK4;ARID1B,Latent_27
GO_Biological_Process_2023,Cellular Response To Epinephrine Stimulus (GO:0071872),2/7,1.989010047124072e-05,0.0022575264034858,0,0,443.8888888888889,4805.225245888672,KCNQ1;PDE4B,Latent_28
GO_Biological_Process_2023,Response To Epinephrine (GO:0071871),2/7,1.989010047124072e-05,0.0022575264034858,0,0,443.8888888888889,4805.225245888672,KCNQ1;PDE4B,Latent_28
KEGG_2021_Human,Cellular Response To Epinephrine Stimulus (GO:0071872),2/7,1.989010047124072e-05,0.0022575264034858,0,0,443.8888888888889,4805.225245888672,KCNQ1;PDE4B,Latent_28
KEGG_2021_Human,Response To Epinephrine (GO:0071871),2/7,1.989010047124072e-05,0.0022575264034858,0,0,443.8888888888889,4805.225245888672,KCNQ1;PDE4B,Latent_28
GO_Biological_Process_2023,Cellular Response To Catecholamine Stimulus (GO:0071870),2/19,0.0001608034054265043,0.0121674576772721,0,0,130.47712418300654,1139.760479290825,KCNQ1;PDE4B,Latent_28
KEGG_2021_Human,Cellular Response To Catecholamine Stimulus (GO:0071870),2/19,0.0001608034054265043,0.0121674576772721,0,0,130.47712418300654,1139.760479290825,KCNQ1;PDE4B,Latent_28
GO_Biological_Process_2023,Cellular Response To Xenobiotic Stimulus (GO:0071466),2/26,0.00030434158117427734,0.0172713847316402,0,0,92.38888888888889,748.1060808668657,KCNQ1;PDE4B,Latent_28
KEGG_2021_Human,Cellular Response To Xenobiotic Stimulus (GO:0071466),2/26,0.00030434158117427734,0.0172713847316402,0,0,92.38888888888889,748.1060808668657,KCNQ1;PDE4B,Latent_28
GO_Biological_Process_2023,Regulation Of Cardiac Muscle Contraction (GO:0055117),2/35,0.0005541829397838258,0.0251599054661856,0,0,67.16161616161617,503.57885305588366,KCNQ1;PDE4B,Latent_28
KEGG_2021_Human,Regulation Of Cardiac Muscle Contraction (GO:0055117),2/35,0.0005541829397838258,0.0251599054661856,0,0,67.16161616161617,503.57885305588366,KCNQ1;PDE4B,Latent_28
GO_Biological_Process_2023,Regulation Of Stress-Activated MAPK Cascade (GO:0032872),2/51,0.0011762077962531,0.0444998616249111,0,0,45.19501133786848,304.8611297728522,MDFIC;IGF1R,Latent_28
KEGG_2021_Human,Regulation Of Stress-Activated MAPK Cascade (GO:0032872),2/51,0.0011762077962531,0.0444998616249111,0,0,45.19501133786848,304.8611297728522,MDFIC;IGF1R,Latent_28
GO_Biological_Process_2023,B Cell Activation (GO:0042113),3/92,0.00010145759537430764,0.0145084361385259,0,0,39.44018506278916,362.68679987613535,BANK1;PAX5;MS4A1,Latent_29
KEGG_2021_Human,B Cell Activation (GO:0042113),3/92,0.00010145759537430764,0.0145084361385259,0,0,39.44018506278916,362.68679987613535,BANK1;PAX5;MS4A1,Latent_29
GO_Biological_Process_2023,Regulation Of Mammary Gland Epithelial Cell Proliferation (GO:0033599),2/7,1.989010047124072e-05,0.0071803262701178,0,0,443.8888888888889,4805.225245888672,RREB1;RTN4,Latent_3
KEGG_2021_Human,Regulation Of Mammary Gland Epithelial Cell Proliferation (GO:0033599),2/7,1.989010047124072e-05,0.0071803262701178,0,0,443.8888888888889,4805.225245888672,RREB1;RTN4,Latent_3
GO_Biological_Process_2023,Positive Regulation Of Brown Fat Cell Differentiation (GO:0090336),2/13,7.361293042472065e-05,0.0115559454706709,0,0,201.7070707070707,1919.5836350009777,HNRNPU;RREB1,Latent_3
GO_Biological_Process_2023,Positive Regulation Of Epithelial Cell Migration (GO:0010634),3/95,0.00011161353083343152,0.0115559454706709,0,0,38.148337595907925,347.16773589590264,ANGPT1;RREB1;RTN4,Latent_3
GO_Biological_Process_2023,Regulation Of Brown Fat Cell Differentiation (GO:0090335),2/17,0.0001280437171265482,0.0115559454706709,0,0,147.88888888888889,1325.548639908665,HNRNPU;RREB1,Latent_3
KEGG_2021_Human,Positive Regulation Of Brown Fat Cell Differentiation (GO:0090336),2/13,7.361293042472065e-05,0.0115559454706709,0,0,201.7070707070707,1919.5836350009777,HNRNPU;RREB1,Latent_3
KEGG_2021_Human,Positive Regulation Of Epithelial Cell Migration (GO:0010634),3/95,0.00011161353083343152,0.0115559454706709,0,0,38.148337595907925,347.16773589590264,ANGPT1;RREB1;RTN4,Latent_3
KEGG_2021_Human,Regulation Of Brown Fat Cell Differentiation (GO:0090335),2/17,0.0001280437171265482,0.0115559454706709,0,0,147.88888888888889,1325.548639908665,HNRNPU;RREB1,Latent_3
GO_Biological_Process_2023,Positive Regulation Of ERBB Signaling Pathway (GO:1901186),2/24,0.00025876610708752327,0.0186829129317191,0,0,100.7979797979798,832.5495793111635,RBPJ;RTN4,Latent_3
KEGG_2021_Human,Positive Regulation Of ERBB Signaling Pathway (GO:1901186),2/24,0.00025876610708752327,0.0186829129317191,0,0,100.7979797979798,832.5495793111635,RBPJ;RTN4,Latent_3
KEGG_2021_Human,B Cell Activation (GO:0042113),3/92,0.00010145759537430764,0.0322635153290298,0,0,39.44018506278916,362.68679987613535,MEF2C;BANK1;HDAC9,Latent_30
GO_Biological_Process_2023,B Cell Activation (GO:0042113),3/92,0.00010145759537430764,0.0322635153290298,0,0,39.44018506278916,362.68679987613535,MEF2C;BANK1;HDAC9,Latent_30
KEGG_2021_Human,Post-Translational Protein Modification (GO:0043687),3/48,1.4370999329191404e-05,0.0051975302026189,0,0,78.17647058823529,871.6909684720048,PRKCA;JAK2;PARP8,Latent_31
KEGG_2021_Human,B Cell Homeostasis (GO:0001782),2/9,3.405659800132413e-05,0.0051975302026189,0,0,317.031746031746,3261.459893047559,DOCK10;TNFAIP3,Latent_31
KEGG_2021_Human,Response To Molecule Of Bacterial Origin (GO:0002237),3/69,4.295479506296637e-05,0.0051975302026189,0,0,53.24598930481283,535.4077120365109,SLC11A1;TNFAIP3;JAK2,Latent_31
GO_Biological_Process_2023,Post-Translational Protein Modification (GO:0043687),3/48,1.4370999329191404e-05,0.0051975302026189,0,0,78.17647058823529,871.6909684720048,PRKCA;JAK2;PARP8,Latent_31
GO_Biological_Process_2023,B Cell Homeostasis (GO:0001782),2/9,3.405659800132413e-05,0.0051975302026189,0,0,317.031746031746,3261.459893047559,DOCK10;TNFAIP3,Latent_31
GO_Biological_Process_2023,Response To Molecule Of Bacterial Origin (GO:0002237),3/69,4.295479506296637e-05,0.0051975302026189,0,0,53.24598930481283,535.4077120365109,SLC11A1;TNFAIP3;JAK2,Latent_31
KEGG_2021_Human,Positive Regulation Of Adaptive Immune Response Based On Somatic Recombination Of Immune Receptors Built From Immunoglobulin Superfamily Domains (GO:0002824),2/14,8.583035665856277e-05,0.0077466448861561,0,0,184.88888888888889,1731.1401456194585,SLC11A1;JAK2,Latent_31
KEGG_2021_Human,Positive Regulation Of Signal Transduction (GO:0009967),4/266,0.00012530714424629908,0.0077466448861561,0,0,18.814885496183205,169.04690474737615,TNFAIP3;PRKCA;IL7R;JAK2,Latent_31
KEGG_2021_Human,Regulation Of Receptor Signaling Pathway Via STAT (GO:1904892),2/17,0.0001280437171265482,0.0077466448861561,0,0,147.88888888888889,1325.548639908665,IL7R;JAK2,Latent_31
GO_Biological_Process_2023,Positive Regulation Of Adaptive Immune Response Based On Somatic Recombination Of Immune Receptors Built From Immunoglobulin Superfamily Domains (GO:0002824),2/14,8.583035665856277e-05,0.0077466448861561,0,0,184.88888888888889,1731.1401456194585,SLC11A1;JAK2,Latent_31
GO_Biological_Process_2023,Positive Regulation Of Signal Transduction (GO:0009967),4/266,0.00012530714424629908,0.0077466448861561,0,0,18.814885496183205,169.04690474737615,TNFAIP3;PRKCA;IL7R;JAK2,Latent_31
GO_Biological_Process_2023,Regulation Of Receptor Signaling Pathway Via STAT (GO:1904892),2/17,0.0001280437171265482,0.0077466448861561,0,0,147.88888888888889,1325.548639908665,IL7R;JAK2,Latent_31
KEGG_2021_Human,Response To Cytokine (GO:0034097),3/125,0.0002513709619528748,0.0127548693876812,0,0,28.72420443587271,238.08288863096325,SLC11A1;PRKCA;JAK2,Latent_31
KEGG_2021_Human,Regulation Of Platelet Aggregation (GO:0090330),2/25,0.0002810990498662536,0.0127548693876812,0,0,96.41062801932368,788.3307567801231,PRKCA;JAK2,Latent_31
GO_Biological_Process_2023,Response To Cytokine (GO:0034097),3/125,0.0002513709619528748,0.0127548693876812,0,0,28.72420443587271,238.08288863096325,SLC11A1;PRKCA;JAK2,Latent_31
GO_Biological_Process_2023,Regulation Of Platelet Aggregation (GO:0090330),2/25,0.0002810990498662536,0.0127548693876812,0,0,96.41062801932368,788.3307567801231,PRKCA;JAK2,Latent_31
KEGG_2021_Human,Regulation Of Bone Resorption (GO:0045124),2/28,0.0003535487787187227,0.0128338206674896,0,0,85.27350427350427,677.710245242856,TNFAIP3;PRKCA,Latent_31
KEGG_2021_Human,Regulation Of Platelet Activation (GO:0010543),2/28,0.0003535487787187227,0.0128338206674896,0,0,85.27350427350427,677.710245242856,PRKCA;JAK2,Latent_31
GO_Biological_Process_2023,Regulation Of Bone Resorption (GO:0045124),2/28,0.0003535487787187227,0.0128338206674896,0,0,85.27350427350427,677.710245242856,TNFAIP3;PRKCA,Latent_31
GO_Biological_Process_2023,Regulation Of Platelet Activation (GO:0010543),2/28,0.0003535487787187227,0.0128338206674896,0,0,85.27350427350427,677.710245242856,PRKCA;JAK2,Latent_31
KEGG_2021_Human,Response To Lipopolysaccharide (GO:0032496),3/159,0.0005088865864018103,0.0160645528258054,0,0,22.42533936651584,170.057748221093,SLC11A1;TNFAIP3;JAK2,Latent_31
KEGG_2021_Human,Macrophage Activation (GO:0042116),2/35,0.0005541829397838258,0.0160645528258054,0,0,67.16161616161617,503.57885305588366,SLC11A1;JAK2,Latent_31
KEGG_2021_Human,Positive Regulation Of Receptor Signaling Pathway Via JAK-STAT (GO:0046427),2/37,0.0006195695304718364,0.0160645528258054,0,0,63.31746031746032,467.69351055771176,IL7R;JAK2,Latent_31
KEGG_2021_Human,Positive Regulation Of Receptor Signaling Pathway Via STAT (GO:1904894),2/37,0.0006195695304718364,0.0160645528258054,0,0,63.31746031746032,467.69351055771176,IL7R;JAK2,Latent_31
GO_Biological_Process_2023,Response To Lipopolysaccharide (GO:0032496),3/159,0.0005088865864018103,0.0160645528258054,0,0,22.42533936651584,170.057748221093,SLC11A1;TNFAIP3;JAK2,Latent_31
GO_Biological_Process_2023,Macrophage Activation (GO:0042116),2/35,0.0005541829397838258,0.0160645528258054,0,0,67.16161616161617,503.57885305588366,SLC11A1;JAK2,Latent_31
GO_Biological_Process_2023,Positive Regulation Of Receptor Signaling Pathway Via JAK-STAT (GO:0046427),2/37,0.0006195695304718364,0.0160645528258054,0,0,63.31746031746032,467.69351055771176,IL7R;JAK2,Latent_31
GO_Biological_Process_2023,Positive Regulation Of Receptor Signaling Pathway Via STAT (GO:1904894),2/37,0.0006195695304718364,0.0160645528258054,0,0,63.31746031746032,467.69351055771176,IL7R;JAK2,Latent_31
KEGG_2021_Human,Regulation Of Receptor Signaling Pathway Via JAK-STAT (GO:0046425),2/53,0.0012697052431465,0.0307268668841461,0,0,43.41830065359477,289.55536610866125,IL7R;JAK2,Latent_31
GO_Biological_Process_2023,Regulation Of Receptor Signaling Pathway Via JAK-STAT (GO:0046425),2/53,0.0012697052431465,0.0307268668841461,0,0,43.41830065359477,289.55536610866125,IL7R;JAK2,Latent_31
KEGG_2021_Human,Positive Regulation Of Type II Interferon Production (GO:0032729),2/58,0.0015185400416673,0.0344518771953285,0,0,39.53174603174603,256.5612651652447,SLC11A1;JAK2,Latent_31
GO_Biological_Process_2023,Positive Regulation Of Type II Interferon Production (GO:0032729),2/58,0.0015185400416673,0.0344518771953285,0,0,39.53174603174603,256.5612651652447,SLC11A1;JAK2,Latent_31
KEGG_2021_Human,Positive Regulation Of Cell-Substrate Adhesion (GO:0010811),2/71,0.002265165629135,0.0452238814792821,0,0,32.06280193236715,195.2659072256636,DOCK5;JAK2,Latent_31
KEGG_2021_Human,Regulation Of mRNA Stability (GO:0043488),2/74,0.0024576407666974,0.0452238814792821,0,0,30.72222222222222,184.5961136225927,SLC11A1;PRKCA,Latent_31
KEGG_2021_Human,Activation Of Protein Kinase Activity (GO:0032147),2/81,0.0029357544153754,0.0452238814792821,0,0,27.9901547116737,163.2047370793244,SLC11A1;JAK2,Latent_31
KEGG_2021_Human,Regulation Of Interleukin-1 Beta Production (GO:0032651),2/84,0.0031529901666195,0.0452238814792821,0,0,26.962059620596207,155.2853944898215,TNFAIP3;JAK2,Latent_31
KEGG_2021_Human,Regulation Of Type II Interferon Production (GO:0032649),2/87,0.0033775636848334,0.0452238814792821,0,0,26.00653594771242,147.99280991824526,SLC11A1;JAK2,Latent_31
KEGG_2021_Human,Positive Regulation Of Cell Adhesion (GO:0045785),2/88,0.0034540449719347,0.0452238814792821,0,0,25.702842377260986,145.6890896619056,PRKCA;JAK2,Latent_31
KEGG_2021_Human,Positive Regulation Of Cellular Component Biogenesis (GO:0044089),2/93,0.0038485584136363,0.0452238814792821,0,0,24.284493284493283,135.02315810678772,PRKCA;MTSS1,Latent_31
KEGG_2021_Human,Positive Regulation Of Epithelial Cell Migration (GO:0010634),2/95,0.0040119852700405,0.0452238814792821,0,0,23.759856630824373,131.11803417110073,DOCK5;PRKCA,Latent_31
KEGG_2021_Human,Regulation Of Growth Hormone Receptor Signaling Pathway (GO:0060398),1/5,0.0049904406959516,0.0452238814792821,0,0,262.8421052631579,1393.123889480945,JAK2,Latent_31
KEGG_2021_Human,Positive Regulation Of NK T Cell Proliferation (GO:0051142),1/5,0.0049904406959516,0.0452238814792821,0,0,262.8421052631579,1393.123889480945,JAK2,Latent_31
KEGG_2021_Human,Positive Regulation Of Antigen Processing And Presentation (GO:0002579),1/5,0.0049904406959516,0.0452238814792821,0,0,262.8421052631579,1393.123889480945,SLC11A1,Latent_31
KEGG_2021_Human,Negative Regulation Of Toll-Like Receptor 2 Signaling Pathway (GO:0034136),1/5,0.0049904406959516,0.0452238814792821,0,0,262.8421052631579,1393.123889480945,TNFAIP3,Latent_31
KEGG_2021_Human,Interleukin-5-Mediated Signaling Pathway (GO:0038043),1/5,0.0049904406959516,0.0452238814792821,0,0,262.8421052631579,1393.123889480945,JAK2,Latent_31
KEGG_2021_Human,Nephron Tubule Development (GO:0072080),1/5,0.0049904406959516,0.0452238814792821,0,0,262.8421052631579,1393.123889480945,MTSS1,Latent_31
KEGG_2021_Human,Positive Regulation Of Dendritic Cell Antigen Processing And Presentation (GO:0002606),1/5,0.0049904406959516,0.0452238814792821,0,0,262.8421052631579,1393.123889480945,SLC11A1,Latent_31
KEGG_2021_Human,"Nucleotide-Binding Domain, Leucine Rich Repeat Containing Receptor Signaling Pathway (GO:0035872)",1/5,0.0049904406959516,0.0452238814792821,0,0,262.8421052631579,1393.123889480945,TNFAIP3,Latent_31
KEGG_2021_Human,Response To Lipid (GO:0033993),2/110,0.00533866315253,0.0452238814792821,0,0,20.444444444444443,106.98128006787496,SLC11A1;JAK2,Latent_31
KEGG_2021_Human,Epithelial Cell Differentiation Involved In Kidney Development (GO:0035850),1/6,0.0059856908667451,0.0452238814792821,0,0,210.26315789473685,1076.2074808846232,MTSS1,Latent_31
KEGG_2021_Human,Marginal Zone B Cell Differentiation (GO:0002315),1/6,0.0059856908667451,0.0452238814792821,0,0,210.26315789473685,1076.2074808846232,DOCK10,Latent_31
KEGG_2021_Human,Positive Regulation Of Lipopolysaccharide-Mediated Signaling Pathway (GO:0031666),1/6,0.0059856908667451,0.0452238814792821,0,0,210.26315789473685,1076.2074808846232,PRKCA,Latent_31
KEGG_2021_Human,Regulation Of Glial Cell Apoptotic Process (GO:0034350),1/6,0.0059856908667451,0.0452238814792821,0,0,210.26315789473685,1076.2074808846232,PRKCA,Latent_31
KEGG_2021_Human,Mitotic Nuclear Membrane Disassembly (GO:0007077),1/6,0.0059856908667451,0.0452238814792821,0,0,210.26315789473685,1076.2074808846232,PRKCA,Latent_31
KEGG_2021_Human,Adherens Junction Maintenance (GO:0034334),1/6,0.0059856908667451,0.0452238814792821,0,0,210.26315789473685,1076.2074808846232,MTSS1,Latent_31
KEGG_2021_Human,Regulation Of NK T Cell Proliferation (GO:0051140),1/6,0.0059856908667451,0.0452238814792821,0,0,210.26315789473685,1076.2074808846232,JAK2,Latent_31
KEGG_2021_Human,Interleukin-3-Mediated Signaling Pathway (GO:0038156),1/6,0.0059856908667451,0.0452238814792821,0,0,210.26315789473685,1076.2074808846232,JAK2,Latent_31
KEGG_2021_Human,Desmosome Organization (GO:0002934),1/6,0.0059856908667451,0.0452238814792821,0,0,210.26315789473685,1076.2074808846232,PRKCA,Latent_31
KEGG_2021_Human,Positive Regulation Of Cysteine-Type Endopeptidase Activity Involved In Apoptotic Signaling Pathway (GO:2001269),1/6,0.0059856908667451,0.0452238814792821,0,0,210.26315789473685,1076.2074808846232,JAK2,Latent_31
KEGG_2021_Human,Negative Regulation Of Cell Population Proliferation (GO:0008285),3/379,0.0060572367055538,0.0452238814792821,0,0,9.2008760951189,46.98428824422069,TNFAIP3;JAK2;MTSS1,Latent_31
KEGG_2021_Human,Positive Regulation Of Multicellular Organismal Process (GO:0051240),3/387,0.006417255691242,0.0452238814792821,0,0,9.005514705882353,45.46672488829847,SLC11A1;PRKCA;JAK2,Latent_31
KEGG_2021_Human,Enzyme-Linked Receptor Protein Signaling Pathway (GO:0007167),2/124,0.0067345291088687,0.0452238814792821,0,0,18.0856102003643,90.4372274339782,JAK2;MTSS1,Latent_31
KEGG_2021_Human,Negative Regulation Of Glial Cell Apoptotic Process (GO:0034351),1/7,0.0069799958941807,0.0452238814792821,0,0,175.21052631578948,869.8689177892479,PRKCA,Latent_31
KEGG_2021_Human,Protein Deubiquitination Involved In Ubiquitin-Dependent Protein Catabolic Process (GO:0071947),1/7,0.0069799958941807,0.0452238814792821,0,0,175.21052631578948,869.8689177892479,TNFAIP3,Latent_31
KEGG_2021_Human,Negative Regulation Of Leukocyte Proliferation (GO:0070664),1/7,0.0069799958941807,0.0452238814792821,0,0,175.21052631578948,869.8689177892479,TNFAIP3,Latent_31
KEGG_2021_Human,Positive Regulation Of Natural Killer Cell Proliferation (GO:0032819),1/7,0.0069799958941807,0.0452238814792821,0,0,175.21052631578948,869.8689177892479,JAK2,Latent_31
KEGG_2021_Human,Regulation Of Vascular Wound Healing (GO:0061043),1/7,0.0069799958941807,0.0452238814792821,0,0,175.21052631578948,869.8689177892479,TNFAIP3,Latent_31
KEGG_2021_Human,Regulation Of Leukocyte Proliferation (GO:0070663),1/7,0.0069799958941807,0.0452238814792821,0,0,175.21052631578948,869.8689177892479,JAK2,Latent_31
KEGG_2021_Human,Regulation Of Nitric Oxide Metabolic Process (GO:0080164),1/7,0.0069799958941807,0.0452238814792821,0,0,175.21052631578948,869.8689177892479,JAK2,Latent_31
KEGG_2021_Human,Positive Regulation Of Vascular Associated Smooth Muscle Cell Migration (GO:1904754),1/7,0.0069799958941807,0.0452238814792821,0,0,175.21052631578948,869.8689177892479,DOCK5,Latent_31
KEGG_2021_Human,Regulation Of Tumor Necrosis Factor Production (GO:0032680),2/127,0.0070530421740909,0.0452238814792821,0,0,17.648888888888887,87.43782388318907,TNFAIP3;JAK2,Latent_31
KEGG_2021_Human,Manganese Ion Transport (GO:0006828),1/8,0.0079733565142536,0.0452238814792821,0,0,150.17293233082708,725.5830081396662,SLC11A1,Latent_31
KEGG_2021_Human,Regulation Of Dendritic Cell Antigen Processing And Presentation (GO:0002604),1/8,0.0079733565142536,0.0452238814792821,0,0,150.17293233082708,725.5830081396662,SLC11A1,Latent_31
KEGG_2021_Human,Regulation Of Toll-Like Receptor 3 Signaling Pathway (GO:0034139),1/8,0.0079733565142536,0.0452238814792821,0,0,150.17293233082708,725.5830081396662,TNFAIP3,Latent_31
KEGG_2021_Human,Tyrosine Phosphorylation Of STAT Protein (GO:0007260),1/8,0.0079733565142536,0.0452238814792821,0,0,150.17293233082708,725.5830081396662,JAK2,Latent_31
KEGG_2021_Human,Positive Regulation Of NK T Cell Activation (GO:0051135),1/8,0.0079733565142536,0.0452238814792821,0,0,150.17293233082708,725.5830081396662,JAK2,Latent_31
KEGG_2021_Human,Collagen-Activated Signaling Pathway (GO:0038065),1/8,0.0079733565142536,0.0452238814792821,0,0,150.17293233082708,725.5830081396662,JAK2,Latent_31
KEGG_2021_Human,Regulation Of T-helper 1 Type Immune Response (GO:0002825),1/8,0.0079733565142536,0.0452238814792821,0,0,150.17293233082708,725.5830081396662,SLC11A1,Latent_31
KEGG_2021_Human,Interleukin-12-Mediated Signaling Pathway (GO:0035722),1/8,0.0079733565142536,0.0452238814792821,0,0,150.17293233082708,725.5830081396662,JAK2,Latent_31
KEGG_2021_Human,Nuclear Membrane Disassembly (GO:0051081),1/8,0.0079733565142536,0.0452238814792821,0,0,150.17293233082708,725.5830081396662,PRKCA,Latent_31
GO_Biological_Process_2023,Positive Regulation Of Cell-Substrate Adhesion (GO:0010811),2/71,0.002265165629135,0.0452238814792821,0,0,32.06280193236715,195.2659072256636,DOCK5;JAK2,Latent_31
GO_Biological_Process_2023,Regulation Of mRNA Stability (GO:0043488),2/74,0.0024576407666974,0.0452238814792821,0,0,30.72222222222222,184.5961136225927,SLC11A1;PRKCA,Latent_31
GO_Biological_Process_2023,Activation Of Protein Kinase Activity (GO:0032147),2/81,0.0029357544153754,0.0452238814792821,0,0,27.9901547116737,163.2047370793244,SLC11A1;JAK2,Latent_31
GO_Biological_Process_2023,Regulation Of Interleukin-1 Beta Production (GO:0032651),2/84,0.0031529901666195,0.0452238814792821,0,0,26.962059620596207,155.2853944898215,TNFAIP3;JAK2,Latent_31
GO_Biological_Process_2023,Regulation Of Type II Interferon Production (GO:0032649),2/87,0.0033775636848334,0.0452238814792821,0,0,26.00653594771242,147.99280991824526,SLC11A1;JAK2,Latent_31
GO_Biological_Process_2023,Positive Regulation Of Cell Adhesion (GO:0045785),2/88,0.0034540449719347,0.0452238814792821,0,0,25.702842377260986,145.6890896619056,PRKCA;JAK2,Latent_31
GO_Biological_Process_2023,Positive Regulation Of Cellular Component Biogenesis (GO:0044089),2/93,0.0038485584136363,0.0452238814792821,0,0,24.284493284493283,135.02315810678772,PRKCA;MTSS1,Latent_31
GO_Biological_Process_2023,Positive Regulation Of Epithelial Cell Migration (GO:0010634),2/95,0.0040119852700405,0.0452238814792821,0,0,23.759856630824373,131.11803417110073,DOCK5;PRKCA,Latent_31
GO_Biological_Process_2023,Regulation Of Growth Hormone Receptor Signaling Pathway (GO:0060398),1/5,0.0049904406959516,0.0452238814792821,0,0,262.8421052631579,1393.123889480945,JAK2,Latent_31
GO_Biological_Process_2023,Positive Regulation Of NK T Cell Proliferation (GO:0051142),1/5,0.0049904406959516,0.0452238814792821,0,0,262.8421052631579,1393.123889480945,JAK2,Latent_31
GO_Biological_Process_2023,Positive Regulation Of Antigen Processing And Presentation (GO:0002579),1/5,0.0049904406959516,0.0452238814792821,0,0,262.8421052631579,1393.123889480945,SLC11A1,Latent_31
GO_Biological_Process_2023,Negative Regulation Of Toll-Like Receptor 2 Signaling Pathway (GO:0034136),1/5,0.0049904406959516,0.0452238814792821,0,0,262.8421052631579,1393.123889480945,TNFAIP3,Latent_31
GO_Biological_Process_2023,Interleukin-5-Mediated Signaling Pathway (GO:0038043),1/5,0.0049904406959516,0.0452238814792821,0,0,262.8421052631579,1393.123889480945,JAK2,Latent_31
GO_Biological_Process_2023,Nephron Tubule Development (GO:0072080),1/5,0.0049904406959516,0.0452238814792821,0,0,262.8421052631579,1393.123889480945,MTSS1,Latent_31
GO_Biological_Process_2023,Positive Regulation Of Dendritic Cell Antigen Processing And Presentation (GO:0002606),1/5,0.0049904406959516,0.0452238814792821,0,0,262.8421052631579,1393.123889480945,SLC11A1,Latent_31
GO_Biological_Process_2023,"Nucleotide-Binding Domain, Leucine Rich Repeat Containing Receptor Signaling Pathway (GO:0035872)",1/5,0.0049904406959516,0.0452238814792821,0,0,262.8421052631579,1393.123889480945,TNFAIP3,Latent_31
GO_Biological_Process_2023,Response To Lipid (GO:0033993),2/110,0.00533866315253,0.0452238814792821,0,0,20.444444444444443,106.98128006787496,SLC11A1;JAK2,Latent_31
GO_Biological_Process_2023,Epithelial Cell Differentiation Involved In Kidney Development (GO:0035850),1/6,0.0059856908667451,0.0452238814792821,0,0,210.26315789473685,1076.2074808846232,MTSS1,Latent_31
GO_Biological_Process_2023,Marginal Zone B Cell Differentiation (GO:0002315),1/6,0.0059856908667451,0.0452238814792821,0,0,210.26315789473685,1076.2074808846232,DOCK10,Latent_31
GO_Biological_Process_2023,Positive Regulation Of Lipopolysaccharide-Mediated Signaling Pathway (GO:0031666),1/6,0.0059856908667451,0.0452238814792821,0,0,210.26315789473685,1076.2074808846232,PRKCA,Latent_31
GO_Biological_Process_2023,Regulation Of Glial Cell Apoptotic Process (GO:0034350),1/6,0.0059856908667451,0.0452238814792821,0,0,210.26315789473685,1076.2074808846232,PRKCA,Latent_31
GO_Biological_Process_2023,Mitotic Nuclear Membrane Disassembly (GO:0007077),1/6,0.0059856908667451,0.0452238814792821,0,0,210.26315789473685,1076.2074808846232,PRKCA,Latent_31
GO_Biological_Process_2023,Adherens Junction Maintenance (GO:0034334),1/6,0.0059856908667451,0.0452238814792821,0,0,210.26315789473685,1076.2074808846232,MTSS1,Latent_31
GO_Biological_Process_2023,Regulation Of NK T Cell Proliferation (GO:0051140),1/6,0.0059856908667451,0.0452238814792821,0,0,210.26315789473685,1076.2074808846232,JAK2,Latent_31
GO_Biological_Process_2023,Interleukin-3-Mediated Signaling Pathway (GO:0038156),1/6,0.0059856908667451,0.0452238814792821,0,0,210.26315789473685,1076.2074808846232,JAK2,Latent_31
GO_Biological_Process_2023,Desmosome Organization (GO:0002934),1/6,0.0059856908667451,0.0452238814792821,0,0,210.26315789473685,1076.2074808846232,PRKCA,Latent_31
GO_Biological_Process_2023,Positive Regulation Of Cysteine-Type Endopeptidase Activity Involved In Apoptotic Signaling Pathway (GO:2001269),1/6,0.0059856908667451,0.0452238814792821,0,0,210.26315789473685,1076.2074808846232,JAK2,Latent_31
GO_Biological_Process_2023,Negative Regulation Of Cell Population Proliferation (GO:0008285),3/379,0.0060572367055538,0.0452238814792821,0,0,9.2008760951189,46.98428824422069,TNFAIP3;JAK2;MTSS1,Latent_31
GO_Biological_Process_2023,Positive Regulation Of Multicellular Organismal Process (GO:0051240),3/387,0.006417255691242,0.0452238814792821,0,0,9.005514705882353,45.46672488829847,SLC11A1;PRKCA;JAK2,Latent_31
GO_Biological_Process_2023,Enzyme-Linked Receptor Protein Signaling Pathway (GO:0007167),2/124,0.0067345291088687,0.0452238814792821,0,0,18.0856102003643,90.4372274339782,JAK2;MTSS1,Latent_31
GO_Biological_Process_2023,Negative Regulation Of Glial Cell Apoptotic Process (GO:0034351),1/7,0.0069799958941807,0.0452238814792821,0,0,175.21052631578948,869.8689177892479,PRKCA,Latent_31
GO_Biological_Process_2023,Protein Deubiquitination Involved In Ubiquitin-Dependent Protein Catabolic Process (GO:0071947),1/7,0.0069799958941807,0.0452238814792821,0,0,175.21052631578948,869.8689177892479,TNFAIP3,Latent_31
GO_Biological_Process_2023,Negative Regulation Of Leukocyte Proliferation (GO:0070664),1/7,0.0069799958941807,0.0452238814792821,0,0,175.21052631578948,869.8689177892479,TNFAIP3,Latent_31
GO_Biological_Process_2023,Positive Regulation Of Natural Killer Cell Proliferation (GO:0032819),1/7,0.0069799958941807,0.0452238814792821,0,0,175.21052631578948,869.8689177892479,JAK2,Latent_31
GO_Biological_Process_2023,Regulation Of Vascular Wound Healing (GO:0061043),1/7,0.0069799958941807,0.0452238814792821,0,0,175.21052631578948,869.8689177892479,TNFAIP3,Latent_31
GO_Biological_Process_2023,Regulation Of Leukocyte Proliferation (GO:0070663),1/7,0.0069799958941807,0.0452238814792821,0,0,175.21052631578948,869.8689177892479,JAK2,Latent_31
GO_Biological_Process_2023,Regulation Of Nitric Oxide Metabolic Process (GO:0080164),1/7,0.0069799958941807,0.0452238814792821,0,0,175.21052631578948,869.8689177892479,JAK2,Latent_31
GO_Biological_Process_2023,Positive Regulation Of Vascular Associated Smooth Muscle Cell Migration (GO:1904754),1/7,0.0069799958941807,0.0452238814792821,0,0,175.21052631578948,869.8689177892479,DOCK5,Latent_31
GO_Biological_Process_2023,Regulation Of Tumor Necrosis Factor Production (GO:0032680),2/127,0.0070530421740909,0.0452238814792821,0,0,17.648888888888887,87.43782388318907,TNFAIP3;JAK2,Latent_31
GO_Biological_Process_2023,Manganese Ion Transport (GO:0006828),1/8,0.0079733565142536,0.0452238814792821,0,0,150.17293233082708,725.5830081396662,SLC11A1,Latent_31
GO_Biological_Process_2023,Regulation Of Dendritic Cell Antigen Processing And Presentation (GO:0002604),1/8,0.0079733565142536,0.0452238814792821,0,0,150.17293233082708,725.5830081396662,SLC11A1,Latent_31
GO_Biological_Process_2023,Regulation Of Toll-Like Receptor 3 Signaling Pathway (GO:0034139),1/8,0.0079733565142536,0.0452238814792821,0,0,150.17293233082708,725.5830081396662,TNFAIP3,Latent_31
GO_Biological_Process_2023,Tyrosine Phosphorylation Of STAT Protein (GO:0007260),1/8,0.0079733565142536,0.0452238814792821,0,0,150.17293233082708,725.5830081396662,JAK2,Latent_31
GO_Biological_Process_2023,Positive Regulation Of NK T Cell Activation (GO:0051135),1/8,0.0079733565142536,0.0452238814792821,0,0,150.17293233082708,725.5830081396662,JAK2,Latent_31
GO_Biological_Process_2023,Collagen-Activated Signaling Pathway (GO:0038065),1/8,0.0079733565142536,0.0452238814792821,0,0,150.17293233082708,725.5830081396662,JAK2,Latent_31
GO_Biological_Process_2023,Regulation Of T-helper 1 Type Immune Response (GO:0002825),1/8,0.0079733565142536,0.0452238814792821,0,0,150.17293233082708,725.5830081396662,SLC11A1,Latent_31
GO_Biological_Process_2023,Interleukin-12-Mediated Signaling Pathway (GO:0035722),1/8,0.0079733565142536,0.0452238814792821,0,0,150.17293233082708,725.5830081396662,JAK2,Latent_31
GO_Biological_Process_2023,Nuclear Membrane Disassembly (GO:0051081),1/8,0.0079733565142536,0.0452238814792821,0,0,150.17293233082708,725.5830081396662,PRKCA,Latent_31
KEGG_2021_Human,Protein K11-linked Deubiquitination (GO:0035871),1/9,0.0089657734963174,0.0463394985596434,0,0,131.39473684210526,619.439581424405,TNFAIP3,Latent_31
KEGG_2021_Human,Type II Interferon-Mediated Signaling Pathway (GO:0060333),1/9,0.0089657734963174,0.0463394985596434,0,0,131.39473684210526,619.439581424405,JAK2,Latent_31
KEGG_2021_Human,Positive Regulation Of Platelet Activation (GO:0010572),1/9,0.0089657734963174,0.0463394985596434,0,0,131.39473684210526,619.439581424405,JAK2,Latent_31
KEGG_2021_Human,Negative Regulation Of Toll-Like Receptor 4 Signaling Pathway (GO:0034144),1/9,0.0089657734963174,0.0463394985596434,0,0,131.39473684210526,619.439581424405,TNFAIP3,Latent_31
KEGG_2021_Human,Regulation Of Natural Killer Cell Proliferation (GO:0032817),1/9,0.0089657734963174,0.0463394985596434,0,0,131.39473684210526,619.439581424405,JAK2,Latent_31
KEGG_2021_Human,Negative Regulation Of Bone Resorption (GO:0045779),1/9,0.0089657734963174,0.0463394985596434,0,0,131.39473684210526,619.439581424405,TNFAIP3,Latent_31
KEGG_2021_Human,Regulation Of Cold-Induced Thermogenesis (GO:0120161),2/146,0.0092256387850187,0.0463394985596434,0,0,15.305555555555555,71.71829540005209,PLCL2;JAK2,Latent_31
KEGG_2021_Human,Protein auto-ADP-ribosylation (GO:0070213),1/10,0.0099572476243861,0.0463394985596434,0,0,116.78947368421052,538.3357753631753,PARP8,Latent_31
KEGG_2021_Human,Positive Regulation Of Macrophage Differentiation (GO:0045651),1/10,0.0099572476243861,0.0463394985596434,0,0,116.78947368421052,538.3357753631753,PRKCA,Latent_31
KEGG_2021_Human,Cellular Response To Interleukin-12 (GO:0071349),1/10,0.0099572476243861,0.0463394985596434,0,0,116.78947368421052,538.3357753631753,JAK2,Latent_31
KEGG_2021_Human,Regulation Of Toll-Like Receptor 2 Signaling Pathway (GO:0034135),1/10,0.0099572476243861,0.0463394985596434,0,0,116.78947368421052,538.3357753631753,TNFAIP3,Latent_31
KEGG_2021_Human,Positive Regulation Of Nitric-Oxide Synthase Biosynthetic Process (GO:0051770),1/10,0.0099572476243861,0.0463394985596434,0,0,116.78947368421052,538.3357753631753,JAK2,Latent_31
KEGG_2021_Human,Positive Regulation Of MHC Class II Biosynthetic Process (GO:0045348),1/10,0.0099572476243861,0.0463394985596434,0,0,116.78947368421052,538.3357753631753,JAK2,Latent_31
KEGG_2021_Human,Positive Regulation Of Bone Resorption (GO:0045780),1/10,0.0099572476243861,0.0463394985596434,0,0,116.78947368421052,538.3357753631753,PRKCA,Latent_31
GO_Biological_Process_2023,Protein K11-linked Deubiquitination (GO:0035871),1/9,0.0089657734963174,0.0463394985596434,0,0,131.39473684210526,619.439581424405,TNFAIP3,Latent_31
GO_Biological_Process_2023,Type II Interferon-Mediated Signaling Pathway (GO:0060333),1/9,0.0089657734963174,0.0463394985596434,0,0,131.39473684210526,619.439581424405,JAK2,Latent_31
GO_Biological_Process_2023,Positive Regulation Of Platelet Activation (GO:0010572),1/9,0.0089657734963174,0.0463394985596434,0,0,131.39473684210526,619.439581424405,JAK2,Latent_31
GO_Biological_Process_2023,Negative Regulation Of Toll-Like Receptor 4 Signaling Pathway (GO:0034144),1/9,0.0089657734963174,0.0463394985596434,0,0,131.39473684210526,619.439581424405,TNFAIP3,Latent_31
GO_Biological_Process_2023,Regulation Of Natural Killer Cell Proliferation (GO:0032817),1/9,0.0089657734963174,0.0463394985596434,0,0,131.39473684210526,619.439581424405,JAK2,Latent_31
GO_Biological_Process_2023,Negative Regulation Of Bone Resorption (GO:0045779),1/9,0.0089657734963174,0.0463394985596434,0,0,131.39473684210526,619.439581424405,TNFAIP3,Latent_31
GO_Biological_Process_2023,Regulation Of Cold-Induced Thermogenesis (GO:0120161),2/146,0.0092256387850187,0.0463394985596434,0,0,15.305555555555555,71.71829540005209,PLCL2;JAK2,Latent_31
GO_Biological_Process_2023,Protein auto-ADP-ribosylation (GO:0070213),1/10,0.0099572476243861,0.0463394985596434,0,0,116.78947368421052,538.3357753631753,PARP8,Latent_31
GO_Biological_Process_2023,Positive Regulation Of Macrophage Differentiation (GO:0045651),1/10,0.0099572476243861,0.0463394985596434,0,0,116.78947368421052,538.3357753631753,PRKCA,Latent_31
GO_Biological_Process_2023,Cellular Response To Interleukin-12 (GO:0071349),1/10,0.0099572476243861,0.0463394985596434,0,0,116.78947368421052,538.3357753631753,JAK2,Latent_31
GO_Biological_Process_2023,Regulation Of Toll-Like Receptor 2 Signaling Pathway (GO:0034135),1/10,0.0099572476243861,0.0463394985596434,0,0,116.78947368421052,538.3357753631753,TNFAIP3,Latent_31
GO_Biological_Process_2023,Positive Regulation Of Nitric-Oxide Synthase Biosynthetic Process (GO:0051770),1/10,0.0099572476243861,0.0463394985596434,0,0,116.78947368421052,538.3357753631753,JAK2,Latent_31
GO_Biological_Process_2023,Positive Regulation Of MHC Class II Biosynthetic Process (GO:0045348),1/10,0.0099572476243861,0.0463394985596434,0,0,116.78947368421052,538.3357753631753,JAK2,Latent_31
GO_Biological_Process_2023,Positive Regulation Of Bone Resorption (GO:0045780),1/10,0.0099572476243861,0.0463394985596434,0,0,116.78947368421052,538.3357753631753,PRKCA,Latent_31
KEGG_2021_Human,Nucleotide-Binding Oligomerization Domain Containing Signaling Pathway (GO:0070423),1/11,0.0109477797028559,0.0467534592016084,0,0,105.10526315789474,474.5101770765117,TNFAIP3,Latent_31
KEGG_2021_Human,Cellular Response To Fluid Shear Stress (GO:0071498),1/11,0.0109477797028559,0.0467534592016084,0,0,105.10526315789474,474.5101770765117,MTSS1,Latent_31
KEGG_2021_Human,Cellular Response To Growth Hormone Stimulus (GO:0071378),1/11,0.0109477797028559,0.0467534592016084,0,0,105.10526315789474,474.5101770765117,JAK2,Latent_31
KEGG_2021_Human,Regulation Of Homotypic Cell-Cell Adhesion (GO:0034110),1/11,0.0109477797028559,0.0467534592016084,0,0,105.10526315789474,474.5101770765117,PRKCA,Latent_31
KEGG_2021_Human,Cellular Response To Thyroid Hormone Stimulus (GO:0097067),1/11,0.0109477797028559,0.0467534592016084,0,0,105.10526315789474,474.5101770765117,LMO2,Latent_31
KEGG_2021_Human,Positive Regulation Of Platelet Aggregation (GO:1901731),1/11,0.0109477797028559,0.0467534592016084,0,0,105.10526315789474,474.5101770765117,JAK2,Latent_31
KEGG_2021_Human,Negative Regulation Of Bone Remodeling (GO:0046851),1/11,0.0109477797028559,0.0467534592016084,0,0,105.10526315789474,474.5101770765117,TNFAIP3,Latent_31
GO_Biological_Process_2023,Nucleotide-Binding Oligomerization Domain Containing Signaling Pathway (GO:0070423),1/11,0.0109477797028559,0.0467534592016084,0,0,105.10526315789474,474.5101770765117,TNFAIP3,Latent_31
GO_Biological_Process_2023,Cellular Response To Fluid Shear Stress (GO:0071498),1/11,0.0109477797028559,0.0467534592016084,0,0,105.10526315789474,474.5101770765117,MTSS1,Latent_31
GO_Biological_Process_2023,Cellular Response To Growth Hormone Stimulus (GO:0071378),1/11,0.0109477797028559,0.0467534592016084,0,0,105.10526315789474,474.5101770765117,JAK2,Latent_31
GO_Biological_Process_2023,Regulation Of Homotypic Cell-Cell Adhesion (GO:0034110),1/11,0.0109477797028559,0.0467534592016084,0,0,105.10526315789474,474.5101770765117,PRKCA,Latent_31
GO_Biological_Process_2023,Cellular Response To Thyroid Hormone Stimulus (GO:0097067),1/11,0.0109477797028559,0.0467534592016084,0,0,105.10526315789474,474.5101770765117,LMO2,Latent_31
GO_Biological_Process_2023,Positive Regulation Of Platelet Aggregation (GO:1901731),1/11,0.0109477797028559,0.0467534592016084,0,0,105.10526315789474,474.5101770765117,JAK2,Latent_31
GO_Biological_Process_2023,Negative Regulation Of Bone Remodeling (GO:0046851),1/11,0.0109477797028559,0.0467534592016084,0,0,105.10526315789474,474.5101770765117,TNFAIP3,Latent_31
KEGG_2021_Human,Cell-Cell Junction Maintenance (GO:0045217),1/12,0.0119373705403343,0.0481473945126818,0,0,95.54545454545456,423.0830518492731,MTSS1,Latent_31
KEGG_2021_Human,Regulation Of Vascular Associated Smooth Muscle Cell Migration (GO:1904752),1/12,0.0119373705403343,0.0481473945126818,0,0,95.54545454545456,423.0830518492731,DOCK5,Latent_31
KEGG_2021_Human,Multicellular Organismal-Level Iron Ion Homeostasis (GO:0060586),1/12,0.0119373705403343,0.0481473945126818,0,0,95.54545454545456,423.0830518492731,SLC11A1,Latent_31
KEGG_2021_Human,Positive Regulation Of T-helper 1 Type Immune Response (GO:0002827),1/12,0.0119373705403343,0.0481473945126818,0,0,95.54545454545456,423.0830518492731,SLC11A1,Latent_31
KEGG_2021_Human,Response To Thyroid Hormone (GO:0097066),1/12,0.0119373705403343,0.0481473945126818,0,0,95.54545454545456,423.0830518492731,LMO2,Latent_31
GO_Biological_Process_2023,Cell-Cell Junction Maintenance (GO:0045217),1/12,0.0119373705403343,0.0481473945126818,0,0,95.54545454545456,423.0830518492731,MTSS1,Latent_31
GO_Biological_Process_2023,Regulation Of Vascular Associated Smooth Muscle Cell Migration (GO:1904752),1/12,0.0119373705403343,0.0481473945126818,0,0,95.54545454545456,423.0830518492731,DOCK5,Latent_31
GO_Biological_Process_2023,Multicellular Organismal-Level Iron Ion Homeostasis (GO:0060586),1/12,0.0119373705403343,0.0481473945126818,0,0,95.54545454545456,423.0830518492731,SLC11A1,Latent_31
GO_Biological_Process_2023,Positive Regulation Of T-helper 1 Type Immune Response (GO:0002827),1/12,0.0119373705403343,0.0481473945126818,0,0,95.54545454545456,423.0830518492731,SLC11A1,Latent_31
GO_Biological_Process_2023,Response To Thyroid Hormone (GO:0097066),1/12,0.0119373705403343,0.0481473945126818,0,0,95.54545454545456,423.0830518492731,LMO2,Latent_31
KEGG_2021_Human,Mature B Cell Differentiation Involved In Immune Response (GO:0002313),1/13,0.0129260209528938,0.0493910063778997,0,0,87.57894736842105,380.8381798737429,DOCK10,Latent_31
KEGG_2021_Human,Positive Regulation Of T-helper 17 Type Immune Response (GO:2000318),1/13,0.0129260209528938,0.0493910063778997,0,0,87.57894736842105,380.8381798737429,JAK2,Latent_31
KEGG_2021_Human,Regulation Of T-helper 17 Type Immune Response (GO:2000316),1/13,0.0129260209528938,0.0493910063778997,0,0,87.57894736842105,380.8381798737429,JAK2,Latent_31
KEGG_2021_Human,Interleukin-6-Mediated Signaling Pathway (GO:0070102),1/13,0.0129260209528938,0.0493910063778997,0,0,87.57894736842105,380.8381798737429,JAK2,Latent_31
KEGG_2021_Human,Regulation Of Nitric-Oxide Synthase Biosynthetic Process (GO:0051769),1/13,0.0129260209528938,0.0493910063778997,0,0,87.57894736842105,380.8381798737429,JAK2,Latent_31
GO_Biological_Process_2023,Mature B Cell Differentiation Involved In Immune Response (GO:0002313),1/13,0.0129260209528938,0.0493910063778997,0,0,87.57894736842105,380.8381798737429,DOCK10,Latent_31
GO_Biological_Process_2023,Positive Regulation Of T-helper 17 Type Immune Response (GO:2000318),1/13,0.0129260209528938,0.0493910063778997,0,0,87.57894736842105,380.8381798737429,JAK2,Latent_31
GO_Biological_Process_2023,Regulation Of T-helper 17 Type Immune Response (GO:2000316),1/13,0.0129260209528938,0.0493910063778997,0,0,87.57894736842105,380.8381798737429,JAK2,Latent_31
GO_Biological_Process_2023,Interleukin-6-Mediated Signaling Pathway (GO:0070102),1/13,0.0129260209528938,0.0493910063778997,0,0,87.57894736842105,380.8381798737429,JAK2,Latent_31
GO_Biological_Process_2023,Regulation Of Nitric-Oxide Synthase Biosynthetic Process (GO:0051769),1/13,0.0129260209528938,0.0493910063778997,0,0,87.57894736842105,380.8381798737429,JAK2,Latent_31
GO_Biological_Process_2023,Cellular Response To Tumor Necrosis Factor (GO:0071356),3/119,0.00021744727153529252,0.0362689205071229,0,0,30.219066937119678,254.85413787677368,NFKBIA;ZFP36;TNFRSF1B,Latent_32
GO_Biological_Process_2023,Regulation Of Tumor Necrosis Factor Production (GO:0032680),3/127,0.00026339587323864755,0.0362689205071229,0,0,28.258064516129032,232.8987978705159,ZFP36;TYROBP;PTPRJ,Latent_32
GO_Biological_Process_2023,Cellular Response To Epidermal Growth Factor Stimulus (GO:0071364),2/27,0.0003284920428102522,0.0362689205071229,0,0,88.68888888888888,711.3733953565135,ZFP36;IQGAP1,Latent_32
GO_Biological_Process_2023,Response To Epidermal Growth Factor (GO:0070849),2/30,0.00040637445946356223,0.0362689205071229,0,0,79.17460317460318,618.2139479571657,ZFP36;IQGAP1,Latent_32
KEGG_2021_Human,Cellular Response To Tumor Necrosis Factor (GO:0071356),3/119,0.00021744727153529252,0.0362689205071229,0,0,30.219066937119678,254.85413787677368,NFKBIA;ZFP36;TNFRSF1B,Latent_32
KEGG_2021_Human,Regulation Of Tumor Necrosis Factor Production (GO:0032680),3/127,0.00026339587323864755,0.0362689205071229,0,0,28.258064516129032,232.8987978705159,ZFP36;TYROBP;PTPRJ,Latent_32
KEGG_2021_Human,Cellular Response To Epidermal Growth Factor Stimulus (GO:0071364),2/27,0.0003284920428102522,0.0362689205071229,0,0,88.68888888888888,711.3733953565135,ZFP36;IQGAP1,Latent_32
KEGG_2021_Human,Response To Epidermal Growth Factor (GO:0070849),2/30,0.00040637445946356223,0.0362689205071229,0,0,79.17460317460318,618.2139479571657,ZFP36;IQGAP1,Latent_32
GO_Biological_Process_2023,Tumor Necrosis Factor-Mediated Signaling Pathway (GO:0033209),2/38,0.0006535983868982156,0.0420563112313075,0,0,61.55555555555556,451.387965030658,NFKBIA;TNFRSF1B,Latent_32
GO_Biological_Process_2023,Negative Regulation Of Cytokine Production (GO:0001818),3/178,0.0007068287601900433,0.0420563112313075,0,0,19.97142857142857,144.88716477776316,SRGN;ZFP36;TYROBP,Latent_32
KEGG_2021_Human,Tumor Necrosis Factor-Mediated Signaling Pathway (GO:0033209),2/38,0.0006535983868982156,0.0420563112313075,0,0,61.55555555555556,451.387965030658,NFKBIA;TNFRSF1B,Latent_32
KEGG_2021_Human,Negative Regulation Of Cytokine Production (GO:0001818),3/178,0.0007068287601900433,0.0420563112313075,0,0,19.97142857142857,144.88716477776316,SRGN;ZFP36;TYROBP,Latent_32
GO_Biological_Process_2023,Positive Regulation Of Cell-Matrix Adhesion (GO:0001954),2/43,0.0008370330222898128,0.0426886841367804,0,0,54.03523035230352,382.87456973669936,PTPRJ;UTRN,Latent_32
KEGG_2021_Human,Positive Regulation Of Cell-Matrix Adhesion (GO:0001954),2/43,0.0008370330222898128,0.0426886841367804,0,0,54.03523035230352,382.87456973669936,PTPRJ;UTRN,Latent_32
KEGG_2021_Human,Hydrogen Peroxide Catabolic Process (GO:0042744),4/20,3.485623108253881e-09,6.552971443517297e-07,0,0,311.9375,6074.863967903783,HBM;HBB;HBA1;HBD,Latent_33
GO_Biological_Process_2023,Hydrogen Peroxide Catabolic Process (GO:0042744),4/20,3.485623108253881e-09,6.552971443517297e-07,0,0,311.9375,6074.863967903783,HBM;HBB;HBA1;HBD,Latent_33
KEGG_2021_Human,Oxygen Transport (GO:0015671),3/10,1.0214563877989312e-07,8.795979792974657e-06,0,0,503.52100840336135,8105.110306630441,HBB;HBA1;HBD,Latent_33
KEGG_2021_Human,Carbon Dioxide Transport (GO:0015670),3/11,1.403613796751275e-07,8.795979792974657e-06,0,0,440.55882352941177,6951.597702835551,HBB;HBA1;HBD,Latent_33
GO_Biological_Process_2023,Oxygen Transport (GO:0015671),3/10,1.0214563877989312e-07,8.795979792974657e-06,0,0,503.52100840336135,8105.110306630441,HBB;HBA1;HBD,Latent_33
GO_Biological_Process_2023,Carbon Dioxide Transport (GO:0015670),3/11,1.403613796751275e-07,8.795979792974657e-06,0,0,440.55882352941177,6951.597702835551,HBB;HBA1;HBD,Latent_33
KEGG_2021_Human,Gas Transport (GO:0015669),3/15,3.860766238294748e-07,1.814560131998532e-05,0,0,293.6470588235294,4336.353650553984,HBB;HBA1;HBD,Latent_33
GO_Biological_Process_2023,Gas Transport (GO:0015669),3/15,3.860766238294748e-07,1.814560131998532e-05,0,0,293.6470588235294,4336.353650553984,HBB;HBA1;HBD,Latent_33
KEGG_2021_Human,One-Carbon Compound Transport (GO:0019755),3/35,5.48336156497629e-06,0.0002061743948431085,0,0,110.00735294117646,1332.6062162903231,HBB;HBA1;HBD,Latent_33
GO_Biological_Process_2023,One-Carbon Compound Transport (GO:0019755),3/35,5.48336156497629e-06,0.0002061743948431085,0,0,110.00735294117646,1332.6062162903231,HBB;HBA1;HBD,Latent_33
KEGG_2021_Human,Positive Regulation Of Cell Death (GO:0010942),3/50,1.626462332560456e-05,0.0005096248642022762,0,0,74.84230287859825,825.2500115945311,HBB;HBA1;HBD,Latent_33
GO_Biological_Process_2023,Positive Regulation Of Cell Death (GO:0010942),3/50,1.626462332560456e-05,0.0005096248642022762,0,0,74.84230287859825,825.2500115945311,HBB;HBA1;HBD,Latent_33
KEGG_2021_Human,Regulation Of Cell Death (GO:0010941),3/59,2.6822618659232392e-05,0.00072037890113367,0,0,62.785714285714285,660.8990697100259,HBB;HBA1;HBD,Latent_33
GO_Biological_Process_2023,Regulation Of Cell Death (GO:0010941),3/59,2.6822618659232392e-05,0.00072037890113367,0,0,62.785714285714285,660.8990697100259,HBB;HBA1;HBD,Latent_33
KEGG_2021_Human,Response To Hydrogen Peroxide (GO:0042542),2/46,0.0009576675617417908,0.022505187700932,0,0,50.343434343434346,349.9377081556704,HBB;HBA1,Latent_33
GO_Biological_Process_2023,Response To Hydrogen Peroxide (GO:0042542),2/46,0.0009576675617417908,0.022505187700932,0,0,50.343434343434346,349.9377081556704,HBB;HBA1,Latent_33
KEGG_2021_Human,Endoplasmic Reticulum Organization (GO:0007029),2/54,0.0013177506939226,0.0275263478286063,0,0,42.58119658119658,282.3912150075315,TRAM1;TMCC1,Latent_33
GO_Biological_Process_2023,Endoplasmic Reticulum Organization (GO:0007029),2/54,0.0013177506939226,0.0275263478286063,0,0,42.58119658119658,282.3912150075315,TRAM1;TMCC1,Latent_33
KEGG_2021_Human,Response To Reactive Oxygen Species (GO:0000302),2/66,0.001961104016553,0.0368687555111971,0,0,34.576388888888886,215.55777257871145,HBB;HBA1,Latent_33
GO_Biological_Process_2023,Response To Reactive Oxygen Species (GO:0000302),2/66,0.001961104016553,0.0368687555111971,0,0,34.576388888888886,215.55777257871145,HBB;HBA1,Latent_33
KEGG_2021_Human,Positive Regulation Of Cellular Process (GO:0048522),4/594,0.0025544978089758,0.043658689826133,0,0,8.216101694915254,49.04930244309082,HBB;ADAM10;HBA1;HBD,Latent_33
GO_Biological_Process_2023,Positive Regulation Of Cellular Process (GO:0048522),4/594,0.0025544978089758,0.043658689826133,0,0,8.216101694915254,49.04930244309082,HBB;ADAM10;HBA1;HBD,Latent_33
KEGG_2021_Human,Vascular Transport (GO:0010232),2/83,0.0030797608907503,0.0452496285553788,0,0,27.296296296296298,157.851842417783,ATP8A1;SLC44A1,Latent_33
KEGG_2021_Human,Transport Across Blood-Brain Barrier (GO:0150104),2/85,0.0032270347482887,0.0452496285553788,0,0,26.63587684069612,152.78849293856263,ATP8A1;SLC44A1,Latent_33
KEGG_2021_Human,Choline Metabolic Process (GO:0019695),1/5,0.0049904406959516,0.0452496285553788,0,0,262.8421052631579,1393.123889480945,SLC44A1,Latent_33
KEGG_2021_Human,Aminophospholipid Transport (GO:0015917),1/5,0.0049904406959516,0.0452496285553788,0,0,262.8421052631579,1393.123889480945,ATP8A1,Latent_33
KEGG_2021_Human,Cellular Response To Cold (GO:0070417),1/5,0.0049904406959516,0.0452496285553788,0,0,262.8421052631579,1393.123889480945,FOXO1,Latent_33
KEGG_2021_Human,Choline Transport (GO:0015871),1/6,0.0059856908667451,0.0452496285553788,0,0,210.26315789473685,1076.2074808846232,SLC44A1,Latent_33
KEGG_2021_Human,Adenosine Metabolic Process (GO:0046085),1/6,0.0059856908667451,0.0452496285553788,0,0,210.26315789473685,1076.2074808846232,NT5C2,Latent_33
KEGG_2021_Human,Negative Regulation Of Stress-Activated Protein Kinase Signaling Cascade (GO:0070303),1/6,0.0059856908667451,0.0452496285553788,0,0,210.26315789473685,1076.2074808846232,FOXO1,Latent_33
KEGG_2021_Human,Purine Ribonucleoside Metabolic Process (GO:0046128),1/6,0.0059856908667451,0.0452496285553788,0,0,210.26315789473685,1076.2074808846232,NT5C2,Latent_33
KEGG_2021_Human,Regulation Of Cardiac Muscle Hypertrophy In Response To Stress (GO:1903242),1/6,0.0059856908667451,0.0452496285553788,0,0,210.26315789473685,1076.2074808846232,FOXO1,Latent_33
KEGG_2021_Human,Regulation Of Protein Catabolic Process (GO:0042176),2/122,0.0065259614572547,0.0452496285553788,0,0,18.38888888888889,92.53228181387864,RIC1;FOXO1,Latent_33
KEGG_2021_Human,Positive Regulation Of Gluconeogenesis (GO:0045722),1/7,0.0069799958941807,0.0452496285553788,0,0,175.21052631578948,869.8689177892479,FOXO1,Latent_33
KEGG_2021_Human,Amine Transport (GO:0015837),1/7,0.0069799958941807,0.0452496285553788,0,0,175.21052631578948,869.8689177892479,SLC44A1,Latent_33
KEGG_2021_Human,Cellular Biogenic Amine Catabolic Process (GO:0042402),1/7,0.0069799958941807,0.0452496285553788,0,0,175.21052631578948,869.8689177892479,SLC44A1,Latent_33
KEGG_2021_Human,Regulation Of Extracellular Matrix Constituent Secretion (GO:0003330),1/7,0.0069799958941807,0.0452496285553788,0,0,175.21052631578948,869.8689177892479,RIC1,Latent_33
KEGG_2021_Human,Purine Ribonucleoside Monophosphate Catabolic Process (GO:0009169),1/7,0.0069799958941807,0.0452496285553788,0,0,175.21052631578948,869.8689177892479,NT5C2,Latent_33
KEGG_2021_Human,Cellular Response To Nitric Oxide (GO:0071732),1/7,0.0069799958941807,0.0452496285553788,0,0,175.21052631578948,869.8689177892479,FOXO1,Latent_33
KEGG_2021_Human,Cellular Response To Reactive Nitrogen Species (GO:1902170),1/7,0.0069799958941807,0.0452496285553788,0,0,175.21052631578948,869.8689177892479,FOXO1,Latent_33
GO_Biological_Process_2023,Vascular Transport (GO:0010232),2/83,0.0030797608907503,0.0452496285553788,0,0,27.296296296296298,157.851842417783,ATP8A1;SLC44A1,Latent_33
GO_Biological_Process_2023,Transport Across Blood-Brain Barrier (GO:0150104),2/85,0.0032270347482887,0.0452496285553788,0,0,26.63587684069612,152.78849293856263,ATP8A1;SLC44A1,Latent_33
GO_Biological_Process_2023,Choline Metabolic Process (GO:0019695),1/5,0.0049904406959516,0.0452496285553788,0,0,262.8421052631579,1393.123889480945,SLC44A1,Latent_33
GO_Biological_Process_2023,Aminophospholipid Transport (GO:0015917),1/5,0.0049904406959516,0.0452496285553788,0,0,262.8421052631579,1393.123889480945,ATP8A1,Latent_33
GO_Biological_Process_2023,Cellular Response To Cold (GO:0070417),1/5,0.0049904406959516,0.0452496285553788,0,0,262.8421052631579,1393.123889480945,FOXO1,Latent_33
GO_Biological_Process_2023,Choline Transport (GO:0015871),1/6,0.0059856908667451,0.0452496285553788,0,0,210.26315789473685,1076.2074808846232,SLC44A1,Latent_33
GO_Biological_Process_2023,Adenosine Metabolic Process (GO:0046085),1/6,0.0059856908667451,0.0452496285553788,0,0,210.26315789473685,1076.2074808846232,NT5C2,Latent_33
GO_Biological_Process_2023,Negative Regulation Of Stress-Activated Protein Kinase Signaling Cascade (GO:0070303),1/6,0.0059856908667451,0.0452496285553788,0,0,210.26315789473685,1076.2074808846232,FOXO1,Latent_33
GO_Biological_Process_2023,Purine Ribonucleoside Metabolic Process (GO:0046128),1/6,0.0059856908667451,0.0452496285553788,0,0,210.26315789473685,1076.2074808846232,NT5C2,Latent_33
GO_Biological_Process_2023,Regulation Of Cardiac Muscle Hypertrophy In Response To Stress (GO:1903242),1/6,0.0059856908667451,0.0452496285553788,0,0,210.26315789473685,1076.2074808846232,FOXO1,Latent_33
GO_Biological_Process_2023,Regulation Of Protein Catabolic Process (GO:0042176),2/122,0.0065259614572547,0.0452496285553788,0,0,18.38888888888889,92.53228181387864,RIC1;FOXO1,Latent_33
GO_Biological_Process_2023,Positive Regulation Of Gluconeogenesis (GO:0045722),1/7,0.0069799958941807,0.0452496285553788,0,0,175.21052631578948,869.8689177892479,FOXO1,Latent_33
GO_Biological_Process_2023,Amine Transport (GO:0015837),1/7,0.0069799958941807,0.0452496285553788,0,0,175.21052631578948,869.8689177892479,SLC44A1,Latent_33
GO_Biological_Process_2023,Cellular Biogenic Amine Catabolic Process (GO:0042402),1/7,0.0069799958941807,0.0452496285553788,0,0,175.21052631578948,869.8689177892479,SLC44A1,Latent_33
GO_Biological_Process_2023,Regulation Of Extracellular Matrix Constituent Secretion (GO:0003330),1/7,0.0069799958941807,0.0452496285553788,0,0,175.21052631578948,869.8689177892479,RIC1,Latent_33
GO_Biological_Process_2023,Purine Ribonucleoside Monophosphate Catabolic Process (GO:0009169),1/7,0.0069799958941807,0.0452496285553788,0,0,175.21052631578948,869.8689177892479,NT5C2,Latent_33
GO_Biological_Process_2023,Cellular Response To Nitric Oxide (GO:0071732),1/7,0.0069799958941807,0.0452496285553788,0,0,175.21052631578948,869.8689177892479,FOXO1,Latent_33
GO_Biological_Process_2023,Cellular Response To Reactive Nitrogen Species (GO:1902170),1/7,0.0069799958941807,0.0452496285553788,0,0,175.21052631578948,869.8689177892479,FOXO1,Latent_33
KEGG_2021_Human,GMP Metabolic Process (GO:0046037),1/8,0.0079733565142536,0.0499663674893225,0,0,150.17293233082708,725.5830081396662,NT5C2,Latent_33
GO_Biological_Process_2023,GMP Metabolic Process (GO:0046037),1/8,0.0079733565142536,0.0499663674893225,0,0,150.17293233082708,725.5830081396662,NT5C2,Latent_33
KEGG_2021_Human,Hydrogen Peroxide Catabolic Process (GO:0042744),2/20,0.00017856345892201654,0.0281466716742243,0,0,123.22222222222224,1063.4775841223657,HBM;HBA1,Latent_34
KEGG_2021_Human,Positive Regulation Of B Cell Proliferation (GO:0030890),2/29,0.0003795101348772626,0.0281466716742243,0,0,82.11111111111111,646.758779988934,NFATC2;CD38,Latent_34
KEGG_2021_Human,One-Carbon Compound Transport (GO:0019755),2/35,0.0005541829397838258,0.0281466716742243,0,0,67.16161616161617,503.57885305588366,SLC4A1;HBA1,Latent_34
KEGG_2021_Human,Regulation Of B Cell Proliferation (GO:0030888),2/44,0.0008763666329947344,0.0281466716742243,0,0,52.74603174603175,371.31761233322095,NFATC2;CD38,Latent_34
KEGG_2021_Human,B Cell Receptor Signaling Pathway (GO:0050853),2/46,0.0009576675617417908,0.0281466716742243,0,0,50.343434343434346,349.9377081556704,NFATC2;CD38,Latent_34
KEGG_2021_Human,Regulation Of DNA Binding (GO:0051101),2/48,0.0010424693212675,0.0281466716742243,0,0,48.14975845410628,330.6040915341501,GZMA;PYHIN1,Latent_34
GO_Biological_Process_2023,Hydrogen Peroxide Catabolic Process (GO:0042744),2/20,0.00017856345892201654,0.0281466716742243,0,0,123.22222222222224,1063.4775841223657,HBM;HBA1,Latent_34
GO_Biological_Process_2023,Positive Regulation Of B Cell Proliferation (GO:0030890),2/29,0.0003795101348772626,0.0281466716742243,0,0,82.11111111111111,646.758779988934,NFATC2;CD38,Latent_34
GO_Biological_Process_2023,One-Carbon Compound Transport (GO:0019755),2/35,0.0005541829397838258,0.0281466716742243,0,0,67.16161616161617,503.57885305588366,SLC4A1;HBA1,Latent_34
GO_Biological_Process_2023,Regulation Of B Cell Proliferation (GO:0030888),2/44,0.0008763666329947344,0.0281466716742243,0,0,52.74603174603175,371.31761233322095,NFATC2;CD38,Latent_34
GO_Biological_Process_2023,B Cell Receptor Signaling Pathway (GO:0050853),2/46,0.0009576675617417908,0.0281466716742243,0,0,50.343434343434346,349.9377081556704,NFATC2;CD38,Latent_34
GO_Biological_Process_2023,Regulation Of DNA Binding (GO:0051101),2/48,0.0010424693212675,0.0281466716742243,0,0,48.14975845410628,330.6040915341501,GZMA;PYHIN1,Latent_34
KEGG_2021_Human,Positive Regulation Of B Cell Activation (GO:0050871),2/52,0.00122252374335,0.0282926923461018,0,0,44.28888888888889,297.0383992061624,NFATC2;CD38,Latent_34
GO_Biological_Process_2023,Positive Regulation Of B Cell Activation (GO:0050871),2/52,0.00122252374335,0.0282926923461018,0,0,44.28888888888889,297.0383992061624,NFATC2;CD38,Latent_34
KEGG_2021_Human,Positive Regulation Of Lymphocyte Proliferation (GO:0050671),2/74,0.0024576407666974,0.0496801444349647,0,0,30.72222222222222,184.5961136225927,NFATC2;CD38,Latent_34
KEGG_2021_Human,Cerebral Cortex Neuron Differentiation (GO:0021895),1/5,0.0049904406959516,0.0496801444349647,0,0,262.8421052631579,1393.123889480945,TOX,Latent_34
KEGG_2021_Human,"Regulation Of DNA Damage Response, Signal Transduction By P53 Class Mediator Resulting In Transcription Of P21 Class Mediator (GO:1902162)",1/5,0.0049904406959516,0.0496801444349647,0,0,262.8421052631579,1393.123889480945,PYHIN1,Latent_34
KEGG_2021_Human,Protein Import (GO:0017038),1/5,0.0049904406959516,0.0496801444349647,0,0,262.8421052631579,1393.123889480945,PRF1,Latent_34
KEGG_2021_Human,Positive Regulation Of Killing Of Cells Of Another Organism (GO:0051712),1/5,0.0049904406959516,0.0496801444349647,0,0,262.8421052631579,1393.123889480945,PRF1,Latent_34
KEGG_2021_Human,Positive Regulation Of Cell Killing (GO:0031343),1/6,0.0059856908667451,0.0496801444349647,0,0,210.26315789473685,1076.2074808846232,PRF1,Latent_34
KEGG_2021_Human,Positive Regulation Of Multicellular Organism Growth (GO:0040018),1/6,0.0059856908667451,0.0496801444349647,0,0,210.26315789473685,1076.2074808846232,PPIB,Latent_34
KEGG_2021_Human,Regulation Of Vascular Associated Smooth Muscle Cell Differentiation (GO:1905063),1/6,0.0059856908667451,0.0496801444349647,0,0,210.26315789473685,1076.2074808846232,NFATC2,Latent_34
KEGG_2021_Human,Natural Killer Cell Differentiation (GO:0001779),1/7,0.0069799958941807,0.0496801444349647,0,0,175.21052631578948,869.8689177892479,TOX,Latent_34
KEGG_2021_Human,Immunological Synapse Formation (GO:0001771),1/7,0.0069799958941807,0.0496801444349647,0,0,175.21052631578948,869.8689177892479,PRF1,Latent_34
KEGG_2021_Human,Regulation Of Endodeoxyribonuclease Activity (GO:0032071),1/7,0.0069799958941807,0.0496801444349647,0,0,175.21052631578948,869.8689177892479,GZMA,Latent_34
KEGG_2021_Human,Negative Regulation Of Vascular Associated Smooth Muscle Cell Differentiation (GO:1905064),1/7,0.0069799958941807,0.0496801444349647,0,0,175.21052631578948,869.8689177892479,NFATC2,Latent_34
KEGG_2021_Human,Cellular Response To Interferon-Alpha (GO:0035457),1/7,0.0069799958941807,0.0496801444349647,0,0,175.21052631578948,869.8689177892479,PYHIN1,Latent_34
KEGG_2021_Human,Positive Regulation By Host Of Viral Genome Replication (GO:0044829),1/7,0.0069799958941807,0.0496801444349647,0,0,175.21052631578948,869.8689177892479,PPIB,Latent_34
KEGG_2021_Human,Positive Regulation Of DNA Demethylation (GO:1901537),1/7,0.0069799958941807,0.0496801444349647,0,0,175.21052631578948,869.8689177892479,TOX,Latent_34
KEGG_2021_Human,Antigen Receptor-Mediated Signaling Pathway (GO:0050851),2/134,0.0078224564439702,0.0496801444349647,0,0,16.707070707070706,81.04193434238712,NFATC2;CD38,Latent_34
KEGG_2021_Human,Regulation Of DNA Demethylation (GO:1901535),1/8,0.0079733565142536,0.0496801444349647,0,0,150.17293233082708,725.5830081396662,TOX,Latent_34
KEGG_2021_Human,Negative Regulation Of Smooth Muscle Cell Differentiation (GO:0051151),1/8,0.0079733565142536,0.0496801444349647,0,0,150.17293233082708,725.5830081396662,NFATC2,Latent_34
KEGG_2021_Human,T Cell Mediated Cytotoxicity (GO:0001913),1/8,0.0079733565142536,0.0496801444349647,0,0,150.17293233082708,725.5830081396662,PRF1,Latent_34
GO_Biological_Process_2023,Positive Regulation Of Lymphocyte Proliferation (GO:0050671),2/74,0.0024576407666974,0.0496801444349647,0,0,30.72222222222222,184.5961136225927,NFATC2;CD38,Latent_34
GO_Biological_Process_2023,Cerebral Cortex Neuron Differentiation (GO:0021895),1/5,0.0049904406959516,0.0496801444349647,0,0,262.8421052631579,1393.123889480945,TOX,Latent_34
GO_Biological_Process_2023,"Regulation Of DNA Damage Response, Signal Transduction By P53 Class Mediator Resulting In Transcription Of P21 Class Mediator (GO:1902162)",1/5,0.0049904406959516,0.0496801444349647,0,0,262.8421052631579,1393.123889480945,PYHIN1,Latent_34
GO_Biological_Process_2023,Protein Import (GO:0017038),1/5,0.0049904406959516,0.0496801444349647,0,0,262.8421052631579,1393.123889480945,PRF1,Latent_34
GO_Biological_Process_2023,Positive Regulation Of Killing Of Cells Of Another Organism (GO:0051712),1/5,0.0049904406959516,0.0496801444349647,0,0,262.8421052631579,1393.123889480945,PRF1,Latent_34
GO_Biological_Process_2023,Positive Regulation Of Cell Killing (GO:0031343),1/6,0.0059856908667451,0.0496801444349647,0,0,210.26315789473685,1076.2074808846232,PRF1,Latent_34
GO_Biological_Process_2023,Positive Regulation Of Multicellular Organism Growth (GO:0040018),1/6,0.0059856908667451,0.0496801444349647,0,0,210.26315789473685,1076.2074808846232,PPIB,Latent_34
GO_Biological_Process_2023,Regulation Of Vascular Associated Smooth Muscle Cell Differentiation (GO:1905063),1/6,0.0059856908667451,0.0496801444349647,0,0,210.26315789473685,1076.2074808846232,NFATC2,Latent_34
GO_Biological_Process_2023,Natural Killer Cell Differentiation (GO:0001779),1/7,0.0069799958941807,0.0496801444349647,0,0,175.21052631578948,869.8689177892479,TOX,Latent_34
GO_Biological_Process_2023,Immunological Synapse Formation (GO:0001771),1/7,0.0069799958941807,0.0496801444349647,0,0,175.21052631578948,869.8689177892479,PRF1,Latent_34
GO_Biological_Process_2023,Regulation Of Endodeoxyribonuclease Activity (GO:0032071),1/7,0.0069799958941807,0.0496801444349647,0,0,175.21052631578948,869.8689177892479,GZMA,Latent_34
GO_Biological_Process_2023,Negative Regulation Of Vascular Associated Smooth Muscle Cell Differentiation (GO:1905064),1/7,0.0069799958941807,0.0496801444349647,0,0,175.21052631578948,869.8689177892479,NFATC2,Latent_34
GO_Biological_Process_2023,Cellular Response To Interferon-Alpha (GO:0035457),1/7,0.0069799958941807,0.0496801444349647,0,0,175.21052631578948,869.8689177892479,PYHIN1,Latent_34
GO_Biological_Process_2023,Positive Regulation By Host Of Viral Genome Replication (GO:0044829),1/7,0.0069799958941807,0.0496801444349647,0,0,175.21052631578948,869.8689177892479,PPIB,Latent_34
GO_Biological_Process_2023,Positive Regulation Of DNA Demethylation (GO:1901537),1/7,0.0069799958941807,0.0496801444349647,0,0,175.21052631578948,869.8689177892479,TOX,Latent_34
GO_Biological_Process_2023,Antigen Receptor-Mediated Signaling Pathway (GO:0050851),2/134,0.0078224564439702,0.0496801444349647,0,0,16.707070707070706,81.04193434238712,NFATC2;CD38,Latent_34
GO_Biological_Process_2023,Regulation Of DNA Demethylation (GO:1901535),1/8,0.0079733565142536,0.0496801444349647,0,0,150.17293233082708,725.5830081396662,TOX,Latent_34
GO_Biological_Process_2023,Negative Regulation Of Smooth Muscle Cell Differentiation (GO:0051151),1/8,0.0079733565142536,0.0496801444349647,0,0,150.17293233082708,725.5830081396662,NFATC2,Latent_34
GO_Biological_Process_2023,T Cell Mediated Cytotoxicity (GO:0001913),1/8,0.0079733565142536,0.0496801444349647,0,0,150.17293233082708,725.5830081396662,PRF1,Latent_34
GO_Biological_Process_2023,Cytoplasmic Translation (GO:0002181),13/93,1.493428731709632e-26,2.5985659931747602e-24,0,0,461.9642857142857,27471.23186339495,RPL10;RPL34;RPL13A;RPS14;RPL18A;RPS19;RPS18;RPS3;RPL13;RPS27A;RPL29;RPL28;RPL19,Latent_35
KEGG_2021_Human,Cytoplasmic Translation (GO:0002181),13/93,1.493428731709632e-26,2.5985659931747602e-24,0,0,461.9642857142857,27471.23186339495,RPL10;RPL34;RPL13A;RPS14;RPL18A;RPS19;RPS18;RPS3;RPL13;RPS27A;RPL29;RPL28;RPL19,Latent_35
GO_Biological_Process_2023,Peptide Biosynthetic Process (GO:0043043),13/158,2.0838106315815358e-23,1.8129152494759355e-21,0,0,254.04433497536945,13267.531162829826,RPL10;RPL34;RPL13A;RPS14;RPL18A;RPS19;RPS18;RPS3;RPL13;RPS27A;RPL29;RPL28;RPL19,Latent_35
KEGG_2021_Human,Peptide Biosynthetic Process (GO:0043043),13/158,2.0838106315815358e-23,1.8129152494759355e-21,0,0,254.04433497536945,13267.531162829826,RPL10;RPL34;RPL13A;RPS14;RPL18A;RPS19;RPS18;RPS3;RPL13;RPS27A;RPL29;RPL28;RPL19,Latent_35
GO_Biological_Process_2023,Macromolecule Biosynthetic Process (GO:0009059),13/183,1.4978858749381337e-22,8.687738074641176e-21,0,0,216.41176470588235,10875.300883859552,RPL10;RPL34;RPL13A;RPS14;RPL18A;RPS19;RPS18;RPS3;RPL13;RPS27A;RPL29;RPL28;RPL19,Latent_35
KEGG_2021_Human,Macromolecule Biosynthetic Process (GO:0009059),13/183,1.4978858749381337e-22,8.687738074641176e-21,0,0,216.41176470588235,10875.300883859552,RPL10;RPL34;RPL13A;RPS14;RPL18A;RPS19;RPS18;RPS3;RPL13;RPS27A;RPL29;RPL28;RPL19,Latent_35
GO_Biological_Process_2023,Translation (GO:0006412),13/234,3.965323206580379e-21,1.7249155948624651e-19,0,0,166.0420168067227,7800.105942217816,RPL10;RPL34;RPL13A;RPS14;RPL18A;RPS19;RPS18;RPS3;RPL13;RPS27A;RPL29;RPL28;RPL19,Latent_35
KEGG_2021_Human,Translation (GO:0006412),13/234,3.965323206580379e-21,1.7249155948624651e-19,0,0,166.0420168067227,7800.105942217816,RPL10;RPL34;RPL13A;RPS14;RPL18A;RPS19;RPS18;RPS3;RPL13;RPS27A;RPL29;RPL28;RPL19,Latent_35
GO_Biological_Process_2023,Gene Expression (GO:0010467),13/296,8.867269330981739e-20,3.0858097271816452e-18,0,0,129.25845532559313,5670.482473790137,RPL10;RPL34;RPL13A;RPS14;RPL18A;RPS19;RPS18;RPS3;RPL13;RPS27A;RPL29;RPL28;RPL19,Latent_35
KEGG_2021_Human,Gene Expression (GO:0010467),13/296,8.867269330981739e-20,3.0858097271816452e-18,0,0,129.25845532559313,5670.482473790137,RPL10;RPL34;RPL13A;RPS14;RPL18A;RPS19;RPS18;RPS3;RPL13;RPS27A;RPL29;RPL28;RPL19,Latent_35
GO_Biological_Process_2023,Ribosome Assembly (GO:0042255),3/50,1.626462332560456e-05,0.00047167407644253226,0,0,74.84230287859825,825.2500115945311,RPS14;RPL10;RPS19,Latent_35
KEGG_2021_Human,Ribosome Assembly (GO:0042255),3/50,1.626462332560456e-05,0.00047167407644253226,0,0,74.84230287859825,825.2500115945311,RPS14;RPL10;RPS19,Latent_35
GO_Biological_Process_2023,Ribosomal Small Subunit Assembly (GO:0000028),2/17,0.0001280437171265482,0.0031828009685741,0,0,147.88888888888889,1325.548639908665,RPS14;RPS19,Latent_35
KEGG_2021_Human,Ribosomal Small Subunit Assembly (GO:0000028),2/17,0.0001280437171265482,0.0031828009685741,0,0,147.88888888888889,1325.548639908665,RPS14;RPS19,Latent_35
GO_Biological_Process_2023,"Maturation Of SSU-rRNA From Tricistronic rRNA Transcript (SSU-rRNA, 5.8S rRNA, LSU-rRNA) (GO:0000462)",2/30,0.00040637445946356223,0.0082985889435294,0,0,79.17460317460318,618.2139479571657,RPS14;RPS19,Latent_35
GO_Biological_Process_2023,protein-RNA Complex Assembly (GO:0022618),3/150,0.0004292373591480759,0.0082985889435294,0,0,23.809123649459785,184.60405229479696,RPS14;RPL10;RPS19,Latent_35
KEGG_2021_Human,"Maturation Of SSU-rRNA From Tricistronic rRNA Transcript (SSU-rRNA, 5.8S rRNA, LSU-rRNA) (GO:0000462)",2/30,0.00040637445946356223,0.0082985889435294,0,0,79.17460317460318,618.2139479571657,RPS14;RPS19,Latent_35
KEGG_2021_Human,protein-RNA Complex Assembly (GO:0022618),3/150,0.0004292373591480759,0.0082985889435294,0,0,23.809123649459785,184.60405229479696,RPS14;RPL10;RPS19,Latent_35
GO_Biological_Process_2023,Maturation Of SSU-rRNA (GO:0030490),2/38,0.0006535983868982156,0.0113726119320289,0,0,61.55555555555556,451.387965030658,RPS14;RPS19,Latent_35
KEGG_2021_Human,Maturation Of SSU-rRNA (GO:0030490),2/38,0.0006535983868982156,0.0113726119320289,0,0,61.55555555555556,451.387965030658,RPS14;RPS19,Latent_35
GO_Biological_Process_2023,Regulation Of Translation (GO:0006417),3/202,0.0010193970553563,0.0157495951842751,0,0,17.541531185338457,120.8356084971213,RPL10;RPS3;RPL13A,Latent_35
GO_Biological_Process_2023,Erythrocyte Differentiation (GO:0030218),2/49,0.0010861789782258,0.0157495951842751,0,0,47.12293144208038,321.61821357029646,RPS14;RPS19,Latent_35
KEGG_2021_Human,Regulation Of Translation (GO:0006417),3/202,0.0010193970553563,0.0157495951842751,0,0,17.541531185338457,120.8356084971213,RPL10;RPS3;RPL13A,Latent_35
KEGG_2021_Human,Erythrocyte Differentiation (GO:0030218),2/49,0.0010861789782258,0.0157495951842751,0,0,47.12293144208038,321.61821357029646,RPS14;RPS19,Latent_35
GO_Biological_Process_2023,Myeloid Cell Differentiation (GO:0030099),2/57,0.0014670547641947,0.0196359637669144,0,0,40.25252525252525,262.627538609776,RPS14;RPS19,Latent_35
KEGG_2021_Human,Myeloid Cell Differentiation (GO:0030099),2/57,0.0014670547641947,0.0196359637669144,0,0,40.25252525252525,262.627538609776,RPS14;RPS19,Latent_35
GO_Biological_Process_2023,Ribosomal Small Subunit Biogenesis (GO:0042274),2/84,0.0031529901666195,0.0382739356873245,0,0,26.962059620596207,155.2853944898215,RPS14;RPS19,Latent_35
GO_Biological_Process_2023,Cellular Response To Cytokine Stimulus (GO:0071345),3/308,0.0033950626785984,0.0382739356873245,0,0,11.383799421407907,64.72182953459786,DUSP1;RPS3;RPL13A,Latent_35
GO_Biological_Process_2023,Negative Regulation Of Amide Metabolic Process (GO:0034249),2/93,0.0038485584136363,0.0382739356873245,0,0,24.284493284493283,135.02315810678772,RPS3;RPL13A,Latent_35
GO_Biological_Process_2023,Negative Regulation Of Macromolecule Biosynthetic Process (GO:0010558),2/98,0.0042631105931237,0.0382739356873245,0,0,23.01388888888889,125.60419474591951,RPS3;RPL13A,Latent_35
GO_Biological_Process_2023,rRNA Processing (GO:0006364),2/101,0.0045213816583109,0.0382739356873245,0,0,22.31313131313131,120.46720485255872,RPS14;RPS19,Latent_35
GO_Biological_Process_2023,Regulation Of Mitotic Spindle Checkpoint (GO:1903504),1/5,0.0049904406959516,0.0382739356873245,0,0,262.8421052631579,1393.123889480945,DUSP1,Latent_35
GO_Biological_Process_2023,Negative Regulation Of Meiotic Cell Cycle (GO:0051447),1/5,0.0049904406959516,0.0382739356873245,0,0,262.8421052631579,1393.123889480945,DUSP1,Latent_35
GO_Biological_Process_2023,Negative Regulation Of Monocyte Chemotaxis (GO:0090027),1/5,0.0049904406959516,0.0382739356873245,0,0,262.8421052631579,1393.123889480945,DUSP1,Latent_35
GO_Biological_Process_2023,Embryonic Brain Development (GO:1990403),1/5,0.0049904406959516,0.0382739356873245,0,0,262.8421052631579,1393.123889480945,RPL10,Latent_35
GO_Biological_Process_2023,Negative Regulation Of Translation (GO:0017148),2/107,0.0050591983954509,0.0382739356873245,0,0,21.03174603174603,111.18531868631156,RPS3;RPL13A,Latent_35
KEGG_2021_Human,Ribosomal Small Subunit Biogenesis (GO:0042274),2/84,0.0031529901666195,0.0382739356873245,0,0,26.962059620596207,155.2853944898215,RPS14;RPS19,Latent_35
KEGG_2021_Human,Cellular Response To Cytokine Stimulus (GO:0071345),3/308,0.0033950626785984,0.0382739356873245,0,0,11.383799421407907,64.72182953459786,DUSP1;RPS3;RPL13A,Latent_35
KEGG_2021_Human,Negative Regulation Of Amide Metabolic Process (GO:0034249),2/93,0.0038485584136363,0.0382739356873245,0,0,24.284493284493283,135.02315810678772,RPS3;RPL13A,Latent_35
KEGG_2021_Human,Negative Regulation Of Macromolecule Biosynthetic Process (GO:0010558),2/98,0.0042631105931237,0.0382739356873245,0,0,23.01388888888889,125.60419474591951,RPS3;RPL13A,Latent_35
KEGG_2021_Human,rRNA Processing (GO:0006364),2/101,0.0045213816583109,0.0382739356873245,0,0,22.31313131313131,120.46720485255872,RPS14;RPS19,Latent_35
KEGG_2021_Human,Regulation Of Mitotic Spindle Checkpoint (GO:1903504),1/5,0.0049904406959516,0.0382739356873245,0,0,262.8421052631579,1393.123889480945,DUSP1,Latent_35
KEGG_2021_Human,Negative Regulation Of Meiotic Cell Cycle (GO:0051447),1/5,0.0049904406959516,0.0382739356873245,0,0,262.8421052631579,1393.123889480945,DUSP1,Latent_35
KEGG_2021_Human,Negative Regulation Of Monocyte Chemotaxis (GO:0090027),1/5,0.0049904406959516,0.0382739356873245,0,0,262.8421052631579,1393.123889480945,DUSP1,Latent_35
KEGG_2021_Human,Embryonic Brain Development (GO:1990403),1/5,0.0049904406959516,0.0382739356873245,0,0,262.8421052631579,1393.123889480945,RPL10,Latent_35
KEGG_2021_Human,Negative Regulation Of Translation (GO:0017148),2/107,0.0050591983954509,0.0382739356873245,0,0,21.03174603174603,111.18531868631156,RPS3;RPL13A,Latent_35
GO_Biological_Process_2023,Negative Regulation Of Inflammatory Response (GO:0050728),2/111,0.0054333720331805,0.0393919472405592,0,0,20.25586136595311,105.63827374651856,RPS19;AOAH,Latent_35
KEGG_2021_Human,Negative Regulation Of Inflammatory Response (GO:0050728),2/111,0.0054333720331805,0.0393919472405592,0,0,20.25586136595311,105.63827374651856,RPS19;AOAH,Latent_35
GO_Biological_Process_2023,Negative Regulation Of p38MAPK Cascade (GO:1903753),1/6,0.0059856908667451,0.0409431190787373,0,0,210.26315789473685,1076.2074808846232,DUSP1,Latent_35
GO_Biological_Process_2023,Ribonucleoprotein Complex Biogenesis (GO:0022613),2/118,0.0061179373336044,0.0409431190787373,0,0,19.026819923371647,96.97076380041771,RPS14;RPS19,Latent_35
KEGG_2021_Human,Negative Regulation Of p38MAPK Cascade (GO:1903753),1/6,0.0059856908667451,0.0409431190787373,0,0,210.26315789473685,1076.2074808846232,DUSP1,Latent_35
KEGG_2021_Human,Ribonucleoprotein Complex Biogenesis (GO:0022613),2/118,0.0061179373336044,0.0409431190787373,0,0,19.026819923371647,96.97076380041771,RPS14;RPS19,Latent_35
GO_Biological_Process_2023,Regulation Of Endodeoxyribonuclease Activity (GO:0032071),1/7,0.0069799958941807,0.044388200641796,0,0,175.21052631578948,869.8689177892479,RPS3,Latent_35
GO_Biological_Process_2023,Cyclooxygenase Pathway (GO:0019371),1/8,0.0079733565142536,0.044388200641796,0,0,150.17293233082708,725.5830081396662,TBXAS1,Latent_35
GO_Biological_Process_2023,Positive Regulation Of Respiratory Burst (GO:0060267),1/8,0.0079733565142536,0.044388200641796,0,0,150.17293233082708,725.5830081396662,RPS19,Latent_35
GO_Biological_Process_2023,Regulation Of Mitotic Sister Chromatid Segregation (GO:0033047),1/8,0.0079733565142536,0.044388200641796,0,0,150.17293233082708,725.5830081396662,DUSP1,Latent_35
GO_Biological_Process_2023,Modification-Dependent Macromolecule Catabolic Process (GO:0043632),1/8,0.0079733565142536,0.044388200641796,0,0,150.17293233082708,725.5830081396662,RPS27A,Latent_35
GO_Biological_Process_2023,Negative Regulation Of Cellular Biosynthetic Process (GO:0031327),2/137,0.0081633472444682,0.044388200641796,0,0,16.333333333333332,78.53231621226735,RPS3;RPL13A,Latent_35
KEGG_2021_Human,Regulation Of Endodeoxyribonuclease Activity (GO:0032071),1/7,0.0069799958941807,0.044388200641796,0,0,175.21052631578948,869.8689177892479,RPS3,Latent_35
KEGG_2021_Human,Cyclooxygenase Pathway (GO:0019371),1/8,0.0079733565142536,0.044388200641796,0,0,150.17293233082708,725.5830081396662,TBXAS1,Latent_35
KEGG_2021_Human,Positive Regulation Of Respiratory Burst (GO:0060267),1/8,0.0079733565142536,0.044388200641796,0,0,150.17293233082708,725.5830081396662,RPS19,Latent_35
KEGG_2021_Human,Regulation Of Mitotic Sister Chromatid Segregation (GO:0033047),1/8,0.0079733565142536,0.044388200641796,0,0,150.17293233082708,725.5830081396662,DUSP1,Latent_35
KEGG_2021_Human,Modification-Dependent Macromolecule Catabolic Process (GO:0043632),1/8,0.0079733565142536,0.044388200641796,0,0,150.17293233082708,725.5830081396662,RPS27A,Latent_35
KEGG_2021_Human,Negative Regulation Of Cellular Biosynthetic Process (GO:0031327),2/137,0.0081633472444682,0.044388200641796,0,0,16.333333333333332,78.53231621226735,RPS3;RPL13A,Latent_35
GO_Biological_Process_2023,Negative Regulation Of Protein Metabolic Process (GO:0051248),2/147,0.0093473086864774,0.0492858094377903,0,0,15.199233716475096,71.02095504803928,RPS3;RPL13A,Latent_35
KEGG_2021_Human,Negative Regulation Of Protein Metabolic Process (GO:0051248),2/147,0.0093473086864774,0.0492858094377903,0,0,15.199233716475096,71.02095504803928,RPS3;RPL13A,Latent_35
KEGG_2021_Human,Amyloid Fibril Formation (GO:1990000),3/24,1.7076087361357007e-06,0.000604493492592038,0,0,167.72268907563026,2227.4271785014485,CD36;B2M;SNCA,Latent_37
GO_Biological_Process_2023,Amyloid Fibril Formation (GO:1990000),3/24,1.7076087361357007e-06,0.000604493492592038,0,0,167.72268907563026,2227.4271785014485,CD36;B2M;SNCA,Latent_37
KEGG_2021_Human,Response To Iron Ion (GO:0010039),2/12,6.232515501994467e-05,0.0110315524385302,0,0,221.88888888888889,2148.58238291385,B2M;SNCA,Latent_37
GO_Biological_Process_2023,Response To Iron Ion (GO:0010039),2/12,6.232515501994467e-05,0.0110315524385302,0,0,221.88888888888889,2148.58238291385,B2M;SNCA,Latent_37
KEGG_2021_Human,Regulation Of Cartilage Development (GO:0061035),2/17,0.0001280437171265482,0.0151091586209326,0,0,147.88888888888889,1325.548639908665,MBOAT2;SOX6,Latent_37
GO_Biological_Process_2023,Regulation Of Cartilage Development (GO:0061035),2/17,0.0001280437171265482,0.0151091586209326,0,0,147.88888888888889,1325.548639908665,MBOAT2;SOX6,Latent_37
KEGG_2021_Human,Supramolecular Fiber Organization (GO:0097435),4/316,0.0002425502233469864,0.0179561532892823,0,0,15.759615384615383,131.18779412160654,SPTA1;CD36;B2M;SNCA,Latent_37
KEGG_2021_Human,Regulation Of Chondrocyte Differentiation (GO:0032330),2/25,0.0002810990498662536,0.0179561532892823,0,0,96.41062801932368,788.3307567801231,MBOAT2;SOX6,Latent_37
KEGG_2021_Human,Regulation Of Reactive Oxygen Species Biosynthetic Process (GO:1903426),2/26,0.00030434158117427734,0.0179561532892823,0,0,92.38888888888889,748.1060808668657,CD36;SNCA,Latent_37
GO_Biological_Process_2023,Supramolecular Fiber Organization (GO:0097435),4/316,0.0002425502233469864,0.0179561532892823,0,0,15.759615384615383,131.18779412160654,SPTA1;CD36;B2M;SNCA,Latent_37
GO_Biological_Process_2023,Regulation Of Chondrocyte Differentiation (GO:0032330),2/25,0.0002810990498662536,0.0179561532892823,0,0,96.41062801932368,788.3307567801231,MBOAT2;SOX6,Latent_37
GO_Biological_Process_2023,Regulation Of Reactive Oxygen Species Biosynthetic Process (GO:1903426),2/26,0.00030434158117427734,0.0179561532892823,0,0,92.38888888888889,748.1060808668657,CD36;SNCA,Latent_37
KEGG_2021_Human,Regulation Of Receptor-Mediated Endocytosis (GO:0048259),2/39,0.0006885154392429702,0.0348192093560016,0,0,59.888888888888886,436.0493719555131,BMP2K;B2M,Latent_37
GO_Biological_Process_2023,Regulation Of Receptor-Mediated Endocytosis (GO:0048259),2/39,0.0006885154392429702,0.0348192093560016,0,0,59.888888888888886,436.0493719555131,BMP2K;B2M,Latent_37
KEGG_2021_Human,Cytoplasmic Translation (GO:0002181),9/93,1.0995137002951871e-16,1.8471830164959147e-14,0,0,193.7922077922078,7121.184103307194,RPS26;RPS15;RPL41;RPS16;RPLP1;RPL27A;RPL37A;RPL36;RPL35,Latent_38
GO_Biological_Process_2023,Cytoplasmic Translation (GO:0002181),9/93,1.0995137002951871e-16,1.8471830164959147e-14,0,0,193.7922077922078,7121.184103307194,RPS26;RPS15;RPL41;RPS16;RPLP1;RPL27A;RPL37A;RPL36;RPL35,Latent_38
KEGG_2021_Human,Peptide Biosynthetic Process (GO:0043043),9/158,1.4842054855367587e-14,1.2467326078508774e-12,0,0,108.89505796217206,3467.361483099312,RPS26;RPS15;RPL41;RPS16;RPLP1;RPL27A;RPL37A;RPL36;RPL35,Latent_38
GO_Biological_Process_2023,Peptide Biosynthetic Process (GO:0043043),9/158,1.4842054855367587e-14,1.2467326078508774e-12,0,0,108.89505796217206,3467.361483099312,RPS26;RPS15;RPL41;RPS16;RPLP1;RPL27A;RPL37A;RPL36;RPL35,Latent_38
KEGG_2021_Human,Macromolecule Biosynthetic Process (GO:0009059),9/183,5.6784722965420056e-14,3.179944486063523e-12,0,0,93.13166144200628,2840.4699525972906,RPS26;RPS15;RPL41;RPS16;RPLP1;RPL27A;RPL37A;RPL36;RPL35,Latent_38
GO_Biological_Process_2023,Macromolecule Biosynthetic Process (GO:0009059),9/183,5.6784722965420056e-14,3.179944486063523e-12,0,0,93.13166144200628,2840.4699525972906,RPS26;RPS15;RPL41;RPS16;RPLP1;RPL27A;RPL37A;RPL36;RPL35,Latent_38
KEGG_2021_Human,Translation (GO:0006412),9/234,5.287274190379482e-13,2.2206551599593825e-11,0,0,71.83636363636364,2030.6921203977545,RPS26;RPS15;RPL41;RPS16;RPLP1;RPL27A;RPL37A;RPL36;RPL35,Latent_38
GO_Biological_Process_2023,Translation (GO:0006412),9/234,5.287274190379482e-13,2.2206551599593825e-11,0,0,71.83636363636364,2030.6921203977545,RPS26;RPS15;RPL41;RPS16;RPLP1;RPL27A;RPL37A;RPL36;RPL35,Latent_38
KEGG_2021_Human,Gene Expression (GO:0010467),9/296,4.393062267227235e-12,1.476068921788351e-10,0,0,56.14095660437124,1468.141851699688,RPS26;RPS15;RPL41;RPS16;RPLP1;RPL27A;RPL37A;RPL36;RPL35,Latent_38
GO_Biological_Process_2023,Gene Expression (GO:0010467),9/296,4.393062267227235e-12,1.476068921788351e-10,0,0,56.14095660437124,1468.141851699688,RPS26;RPS15;RPL41;RPS16;RPLP1;RPL27A;RPL37A;RPL36;RPL35,Latent_38
KEGG_2021_Human,Positive Regulation Of B Cell Receptor Signaling Pathway (GO:0050861),2/6,1.421569389186376e-05,0.0003980394289721853,0,0,554.8888888888889,6193.205890662571,PRKCB;FOXP1,Latent_38
GO_Biological_Process_2023,Positive Regulation Of B Cell Receptor Signaling Pathway (GO:0050861),2/6,1.421569389186376e-05,0.0003980394289721853,0,0,554.8888888888889,6193.205890662571,PRKCB;FOXP1,Latent_38
KEGG_2021_Human,Regulation Of B Cell Receptor Signaling Pathway (GO:0050855),2/16,0.0001130474302618912,0.0027131383262853,0,0,158.46031746031747,1440.0403167035038,PRKCB;FOXP1,Latent_38
GO_Biological_Process_2023,Regulation Of B Cell Receptor Signaling Pathway (GO:0050855),2/16,0.0001130474302618912,0.0027131383262853,0,0,158.46031746031747,1440.0403167035038,PRKCB;FOXP1,Latent_38
KEGG_2021_Human,Positive Regulation Of Antigen Receptor-Mediated Signaling Pathway (GO:0050857),2/20,0.00017856345892201654,0.0037498326373623,0,0,123.22222222222224,1063.4775841223657,PRKCB;FOXP1,Latent_38
GO_Biological_Process_2023,Positive Regulation Of Antigen Receptor-Mediated Signaling Pathway (GO:0050857),2/20,0.00017856345892201654,0.0037498326373623,0,0,123.22222222222224,1063.4775841223657,PRKCB;FOXP1,Latent_38
KEGG_2021_Human,T Cell Receptor Signaling Pathway (GO:0050852),3/95,0.00011161353083343152,0.0362886557730592,0,0,38.148337595907925,347.16773589590264,FYB1;PTPRC;PLCG2,Latent_4
KEGG_2021_Human,Positive Regulation Of Interleukin-2 Production (GO:0032743),2/25,0.0002810990498662536,0.0362886557730592,0,0,96.41062801932368,788.3307567801231,PTPRC;PLCG2,Latent_4
KEGG_2021_Human,Antigen Receptor-Mediated Signaling Pathway (GO:0050851),3/134,0.00030840217370871873,0.0362886557730592,0,0,26.738661876964525,216.15817338090815,FYB1;PTPRC;PLCG2,Latent_4
GO_Biological_Process_2023,T Cell Receptor Signaling Pathway (GO:0050852),3/95,0.00011161353083343152,0.0362886557730592,0,0,38.148337595907925,347.16773589590264,FYB1;PTPRC;PLCG2,Latent_4
GO_Biological_Process_2023,Positive Regulation Of Interleukin-2 Production (GO:0032743),2/25,0.0002810990498662536,0.0362886557730592,0,0,96.41062801932368,788.3307567801231,PTPRC;PLCG2,Latent_4
GO_Biological_Process_2023,Antigen Receptor-Mediated Signaling Pathway (GO:0050851),3/134,0.00030840217370871873,0.0362886557730592,0,0,26.738661876964525,216.15817338090815,FYB1;PTPRC;PLCG2,Latent_4
KEGG_2021_Human,Negative Regulation Of Sequestering Of Calcium Ion (GO:0051283),2/36,0.000586430503116779,0.0392077745227415,0,0,65.18300653594771,485.05650058138406,PTPRC;PLCG2,Latent_4
KEGG_2021_Human,Release Of Sequestered Calcium Ion Into Cytosol (GO:0051209),2/39,0.0006885154392429702,0.0392077745227415,0,0,59.888888888888886,436.0493719555131,PTPRC;PLCG2,Latent_4
KEGG_2021_Human,Positive Regulation Of Biosynthetic Process (GO:0009891),2/44,0.0008763666329947344,0.0392077745227415,0,0,52.74603174603175,371.31761233322095,PLCG2;VIM,Latent_4
KEGG_2021_Human,B Cell Receptor Signaling Pathway (GO:0050853),2/46,0.0009576675617417908,0.0392077745227415,0,0,50.343434343434346,349.9377081556704,PTPRC;PLCG2,Latent_4
KEGG_2021_Human,Regulation Of mRNA Catabolic Process (GO:0061013),2/46,0.0009576675617417908,0.0392077745227415,0,0,50.343434343434346,349.9377081556704,PRKCA;VIM,Latent_4
KEGG_2021_Human,Regulation Of Interleukin-2 Production (GO:0032663),2/47,0.0009996316450557327,0.0392077745227415,0,0,49.22222222222222,340.0331999878986,PTPRC;PLCG2,Latent_4
GO_Biological_Process_2023,Negative Regulation Of Sequestering Of Calcium Ion (GO:0051283),2/36,0.000586430503116779,0.0392077745227415,0,0,65.18300653594771,485.05650058138406,PTPRC;PLCG2,Latent_4
GO_Biological_Process_2023,Release Of Sequestered Calcium Ion Into Cytosol (GO:0051209),2/39,0.0006885154392429702,0.0392077745227415,0,0,59.888888888888886,436.0493719555131,PTPRC;PLCG2,Latent_4
GO_Biological_Process_2023,Positive Regulation Of Biosynthetic Process (GO:0009891),2/44,0.0008763666329947344,0.0392077745227415,0,0,52.74603174603175,371.31761233322095,PLCG2;VIM,Latent_4
GO_Biological_Process_2023,B Cell Receptor Signaling Pathway (GO:0050853),2/46,0.0009576675617417908,0.0392077745227415,0,0,50.343434343434346,349.9377081556704,PTPRC;PLCG2,Latent_4
GO_Biological_Process_2023,Regulation Of mRNA Catabolic Process (GO:0061013),2/46,0.0009576675617417908,0.0392077745227415,0,0,50.343434343434346,349.9377081556704,PRKCA;VIM,Latent_4
GO_Biological_Process_2023,Regulation Of Interleukin-2 Production (GO:0032663),2/47,0.0009996316450557327,0.0392077745227415,0,0,49.22222222222222,340.0331999878986,PTPRC;PLCG2,Latent_4
KEGG_2021_Human,Positive Regulation Of B Cell Activation (GO:0050871),2/52,0.00122252374335,0.0431550881402577,0,0,44.28888888888889,297.0383992061624,PTPRC;SH3KBP1,Latent_4
GO_Biological_Process_2023,Positive Regulation Of B Cell Activation (GO:0050871),2/52,0.00122252374335,0.0431550881402577,0,0,44.28888888888889,297.0383992061624,PTPRC;SH3KBP1,Latent_4
KEGG_2021_Human,Negative Regulation Of Cytokine-Mediated Signaling Pathway (GO:0001960),2/59,0.0015708812917978,0.047774929538479,0,0,38.83625730994152,250.73147869740143,PTPRC;SAMHD1,Latent_4
KEGG_2021_Human,Positive Regulation Of Phagocytosis (GO:0050766),2/60,0.0016240769248208,0.047774929538479,0,0,38.16475095785441,245.1251605267273,PTPRC;PLCG2,Latent_4
GO_Biological_Process_2023,Negative Regulation Of Cytokine-Mediated Signaling Pathway (GO:0001960),2/59,0.0015708812917978,0.047774929538479,0,0,38.83625730994152,250.73147869740143,PTPRC;SAMHD1,Latent_4
GO_Biological_Process_2023,Positive Regulation Of Phagocytosis (GO:0050766),2/60,0.0016240769248208,0.047774929538479,0,0,38.16475095785441,245.1251605267273,PTPRC;PLCG2,Latent_4
KEGG_2021_Human,B Cell Differentiation (GO:0030183),2/68,0.0020802097196089,0.0493788570093249,0,0,33.525252525252526,207.02804146104276,PTPRC;PLCG2,Latent_4
KEGG_2021_Human,Positive Regulation Of Cell Migration (GO:0030335),3/272,0.0023894513760955,0.0493788570093249,0,0,12.930898753553466,78.05984645250848,PTPRC;PLCG2;PRKCA,Latent_4
KEGG_2021_Human,Regulation Of mRNA Stability (GO:0043488),2/74,0.0024576407666974,0.0493788570093249,0,0,30.72222222222222,184.5961136225927,PRKCA;VIM,Latent_4
KEGG_2021_Human,Positive Regulation Of Tumor Necrosis Factor Production (GO:0032760),2/78,0.0027258980360561,0.0493788570093249,0,0,29.09941520467836,171.83080571225088,PTPRC;PLCG2,Latent_4
KEGG_2021_Human,Positive Regulation Of Tumor Necrosis Factor Superfamily Cytokine Production (GO:1903557),2/82,0.0030073484602769,0.0493788570093249,0,0,27.63888888888889,160.49063933790202,PTPRC;PLCG2,Latent_4
KEGG_2021_Human,Calcium Ion Transmembrane Import Into Cytosol (GO:0097553),2/83,0.0030797608907503,0.0493788570093249,0,0,27.296296296296298,157.851842417783,PTPRC;PLCG2,Latent_4
KEGG_2021_Human,Calcium-Mediated Signaling (GO:0019722),2/85,0.0032270347482887,0.0493788570093249,0,0,26.63587684069612,152.78849293856263,PTPRC;PLCG2,Latent_4
KEGG_2021_Human,Positive Regulation Of MAPK Cascade (GO:0043410),3/310,0.003457442375649,0.0493788570093249,0,0,11.30848821613336,64.08776026031975,PTPRC;PLCG2;PRKCA,Latent_4
KEGG_2021_Human,Regulation Of Peptidyl-Tyrosine Phosphorylation (GO:0050730),2/90,0.0036094335277519,0.0493788570093249,0,0,25.116161616161616,141.25842758872437,PTPRC;PLCG2,Latent_4
KEGG_2021_Human,Lymphocyte Differentiation (GO:0030098),2/91,0.003688337741346,0.0493788570093249,0,0,24.83270911360799,139.12722450187454,PTPRC;PLCG2,Latent_4
KEGG_2021_Human,B Cell Activation (GO:0042113),2/92,0.0037680465442261,0.0493788570093249,0,0,24.55555555555556,137.04943154835937,PTPRC;PLCG2,Latent_4
KEGG_2021_Human,Positive Regulation Of Epithelial Cell Migration (GO:0010634),2/95,0.0040119852700405,0.0493788570093249,0,0,23.759856630824373,131.11803417110073,PLCG2;PRKCA,Latent_4
KEGG_2021_Human,L-ascorbic Acid Metabolic Process (GO:0019852),1/5,0.0049904406959516,0.0493788570093249,0,0,262.8421052631579,1393.123889480945,SLC2A1,Latent_4
KEGG_2021_Human,Purine Deoxyribonucleotide Catabolic Process (GO:0009155),1/5,0.0049904406959516,0.0493788570093249,0,0,262.8421052631579,1393.123889480945,SAMHD1,Latent_4
KEGG_2021_Human,Purine-Containing Compound Catabolic Process (GO:0072523),1/5,0.0049904406959516,0.0493788570093249,0,0,262.8421052631579,1393.123889480945,DPYD,Latent_4
KEGG_2021_Human,Positive Regulation Of I-kappaB Phosphorylation (GO:1903721),1/5,0.0049904406959516,0.0493788570093249,0,0,262.8421052631579,1393.123889480945,PLCG2,Latent_4
KEGG_2021_Human,Positive Regulation Of Interleukin-23 Production (GO:0032747),1/6,0.0059856908667451,0.0493788570093249,0,0,210.26315789473685,1076.2074808846232,PLCG2,Latent_4
KEGG_2021_Human,DNA Strand Resection Involved In Replication Fork Processing (GO:0110025),1/6,0.0059856908667451,0.0493788570093249,0,0,210.26315789473685,1076.2074808846232,SAMHD1,Latent_4
KEGG_2021_Human,Positive Regulation Of Lipopolysaccharide-Mediated Signaling Pathway (GO:0031666),1/6,0.0059856908667451,0.0493788570093249,0,0,210.26315789473685,1076.2074808846232,PRKCA,Latent_4
KEGG_2021_Human,Regulation Of Glial Cell Apoptotic Process (GO:0034350),1/6,0.0059856908667451,0.0493788570093249,0,0,210.26315789473685,1076.2074808846232,PRKCA,Latent_4
KEGG_2021_Human,Mitotic Nuclear Membrane Disassembly (GO:0007077),1/6,0.0059856908667451,0.0493788570093249,0,0,210.26315789473685,1076.2074808846232,PRKCA,Latent_4
KEGG_2021_Human,Regulation Of I-kappaB Phosphorylation (GO:1903719),1/6,0.0059856908667451,0.0493788570093249,0,0,210.26315789473685,1076.2074808846232,PLCG2,Latent_4
KEGG_2021_Human,Desmosome Organization (GO:0002934),1/6,0.0059856908667451,0.0493788570093249,0,0,210.26315789473685,1076.2074808846232,PRKCA,Latent_4
KEGG_2021_Human,Regulation Of Antigen Receptor-Mediated Signaling Pathway (GO:0050854),1/6,0.0059856908667451,0.0493788570093249,0,0,210.26315789473685,1076.2074808846232,PTPRC,Latent_4
KEGG_2021_Human,Nucleobase Catabolic Process (GO:0046113),1/6,0.0059856908667451,0.0493788570093249,0,0,210.26315789473685,1076.2074808846232,DPYD,Latent_4
KEGG_2021_Human,Positive Regulation Of Fibroblast Apoptotic Process (GO:2000271),1/6,0.0059856908667451,0.0493788570093249,0,0,210.26315789473685,1076.2074808846232,STK17B,Latent_4
KEGG_2021_Human,Nucleotide Catabolic Process (GO:0009166),1/6,0.0059856908667451,0.0493788570093249,0,0,210.26315789473685,1076.2074808846232,SAMHD1,Latent_4
KEGG_2021_Human,Cellular Response To Lipopolysaccharide (GO:0071222),2/124,0.0067345291088687,0.0493788570093249,0,0,18.0856102003643,90.4372274339782,PLCG2;VIM,Latent_4
KEGG_2021_Human,Negative Regulation Of Glial Cell Apoptotic Process (GO:0034351),1/7,0.0069799958941807,0.0493788570093249,0,0,175.21052631578948,869.8689177892479,PRKCA,Latent_4
KEGG_2021_Human,Negative Regulation Of Microglial Cell Activation (GO:1903979),1/7,0.0069799958941807,0.0493788570093249,0,0,175.21052631578948,869.8689177892479,PTPRC,Latent_4
KEGG_2021_Human,Pyrimidine Nucleobase Catabolic Process (GO:0006208),1/7,0.0069799958941807,0.0493788570093249,0,0,175.21052631578948,869.8689177892479,DPYD,Latent_4
KEGG_2021_Human,Natural Killer Cell Differentiation (GO:0001779),1/7,0.0069799958941807,0.0493788570093249,0,0,175.21052631578948,869.8689177892479,PTPRC,Latent_4
KEGG_2021_Human,Negative Regulation Of T Cell Mediated Cytotoxicity (GO:0001915),1/7,0.0069799958941807,0.0493788570093249,0,0,175.21052631578948,869.8689177892479,PTPRC,Latent_4
KEGG_2021_Human,Somatic Hypermutation Of Immunoglobulin Genes (GO:0016446),1/7,0.0069799958941807,0.0493788570093249,0,0,175.21052631578948,869.8689177892479,SAMHD1,Latent_4
KEGG_2021_Human,Regulation Of Tumor Necrosis Factor Production (GO:0032680),2/127,0.0070530421740909,0.0493788570093249,0,0,17.648888888888887,87.43782388318907,PTPRC;PLCG2,Latent_4
KEGG_2021_Human,Positive Regulation Of Peptidyl-Tyrosine Phosphorylation (GO:0050731),2/130,0.0073783141926676,0.0493788570093249,0,0,17.23263888888889,84.5986448078777,PTPRC;PLCG2,Latent_4
KEGG_2021_Human,Positive Regulation Of Macrophage Cytokine Production (GO:0060907),1/8,0.0079733565142536,0.0493788570093249,0,0,150.17293233082708,725.5830081396662,PLCG2,Latent_4
KEGG_2021_Human,Positive Regulation Of Membrane Invagination (GO:1905155),1/8,0.0079733565142536,0.0493788570093249,0,0,150.17293233082708,725.5830081396662,PLCG2,Latent_4
KEGG_2021_Human,Regulation Of Fibroblast Apoptotic Process (GO:2000269),1/8,0.0079733565142536,0.0493788570093249,0,0,150.17293233082708,725.5830081396662,STK17B,Latent_4
KEGG_2021_Human,Cellular Response To Muramyl Dipeptide (GO:0071225),1/8,0.0079733565142536,0.0493788570093249,0,0,150.17293233082708,725.5830081396662,VIM,Latent_4
KEGG_2021_Human,Pyrimidine-Containing Compound Catabolic Process (GO:0072529),1/8,0.0079733565142536,0.0493788570093249,0,0,150.17293233082708,725.5830081396662,DPYD,Latent_4
KEGG_2021_Human,Regulation Of Interleukin-23 Production (GO:0032667),1/8,0.0079733565142536,0.0493788570093249,0,0,150.17293233082708,725.5830081396662,PLCG2,Latent_4
KEGG_2021_Human,Dehydroascorbic Acid Transport (GO:0070837),1/8,0.0079733565142536,0.0493788570093249,0,0,150.17293233082708,725.5830081396662,SLC2A1,Latent_4
KEGG_2021_Human,Positive Regulation Of Dendritic Cell Cytokine Production (GO:0002732),1/8,0.0079733565142536,0.0493788570093249,0,0,150.17293233082708,725.5830081396662,PLCG2,Latent_4
KEGG_2021_Human,Nuclear Membrane Disassembly (GO:0051081),1/8,0.0079733565142536,0.0493788570093249,0,0,150.17293233082708,725.5830081396662,PRKCA,Latent_4
GO_Biological_Process_2023,B Cell Differentiation (GO:0030183),2/68,0.0020802097196089,0.0493788570093249,0,0,33.525252525252526,207.02804146104276,PTPRC;PLCG2,Latent_4
GO_Biological_Process_2023,Positive Regulation Of Cell Migration (GO:0030335),3/272,0.0023894513760955,0.0493788570093249,0,0,12.930898753553466,78.05984645250848,PTPRC;PLCG2;PRKCA,Latent_4
GO_Biological_Process_2023,Regulation Of mRNA Stability (GO:0043488),2/74,0.0024576407666974,0.0493788570093249,0,0,30.72222222222222,184.5961136225927,PRKCA;VIM,Latent_4
GO_Biological_Process_2023,Positive Regulation Of Tumor Necrosis Factor Production (GO:0032760),2/78,0.0027258980360561,0.0493788570093249,0,0,29.09941520467836,171.83080571225088,PTPRC;PLCG2,Latent_4
GO_Biological_Process_2023,Positive Regulation Of Tumor Necrosis Factor Superfamily Cytokine Production (GO:1903557),2/82,0.0030073484602769,0.0493788570093249,0,0,27.63888888888889,160.49063933790202,PTPRC;PLCG2,Latent_4
GO_Biological_Process_2023,Calcium Ion Transmembrane Import Into Cytosol (GO:0097553),2/83,0.0030797608907503,0.0493788570093249,0,0,27.296296296296298,157.851842417783,PTPRC;PLCG2,Latent_4
GO_Biological_Process_2023,Calcium-Mediated Signaling (GO:0019722),2/85,0.0032270347482887,0.0493788570093249,0,0,26.63587684069612,152.78849293856263,PTPRC;PLCG2,Latent_4
GO_Biological_Process_2023,Positive Regulation Of MAPK Cascade (GO:0043410),3/310,0.003457442375649,0.0493788570093249,0,0,11.30848821613336,64.08776026031975,PTPRC;PLCG2;PRKCA,Latent_4
GO_Biological_Process_2023,Regulation Of Peptidyl-Tyrosine Phosphorylation (GO:0050730),2/90,0.0036094335277519,0.0493788570093249,0,0,25.116161616161616,141.25842758872437,PTPRC;PLCG2,Latent_4
GO_Biological_Process_2023,Lymphocyte Differentiation (GO:0030098),2/91,0.003688337741346,0.0493788570093249,0,0,24.83270911360799,139.12722450187454,PTPRC;PLCG2,Latent_4
GO_Biological_Process_2023,B Cell Activation (GO:0042113),2/92,0.0037680465442261,0.0493788570093249,0,0,24.55555555555556,137.04943154835937,PTPRC;PLCG2,Latent_4
GO_Biological_Process_2023,Positive Regulation Of Epithelial Cell Migration (GO:0010634),2/95,0.0040119852700405,0.0493788570093249,0,0,23.759856630824373,131.11803417110073,PLCG2;PRKCA,Latent_4
GO_Biological_Process_2023,L-ascorbic Acid Metabolic Process (GO:0019852),1/5,0.0049904406959516,0.0493788570093249,0,0,262.8421052631579,1393.123889480945,SLC2A1,Latent_4
GO_Biological_Process_2023,Purine Deoxyribonucleotide Catabolic Process (GO:0009155),1/5,0.0049904406959516,0.0493788570093249,0,0,262.8421052631579,1393.123889480945,SAMHD1,Latent_4
GO_Biological_Process_2023,Purine-Containing Compound Catabolic Process (GO:0072523),1/5,0.0049904406959516,0.0493788570093249,0,0,262.8421052631579,1393.123889480945,DPYD,Latent_4
GO_Biological_Process_2023,Positive Regulation Of I-kappaB Phosphorylation (GO:1903721),1/5,0.0049904406959516,0.0493788570093249,0,0,262.8421052631579,1393.123889480945,PLCG2,Latent_4
GO_Biological_Process_2023,Positive Regulation Of Interleukin-23 Production (GO:0032747),1/6,0.0059856908667451,0.0493788570093249,0,0,210.26315789473685,1076.2074808846232,PLCG2,Latent_4
GO_Biological_Process_2023,DNA Strand Resection Involved In Replication Fork Processing (GO:0110025),1/6,0.0059856908667451,0.0493788570093249,0,0,210.26315789473685,1076.2074808846232,SAMHD1,Latent_4
GO_Biological_Process_2023,Positive Regulation Of Lipopolysaccharide-Mediated Signaling Pathway (GO:0031666),1/6,0.0059856908667451,0.0493788570093249,0,0,210.26315789473685,1076.2074808846232,PRKCA,Latent_4
GO_Biological_Process_2023,Regulation Of Glial Cell Apoptotic Process (GO:0034350),1/6,0.0059856908667451,0.0493788570093249,0,0,210.26315789473685,1076.2074808846232,PRKCA,Latent_4
GO_Biological_Process_2023,Mitotic Nuclear Membrane Disassembly (GO:0007077),1/6,0.0059856908667451,0.0493788570093249,0,0,210.26315789473685,1076.2074808846232,PRKCA,Latent_4
GO_Biological_Process_2023,Regulation Of I-kappaB Phosphorylation (GO:1903719),1/6,0.0059856908667451,0.0493788570093249,0,0,210.26315789473685,1076.2074808846232,PLCG2,Latent_4
GO_Biological_Process_2023,Desmosome Organization (GO:0002934),1/6,0.0059856908667451,0.0493788570093249,0,0,210.26315789473685,1076.2074808846232,PRKCA,Latent_4
GO_Biological_Process_2023,Regulation Of Antigen Receptor-Mediated Signaling Pathway (GO:0050854),1/6,0.0059856908667451,0.0493788570093249,0,0,210.26315789473685,1076.2074808846232,PTPRC,Latent_4
GO_Biological_Process_2023,Nucleobase Catabolic Process (GO:0046113),1/6,0.0059856908667451,0.0493788570093249,0,0,210.26315789473685,1076.2074808846232,DPYD,Latent_4
GO_Biological_Process_2023,Positive Regulation Of Fibroblast Apoptotic Process (GO:2000271),1/6,0.0059856908667451,0.0493788570093249,0,0,210.26315789473685,1076.2074808846232,STK17B,Latent_4
GO_Biological_Process_2023,Nucleotide Catabolic Process (GO:0009166),1/6,0.0059856908667451,0.0493788570093249,0,0,210.26315789473685,1076.2074808846232,SAMHD1,Latent_4
GO_Biological_Process_2023,Cellular Response To Lipopolysaccharide (GO:0071222),2/124,0.0067345291088687,0.0493788570093249,0,0,18.0856102003643,90.4372274339782,PLCG2;VIM,Latent_4
GO_Biological_Process_2023,Negative Regulation Of Glial Cell Apoptotic Process (GO:0034351),1/7,0.0069799958941807,0.0493788570093249,0,0,175.21052631578948,869.8689177892479,PRKCA,Latent_4
GO_Biological_Process_2023,Negative Regulation Of Microglial Cell Activation (GO:1903979),1/7,0.0069799958941807,0.0493788570093249,0,0,175.21052631578948,869.8689177892479,PTPRC,Latent_4
GO_Biological_Process_2023,Pyrimidine Nucleobase Catabolic Process (GO:0006208),1/7,0.0069799958941807,0.0493788570093249,0,0,175.21052631578948,869.8689177892479,DPYD,Latent_4
GO_Biological_Process_2023,Natural Killer Cell Differentiation (GO:0001779),1/7,0.0069799958941807,0.0493788570093249,0,0,175.21052631578948,869.8689177892479,PTPRC,Latent_4
GO_Biological_Process_2023,Negative Regulation Of T Cell Mediated Cytotoxicity (GO:0001915),1/7,0.0069799958941807,0.0493788570093249,0,0,175.21052631578948,869.8689177892479,PTPRC,Latent_4
GO_Biological_Process_2023,Somatic Hypermutation Of Immunoglobulin Genes (GO:0016446),1/7,0.0069799958941807,0.0493788570093249,0,0,175.21052631578948,869.8689177892479,SAMHD1,Latent_4
GO_Biological_Process_2023,Regulation Of Tumor Necrosis Factor Production (GO:0032680),2/127,0.0070530421740909,0.0493788570093249,0,0,17.648888888888887,87.43782388318907,PTPRC;PLCG2,Latent_4
GO_Biological_Process_2023,Positive Regulation Of Peptidyl-Tyrosine Phosphorylation (GO:0050731),2/130,0.0073783141926676,0.0493788570093249,0,0,17.23263888888889,84.5986448078777,PTPRC;PLCG2,Latent_4
GO_Biological_Process_2023,Positive Regulation Of Macrophage Cytokine Production (GO:0060907),1/8,0.0079733565142536,0.0493788570093249,0,0,150.17293233082708,725.5830081396662,PLCG2,Latent_4
GO_Biological_Process_2023,Positive Regulation Of Membrane Invagination (GO:1905155),1/8,0.0079733565142536,0.0493788570093249,0,0,150.17293233082708,725.5830081396662,PLCG2,Latent_4
GO_Biological_Process_2023,Regulation Of Fibroblast Apoptotic Process (GO:2000269),1/8,0.0079733565142536,0.0493788570093249,0,0,150.17293233082708,725.5830081396662,STK17B,Latent_4
GO_Biological_Process_2023,Cellular Response To Muramyl Dipeptide (GO:0071225),1/8,0.0079733565142536,0.0493788570093249,0,0,150.17293233082708,725.5830081396662,VIM,Latent_4
GO_Biological_Process_2023,Pyrimidine-Containing Compound Catabolic Process (GO:0072529),1/8,0.0079733565142536,0.0493788570093249,0,0,150.17293233082708,725.5830081396662,DPYD,Latent_4
GO_Biological_Process_2023,Regulation Of Interleukin-23 Production (GO:0032667),1/8,0.0079733565142536,0.0493788570093249,0,0,150.17293233082708,725.5830081396662,PLCG2,Latent_4
GO_Biological_Process_2023,Dehydroascorbic Acid Transport (GO:0070837),1/8,0.0079733565142536,0.0493788570093249,0,0,150.17293233082708,725.5830081396662,SLC2A1,Latent_4
GO_Biological_Process_2023,Positive Regulation Of Dendritic Cell Cytokine Production (GO:0002732),1/8,0.0079733565142536,0.0493788570093249,0,0,150.17293233082708,725.5830081396662,PLCG2,Latent_4
GO_Biological_Process_2023,Nuclear Membrane Disassembly (GO:0051081),1/8,0.0079733565142536,0.0493788570093249,0,0,150.17293233082708,725.5830081396662,PRKCA,Latent_4
KEGG_2021_Human,Receptor-Mediated Endocytosis (GO:0006898),3/122,0.0002340104012489108,0.0472193715551477,0,0,29.452792881858628,246.22961896507465,TFRC;FCHO2;IGF2R,Latent_40
KEGG_2021_Human,Intracellular Calcium Ion Homeostasis (GO:0006874),3/139,0.0003434136113101654,0.0472193715551477,0,0,25.749134948096884,205.3899054134363,CAMK2D;ATP2B1;PDZD8,Latent_40
GO_Biological_Process_2023,Receptor-Mediated Endocytosis (GO:0006898),3/122,0.0002340104012489108,0.0472193715551477,0,0,29.452792881858628,246.22961896507465,TFRC;FCHO2;IGF2R,Latent_40
GO_Biological_Process_2023,Intracellular Calcium Ion Homeostasis (GO:0006874),3/139,0.0003434136113101654,0.0472193715551477,0,0,25.749134948096884,205.3899054134363,CAMK2D;ATP2B1;PDZD8,Latent_40
KEGG_2021_Human,Myeloid Dendritic Cell Activation (GO:0001773),2/13,7.361293042472065e-05,0.0248075575531308,0,0,201.7070707070707,1919.5836350009777,DOCK2;TGFBR2,Latent_41
GO_Biological_Process_2023,Myeloid Dendritic Cell Activation (GO:0001773),2/13,7.361293042472065e-05,0.0248075575531308,0,0,201.7070707070707,1919.5836350009777,DOCK2;TGFBR2,Latent_41
KEGG_2021_Human,Response To Cytokine (GO:0034097),3/125,0.0002513709619528748,0.0423560070890594,0,0,28.72420443587271,238.08288863096325,APP;KYNU;BCL2L1,Latent_41
GO_Biological_Process_2023,Response To Cytokine (GO:0034097),3/125,0.0002513709619528748,0.0423560070890594,0,0,28.72420443587271,238.08288863096325,APP;KYNU;BCL2L1,Latent_41
KEGG_2021_Human,Relaxation Of Cardiac Muscle (GO:0055119),2/12,6.232515501994467e-05,0.009091196907453,0,0,221.88888888888889,2148.58238291385,RGS2;SLC8A1,Latent_42
KEGG_2021_Human,Relaxation Of Muscle (GO:0090075),2/13,7.361293042472065e-05,0.009091196907453,0,0,201.7070707070707,1919.5836350009777,RGS2;SLC8A1,Latent_42
GO_Biological_Process_2023,Relaxation Of Cardiac Muscle (GO:0055119),2/12,6.232515501994467e-05,0.009091196907453,0,0,221.88888888888889,2148.58238291385,RGS2;SLC8A1,Latent_42
GO_Biological_Process_2023,Relaxation Of Muscle (GO:0090075),2/13,7.361293042472065e-05,0.009091196907453,0,0,201.7070707070707,1919.5836350009777,RGS2;SLC8A1,Latent_42
KEGG_2021_Human,Regulation Of Cardiac Muscle Contraction (GO:0055117),2/35,0.0005541829397838258,0.0456277287088683,0,0,67.16161616161617,503.57885305588366,RGS2;SLC8A1,Latent_42
GO_Biological_Process_2023,Regulation Of Cardiac Muscle Contraction (GO:0055117),2/35,0.0005541829397838258,0.0456277287088683,0,0,67.16161616161617,503.57885305588366,RGS2;SLC8A1,Latent_42
GO_Biological_Process_2023,Recombinational Repair (GO:0000725),3/95,0.00011161353083343152,0.0177049923481178,0,0,38.148337595907925,347.16773589590264,RAD51B;NSMCE2;REV3L,Latent_43
GO_Biological_Process_2023,Double-Strand Break Repair Via Homologous Recombination (GO:0000724),3/111,0.0001770499234811784,0.0177049923481178,0,0,32.47058823529412,280.5159708235259,RAD51B;NSMCE2;REV3L,Latent_43
KEGG_2021_Human,Recombinational Repair (GO:0000725),3/95,0.00011161353083343152,0.0177049923481178,0,0,38.148337595907925,347.16773589590264,RAD51B;NSMCE2;REV3L,Latent_43
KEGG_2021_Human,Double-Strand Break Repair Via Homologous Recombination (GO:0000724),3/111,0.0001770499234811784,0.0177049923481178,0,0,32.47058823529412,280.5159708235259,RAD51B;NSMCE2;REV3L,Latent_43
GO_Biological_Process_2023,Positive Regulation Of Mitotic Nuclear Division (GO:0045840),2/35,0.0005541829397838258,0.0298730736196547,0,0,67.16161616161617,503.57885305588366,NSMCE2;PHIP,Latent_43
GO_Biological_Process_2023,Double-Strand Break Repair (GO:0006302),3/168,0.0005974614723930946,0.0298730736196547,0,0,21.19251336898396,157.30822814075722,RAD51B;NSMCE2;REV3L,Latent_43
KEGG_2021_Human,Positive Regulation Of Mitotic Nuclear Division (GO:0045840),2/35,0.0005541829397838258,0.0298730736196547,0,0,67.16161616161617,503.57885305588366,NSMCE2;PHIP,Latent_43
KEGG_2021_Human,Double-Strand Break Repair (GO:0006302),3/168,0.0005974614723930946,0.0298730736196547,0,0,21.19251336898396,157.30822814075722,RAD51B;NSMCE2;REV3L,Latent_43
GO_Biological_Process_2023,Regulation Of Natural Killer Cell Chemotaxis (GO:2000501),2/6,1.421569389186376e-05,0.0045205906576126,0,0,554.8888888888889,6193.205890662571,CCL5;CCL4,Latent_44
KEGG_2021_Human,Regulation Of Natural Killer Cell Chemotaxis (GO:2000501),2/6,1.421569389186376e-05,0.0045205906576126,0,0,554.8888888888889,6193.205890662571,CCL5;CCL4,Latent_44
GO_Biological_Process_2023,Negative Regulation Of Lymphocyte Apoptotic Process (GO:0070229),2/9,3.405659800132413e-05,0.0054149990822105,0,0,317.031746031746,3261.459893047559,CCL5;FOXP1,Latent_44
KEGG_2021_Human,Negative Regulation Of Lymphocyte Apoptotic Process (GO:0070229),2/9,3.405659800132413e-05,0.0054149990822105,0,0,317.031746031746,3261.459893047559,CCL5;FOXP1,Latent_44
GO_Biological_Process_2023,Negative Regulation By Host Of Viral Transcription (GO:0043922),2/12,6.232515501994467e-05,0.0066064664321141,0,0,221.88888888888889,2148.58238291385,CCL5;CCL4,Latent_44
KEGG_2021_Human,Negative Regulation By Host Of Viral Transcription (GO:0043922),2/12,6.232515501994467e-05,0.0066064664321141,0,0,221.88888888888889,2148.58238291385,CCL5;CCL4,Latent_44
GO_Biological_Process_2023,Positive Regulation Of Lymphocyte Chemotaxis (GO:0140131),2/17,0.0001280437171265482,0.0091430691170924,0,0,147.88888888888889,1325.548639908665,CCL5;CCL4,Latent_44
GO_Biological_Process_2023,Response To Tumor Necrosis Factor (GO:0034612),3/108,0.00016326661819608508,0.0091430691170924,0,0,33.403361344537814,291.281519714302,CCL5;CCL4;AFF3,Latent_44
GO_Biological_Process_2023,Natural Killer Cell Mediated Immunity (GO:0002228),2/22,0.00021683563043902655,0.0091430691170924,0,0,110.88888888888889,935.4998014387868,NKG7;TUBB4B,Latent_44
GO_Biological_Process_2023,Natural Killer Cell Mediated Cytotoxicity (GO:0042267),2/24,0.00025876610708752327,0.0091430691170924,0,0,100.7979797979798,832.5495793111635,NKG7;TUBB4B,Latent_44
GO_Biological_Process_2023,Eosinophil Chemotaxis (GO:0048245),2/24,0.00025876610708752327,0.0091430691170924,0,0,100.7979797979798,832.5495793111635,CCL5;CCL4,Latent_44
GO_Biological_Process_2023,Eosinophil Migration (GO:0072677),2/24,0.00025876610708752327,0.0091430691170924,0,0,100.7979797979798,832.5495793111635,CCL5;CCL4,Latent_44
KEGG_2021_Human,Positive Regulation Of Lymphocyte Chemotaxis (GO:0140131),2/17,0.0001280437171265482,0.0091430691170924,0,0,147.88888888888889,1325.548639908665,CCL5;CCL4,Latent_44
KEGG_2021_Human,Response To Tumor Necrosis Factor (GO:0034612),3/108,0.00016326661819608508,0.0091430691170924,0,0,33.403361344537814,291.281519714302,CCL5;CCL4;AFF3,Latent_44
KEGG_2021_Human,Natural Killer Cell Mediated Immunity (GO:0002228),2/22,0.00021683563043902655,0.0091430691170924,0,0,110.88888888888889,935.4998014387868,NKG7;TUBB4B,Latent_44
KEGG_2021_Human,Natural Killer Cell Mediated Cytotoxicity (GO:0042267),2/24,0.00025876610708752327,0.0091430691170924,0,0,100.7979797979798,832.5495793111635,NKG7;TUBB4B,Latent_44
KEGG_2021_Human,Eosinophil Chemotaxis (GO:0048245),2/24,0.00025876610708752327,0.0091430691170924,0,0,100.7979797979798,832.5495793111635,CCL5;CCL4,Latent_44
KEGG_2021_Human,Eosinophil Migration (GO:0072677),2/24,0.00025876610708752327,0.0091430691170924,0,0,100.7979797979798,832.5495793111635,CCL5;CCL4,Latent_44
GO_Biological_Process_2023,Positive Regulation Of Calcium Ion Transport (GO:0051928),2/29,0.0003795101348772626,0.0120684222890969,0,0,82.11111111111111,646.758779988934,CCL5;CCL4,Latent_44
KEGG_2021_Human,Positive Regulation Of Calcium Ion Transport (GO:0051928),2/29,0.0003795101348772626,0.0120684222890969,0,0,82.11111111111111,646.758779988934,CCL5;CCL4,Latent_44
GO_Biological_Process_2023,Positive Regulation Of Monoatomic Ion Transport (GO:0043270),2/40,0.0007243190568082219,0.0174177868307703,0,0,58.30994152046784,421.5971209696659,CCL5;CCL4,Latent_44
GO_Biological_Process_2023,Lymphocyte Migration (GO:0072676),2/41,0.0007610076105649785,0.0174177868307703,0,0,56.81196581196581,407.9591818331578,CCL5;CCL4,Latent_44
GO_Biological_Process_2023,Modulation By Host Of Symbiont Process (GO:0051851),2/42,0.0007985794740225155,0.0174177868307703,0,0,55.388888888888886,395.07100210657006,CCL5;CCL4,Latent_44
GO_Biological_Process_2023,Monocyte Chemotaxis (GO:0002548),2/42,0.0007985794740225155,0.0174177868307703,0,0,55.388888888888886,395.07100210657006,CCL5;CCL4,Latent_44
GO_Biological_Process_2023,Lymphocyte Chemotaxis (GO:0048247),2/44,0.0008763666329947344,0.0174177868307703,0,0,52.74603174603175,371.31761233322095,CCL5;CCL4,Latent_44
GO_Biological_Process_2023,Positive Regulation Of Biosynthetic Process (GO:0009891),2/44,0.0008763666329947344,0.0174177868307703,0,0,52.74603174603175,371.31761233322095,CCL5;ZBTB20,Latent_44
KEGG_2021_Human,Positive Regulation Of Monoatomic Ion Transport (GO:0043270),2/40,0.0007243190568082219,0.0174177868307703,0,0,58.30994152046784,421.5971209696659,CCL5;CCL4,Latent_44
KEGG_2021_Human,Lymphocyte Migration (GO:0072676),2/41,0.0007610076105649785,0.0174177868307703,0,0,56.81196581196581,407.9591818331578,CCL5;CCL4,Latent_44
KEGG_2021_Human,Modulation By Host Of Symbiont Process (GO:0051851),2/42,0.0007985794740225155,0.0174177868307703,0,0,55.388888888888886,395.07100210657006,CCL5;CCL4,Latent_44
KEGG_2021_Human,Monocyte Chemotaxis (GO:0002548),2/42,0.0007985794740225155,0.0174177868307703,0,0,55.388888888888886,395.07100210657006,CCL5;CCL4,Latent_44
KEGG_2021_Human,Lymphocyte Chemotaxis (GO:0048247),2/44,0.0008763666329947344,0.0174177868307703,0,0,52.74603174603175,371.31761233322095,CCL5;CCL4,Latent_44
KEGG_2021_Human,Positive Regulation Of Biosynthetic Process (GO:0009891),2/44,0.0008763666329947344,0.0174177868307703,0,0,52.74603174603175,371.31761233322095,CCL5;ZBTB20,Latent_44
GO_Biological_Process_2023,Positive Regulation Of Smooth Muscle Cell Proliferation (GO:0048661),2/47,0.0009996316450557327,0.0186989919486895,0,0,49.22222222222222,340.0331999878986,CCL5;FOXP1,Latent_44
KEGG_2021_Human,Positive Regulation Of Smooth Muscle Cell Proliferation (GO:0048661),2/47,0.0009996316450557327,0.0186989919486895,0,0,49.22222222222222,340.0331999878986,CCL5;FOXP1,Latent_44
GO_Biological_Process_2023,Regulation Of Smooth Muscle Cell Proliferation (GO:0048660),2/54,0.0013177506939226,0.0232802622593,0,0,42.58119658119658,282.3912150075315,CCL5;FOXP1,Latent_44
KEGG_2021_Human,Regulation Of Smooth Muscle Cell Proliferation (GO:0048660),2/54,0.0013177506939226,0.0232802622593,0,0,42.58119658119658,282.3912150075315,CCL5;FOXP1,Latent_44
GO_Biological_Process_2023,Chemokine-Mediated Signaling Pathway (GO:0070098),2/57,0.0014670547641947,0.0233261707506966,0,0,40.25252525252525,262.627538609776,CCL5;CCL4,Latent_44
GO_Biological_Process_2023,Regulation Of Calcium Ion Transport (GO:0051924),2/57,0.0014670547641947,0.0233261707506966,0,0,40.25252525252525,262.627538609776,CCL5;CCL4,Latent_44
KEGG_2021_Human,Chemokine-Mediated Signaling Pathway (GO:0070098),2/57,0.0014670547641947,0.0233261707506966,0,0,40.25252525252525,262.627538609776,CCL5;CCL4,Latent_44
KEGG_2021_Human,Regulation Of Calcium Ion Transport (GO:0051924),2/57,0.0014670547641947,0.0233261707506966,0,0,40.25252525252525,262.627538609776,CCL5;CCL4,Latent_44
GO_Biological_Process_2023,Cellular Response To Chemokine (GO:1990869),2/59,0.0015708812917978,0.0237876309900822,0,0,38.83625730994152,250.73147869740143,CCL5;CCL4,Latent_44
KEGG_2021_Human,Cellular Response To Chemokine (GO:1990869),2/59,0.0015708812917978,0.0237876309900822,0,0,38.83625730994152,250.73147869740143,CCL5;CCL4,Latent_44
GO_Biological_Process_2023,Regulation Of Inflammatory Response (GO:0050727),3/240,0.0016727702722147,0.0241791339347406,0,0,14.700670141474312,93.98541486301065,CCL5;NKG7;FOXP1,Latent_44
KEGG_2021_Human,Regulation Of Inflammatory Response (GO:0050727),3/240,0.0016727702722147,0.0241791339347406,0,0,14.700670141474312,93.98541486301065,CCL5;NKG7;FOXP1,Latent_44
GO_Biological_Process_2023,Cellular Response To Type II Interferon (GO:0071346),2/66,0.001961104016553,0.0271143946636463,0,0,34.576388888888886,215.55777257871145,CCL5;CCL4,Latent_44
KEGG_2021_Human,Cellular Response To Type II Interferon (GO:0071346),2/66,0.001961104016553,0.0271143946636463,0,0,34.576388888888886,215.55777257871145,CCL5;CCL4,Latent_44
GO_Biological_Process_2023,Neutrophil Chemotaxis (GO:0030593),2/70,0.0022026761035863,0.0291854583725193,0,0,32.5359477124183,199.05760409273051,CCL5;CCL4,Latent_44
KEGG_2021_Human,Neutrophil Chemotaxis (GO:0030593),2/70,0.0022026761035863,0.0291854583725193,0,0,32.5359477124183,199.05760409273051,CCL5;CCL4,Latent_44
GO_Biological_Process_2023,Granulocyte Chemotaxis (GO:0071621),2/73,0.0023926495225994,0.0304345019274644,0,0,31.156494522691705,188.04047198052453,CCL5;CCL4,Latent_44
KEGG_2021_Human,Granulocyte Chemotaxis (GO:0071621),2/73,0.0023926495225994,0.0304345019274644,0,0,31.156494522691705,188.04047198052453,CCL5;CCL4,Latent_44
GO_Biological_Process_2023,Neutrophil Migration (GO:1990266),2/77,0.0026575929845639,0.0325044065035127,0,0,29.488888888888887,174.87897393163863,CCL5;CCL4,Latent_44
KEGG_2021_Human,Neutrophil Migration (GO:1990266),2/77,0.0026575929845639,0.0325044065035127,0,0,29.488888888888887,174.87897393163863,CCL5;CCL4,Latent_44
GO_Biological_Process_2023,Response To Type II Interferon (GO:0034341),2/80,0.0028649802996968,0.0333417822889066,0,0,28.35042735042735,165.9972465923349,CCL5;CCL4,Latent_44
GO_Biological_Process_2023,Cellular Response To Interleukin-1 (GO:0071347),2/81,0.0029357544153754,0.0333417822889066,0,0,27.9901547116737,163.2047370793244,CCL5;CCL4,Latent_44
KEGG_2021_Human,Response To Type II Interferon (GO:0034341),2/80,0.0028649802996968,0.0333417822889066,0,0,28.35042735042735,165.9972465923349,CCL5;CCL4,Latent_44
KEGG_2021_Human,Cellular Response To Interleukin-1 (GO:0071347),2/81,0.0029357544153754,0.0333417822889066,0,0,27.9901547116737,163.2047370793244,CCL5;CCL4,Latent_44
GO_Biological_Process_2023,Response To Interleukin-1 (GO:0070555),2/85,0.0032270347482887,0.0353861051708901,0,0,26.63587684069612,152.78849293856263,CCL5;CCL4,Latent_44
KEGG_2021_Human,Response To Interleukin-1 (GO:0070555),2/85,0.0032270347482887,0.0353861051708901,0,0,26.63587684069612,152.78849293856263,CCL5;CCL4,Latent_44
GO_Biological_Process_2023,Cytoplasmic Translation (GO:0002181),2/93,0.0038485584136363,0.0407947191845451,0,0,24.284493284493283,135.02315810678772,RPL41;RPS24,Latent_44
KEGG_2021_Human,Cytoplasmic Translation (GO:0002181),2/93,0.0038485584136363,0.0407947191845451,0,0,24.284493284493283,135.02315810678772,RPL41;RPS24,Latent_44
GO_Biological_Process_2023,Positive Regulation Of Epithelial Cell Migration (GO:0010634),2/95,0.0040119852700405,0.0411552037378352,0,0,23.759856630824373,131.11803417110073,PFN1;FOXP1,Latent_44
KEGG_2021_Human,Positive Regulation Of Epithelial Cell Migration (GO:0010634),2/95,0.0040119852700405,0.0411552037378352,0,0,23.759856630824373,131.11803417110073,PFN1;FOXP1,Latent_44
GO_Biological_Process_2023,Sphingomyelin Biosynthetic Process (GO:0006686),1/5,0.0049904406959516,0.0459664311358114,0,0,262.8421052631579,1393.123889480945,SGMS1,Latent_44
GO_Biological_Process_2023,"CD4-positive, Alpha-Beta T Cell Activation (GO:0035710)",1/5,0.0049904406959516,0.0459664311358114,0,0,262.8421052631579,1393.123889480945,NKG7,Latent_44
GO_Biological_Process_2023,Natural Killer Cell Degranulation (GO:0043320),1/5,0.0049904406959516,0.0459664311358114,0,0,262.8421052631579,1393.123889480945,NKG7,Latent_44
GO_Biological_Process_2023,Positive Regulation Of T Cell Activation (GO:0050870),2/107,0.0050591983954509,0.0459664311358114,0,0,21.03174603174603,111.18531868631156,CCL5;ACTB,Latent_44
KEGG_2021_Human,Sphingomyelin Biosynthetic Process (GO:0006686),1/5,0.0049904406959516,0.0459664311358114,0,0,262.8421052631579,1393.123889480945,SGMS1,Latent_44
KEGG_2021_Human,"CD4-positive, Alpha-Beta T Cell Activation (GO:0035710)",1/5,0.0049904406959516,0.0459664311358114,0,0,262.8421052631579,1393.123889480945,NKG7,Latent_44
KEGG_2021_Human,Natural Killer Cell Degranulation (GO:0043320),1/5,0.0049904406959516,0.0459664311358114,0,0,262.8421052631579,1393.123889480945,NKG7,Latent_44
KEGG_2021_Human,Positive Regulation Of T Cell Activation (GO:0050870),2/107,0.0050591983954509,0.0459664311358114,0,0,21.03174603174603,111.18531868631156,CCL5;ACTB,Latent_44
KEGG_2021_Human,Regulation Of Establishment Of Cell Polarity (GO:2000114),2/17,0.0001280437171265482,0.0211272133258804,0,0,147.88888888888889,1325.548639908665,ARFGEF1;RAP1B,Latent_45
GO_Biological_Process_2023,Regulation Of Establishment Of Cell Polarity (GO:2000114),2/17,0.0001280437171265482,0.0211272133258804,0,0,147.88888888888889,1325.548639908665,ARFGEF1;RAP1B,Latent_45
GO_Biological_Process_2023,B Cell Receptor Signaling Pathway (GO:0050853),3/46,1.262892516653142e-05,0.0032835205432981,0,0,81.82079343365253,922.8993354216932,VAV3;IGHG1;IGKC,Latent_46
KEGG_2021_Human,B Cell Receptor Signaling Pathway (GO:0050853),3/46,1.262892516653142e-05,0.0032835205432981,0,0,81.82079343365253,922.8993354216932,VAV3;IGHG1;IGKC,Latent_46
GO_Biological_Process_2023,Antigen Receptor-Mediated Signaling Pathway (GO:0050851),3/134,0.00030840217370871873,0.0400922825821334,0,0,26.738661876964525,216.15817338090815,VAV3;IGHG1;IGKC,Latent_46
KEGG_2021_Human,Antigen Receptor-Mediated Signaling Pathway (GO:0050851),3/134,0.00030840217370871873,0.0400922825821334,0,0,26.738661876964525,216.15817338090815,VAV3;IGHG1;IGKC,Latent_46
GO_Biological_Process_2023,Positive Regulation Of Granulocyte Differentiation (GO:0030854),2/5,9.482777500558208e-06,0.0030450425402629,0,0,739.8888888888889,8557.579526684436,LEF1;RUNX1,Latent_49
GO_Biological_Process_2023,Peptidyl-Serine Phosphorylation (GO:0018105),4/158,1.645951139954123e-05,0.0030450425402629,0,0,32.185064935064936,354.50584305049387,PRKCH;LRRK2;AKT3;PRKACB,Latent_49
GO_Biological_Process_2023,Peptidyl-Serine Modification (GO:0018209),4/166,1.998933833870661e-05,0.0030450425402629,0,0,30.58333333333333,330.9211936690357,PRKCH;LRRK2;AKT3;PRKACB,Latent_49
KEGG_2021_Human,Positive Regulation Of Granulocyte Differentiation (GO:0030854),2/5,9.482777500558208e-06,0.0030450425402629,0,0,739.8888888888889,8557.579526684436,LEF1;RUNX1,Latent_49
KEGG_2021_Human,Peptidyl-Serine Phosphorylation (GO:0018105),4/158,1.645951139954123e-05,0.0030450425402629,0,0,32.185064935064936,354.50584305049387,PRKCH;LRRK2;AKT3;PRKACB,Latent_49
KEGG_2021_Human,Peptidyl-Serine Modification (GO:0018209),4/166,1.998933833870661e-05,0.0030450425402629,0,0,30.58333333333333,330.9211936690357,PRKCH;LRRK2;AKT3;PRKACB,Latent_49
GO_Biological_Process_2023,Regulation Of Granulocyte Differentiation (GO:0030852),2/9,3.405659800132413e-05,0.0038909663216512,0,0,317.031746031746,3261.459893047559,LEF1;RUNX1,Latent_49
KEGG_2021_Human,Regulation Of Granulocyte Differentiation (GO:0030852),2/9,3.405659800132413e-05,0.0038909663216512,0,0,317.031746031746,3261.459893047559,LEF1;RUNX1,Latent_49
GO_Biological_Process_2023,Phosphorylation (GO:0016310),5/429,5.270657528325958e-05,0.0048173809808899,0,0,15.374213836477988,151.44784969219808,PRKCH;CDK6;LRRK2;AKT3;PRKACB,Latent_49
KEGG_2021_Human,Phosphorylation (GO:0016310),5/429,5.270657528325958e-05,0.0048173809808899,0,0,15.374213836477988,151.44784969219808,PRKCH;CDK6;LRRK2;AKT3;PRKACB,Latent_49
GO_Biological_Process_2023,Protein Phosphorylation (GO:0006468),5/500,0.00010873760095768424,0.0082821806062769,0,0,13.12121212121212,119.7516990744694,PRKCH;CDK6;LRRK2;AKT3;PRKACB,Latent_49
KEGG_2021_Human,Protein Phosphorylation (GO:0006468),5/500,0.00010873760095768424,0.0082821806062769,0,0,13.12121212121212,119.7516990744694,PRKCH;CDK6;LRRK2;AKT3;PRKACB,Latent_49
GO_Biological_Process_2023,Regulation Of Interleukin-4 Production (GO:0032673),2/23,0.0002373444131594564,0.0116783877989888,0,0,105.6031746031746,881.3639106067293,CD86;LEF1,Latent_49
GO_Biological_Process_2023,Gliogenesis (GO:0042063),2/24,0.00025876610708752327,0.0116783877989888,0,0,100.7979797979798,832.5495793111635,VCAN;CDK6,Latent_49
GO_Biological_Process_2023,Regulation Of Neuroblast Proliferation (GO:1902692),2/24,0.00025876610708752327,0.0116783877989888,0,0,100.7979797979798,832.5495793111635,VCAN;LRRK2,Latent_49
GO_Biological_Process_2023,Positive Regulation Of Interleukin-2 Production (GO:0032743),2/25,0.0002810990498662536,0.0116783877989888,0,0,96.41062801932368,788.3307567801231,CD86;RUNX1,Latent_49
GO_Biological_Process_2023,Regulation Of Protein Processing (GO:0070613),2/25,0.0002810990498662536,0.0116783877989888,0,0,96.41062801932368,788.3307567801231,LRRK2;RUNX1,Latent_49
KEGG_2021_Human,Regulation Of Interleukin-4 Production (GO:0032673),2/23,0.0002373444131594564,0.0116783877989888,0,0,105.6031746031746,881.3639106067293,CD86;LEF1,Latent_49
KEGG_2021_Human,Gliogenesis (GO:0042063),2/24,0.00025876610708752327,0.0116783877989888,0,0,100.7979797979798,832.5495793111635,VCAN;CDK6,Latent_49
KEGG_2021_Human,Regulation Of Neuroblast Proliferation (GO:1902692),2/24,0.00025876610708752327,0.0116783877989888,0,0,100.7979797979798,832.5495793111635,VCAN;LRRK2,Latent_49
KEGG_2021_Human,Positive Regulation Of Interleukin-2 Production (GO:0032743),2/25,0.0002810990498662536,0.0116783877989888,0,0,96.41062801932368,788.3307567801231,CD86;RUNX1,Latent_49
KEGG_2021_Human,Regulation Of Protein Processing (GO:0070613),2/25,0.0002810990498662536,0.0116783877989888,0,0,96.41062801932368,788.3307567801231,LRRK2;RUNX1,Latent_49
GO_Biological_Process_2023,Regulation Of Cellular Senescence (GO:2000772),2/35,0.0005541829397838258,0.019557446931588,0,0,67.16161616161617,503.57885305588366,CDK6;AKT3,Latent_49
GO_Biological_Process_2023,Protein Modification Process (GO:0036211),5/711,0.0005563387529773413,0.019557446931588,0,0,9.100094428706326,68.19731961110581,PRKCH;CDK6;LRRK2;AKT3;PRKACB,Latent_49
KEGG_2021_Human,Regulation Of Cellular Senescence (GO:2000772),2/35,0.0005541829397838258,0.019557446931588,0,0,67.16161616161617,503.57885305588366,CDK6;AKT3,Latent_49
KEGG_2021_Human,Protein Modification Process (GO:0036211),5/711,0.0005563387529773413,0.019557446931588,0,0,9.100094428706326,68.19731961110581,PRKCH;CDK6;LRRK2;AKT3;PRKACB,Latent_49
GO_Biological_Process_2023,Negative Regulation Of Lymphocyte Proliferation (GO:0050672),2/39,0.0006885154392429702,0.0220675872640904,0,0,59.888888888888886,436.0493719555131,CD86;MNDA,Latent_49
GO_Biological_Process_2023,Positive Regulation Of Myeloid Leukocyte Differentiation (GO:0002763),2/40,0.0007243190568082219,0.0220675872640904,0,0,58.30994152046784,421.5971209696659,LEF1;RUNX1,Latent_49
KEGG_2021_Human,Negative Regulation Of Lymphocyte Proliferation (GO:0050672),2/39,0.0006885154392429702,0.0220675872640904,0,0,59.888888888888886,436.0493719555131,CD86;MNDA,Latent_49
KEGG_2021_Human,Positive Regulation Of Myeloid Leukocyte Differentiation (GO:0002763),2/40,0.0007243190568082219,0.0220675872640904,0,0,58.30994152046784,421.5971209696659,LEF1;RUNX1,Latent_49
GO_Biological_Process_2023,Regulation Of Cell Differentiation (GO:0045595),3/193,0.0008936113232019103,0.0253795367661372,0,0,18.38080495356037,129.03765552888265,CDK6;LEF1;RUNX1,Latent_49
GO_Biological_Process_2023,Negative Regulation Of Cellular Metabolic Process (GO:0031324),2/46,0.0009576675617417908,0.0253795367661372,0,0,50.343434343434346,349.9377081556704,CDK6;AKT3,Latent_49
GO_Biological_Process_2023,Regulation Of Interleukin-2 Production (GO:0032663),2/47,0.0009996316450557327,0.0253795367661372,0,0,49.22222222222222,340.0331999878986,CD86;RUNX1,Latent_49
KEGG_2021_Human,Regulation Of Cell Differentiation (GO:0045595),3/193,0.0008936113232019103,0.0253795367661372,0,0,18.38080495356037,129.03765552888265,CDK6;LEF1;RUNX1,Latent_49
KEGG_2021_Human,Negative Regulation Of Cellular Metabolic Process (GO:0031324),2/46,0.0009576675617417908,0.0253795367661372,0,0,50.343434343434346,349.9377081556704,CDK6;AKT3,Latent_49
KEGG_2021_Human,Regulation Of Interleukin-2 Production (GO:0032663),2/47,0.0009996316450557327,0.0253795367661372,0,0,49.22222222222222,340.0331999878986,CD86;RUNX1,Latent_49
GO_Biological_Process_2023,Positive Regulation Of Cell Population Proliferation (GO:0008284),4/483,0.0011967997688105,0.0287861839129703,0,0,10.177974947807932,68.4784754230305,CD86;PRKCH;CDK6;LEF1,Latent_49
KEGG_2021_Human,Positive Regulation Of Cell Population Proliferation (GO:0008284),4/483,0.0011967997688105,0.0287861839129703,0,0,10.177974947807932,68.4784754230305,CD86;PRKCH;CDK6;LEF1,Latent_49
GO_Biological_Process_2023,Canonical Wnt Signaling Pathway (GO:0060070),2/65,0.0019028153491433,0.0434793307279245,0,0,35.12698412698413,220.05020743610217,LRRK2;LEF1,Latent_49
KEGG_2021_Human,Canonical Wnt Signaling Pathway (GO:0060070),2/65,0.0019028153491433,0.0434793307279245,0,0,35.12698412698413,220.05020743610217,LRRK2;LEF1,Latent_49
KEGG_2021_Human,Regulation Of cAMP-mediated Signaling (GO:0043949),2/18,0.00014396293387323563,0.0277099602363665,0,0,138.63888888888889,1226.393330101256,PDE3B;RAPGEF2,Latent_50
KEGG_2021_Human,Positive Regulation Of Antigen Receptor-Mediated Signaling Pathway (GO:0050857),2/20,0.00017856345892201654,0.0277099602363665,0,0,123.22222222222224,1063.4775841223657,PTPRC;FOXP1,Latent_50
KEGG_2021_Human,Regulation Of Calcium Ion Transmembrane Transport (GO:1903169),2/20,0.00017856345892201654,0.0277099602363665,0,0,123.22222222222224,1063.4775841223657,CAMK2D;FYN,Latent_50
KEGG_2021_Human,Negative Regulation Of Protein Tyrosine Kinase Activity (GO:0061099),2/23,0.0002373444131594564,0.0277099602363665,0,0,105.6031746031746,881.3639106067293,PTPRC;CBLB,Latent_50
GO_Biological_Process_2023,Regulation Of cAMP-mediated Signaling (GO:0043949),2/18,0.00014396293387323563,0.0277099602363665,0,0,138.63888888888889,1226.393330101256,PDE3B;RAPGEF2,Latent_50
GO_Biological_Process_2023,Positive Regulation Of Antigen Receptor-Mediated Signaling Pathway (GO:0050857),2/20,0.00017856345892201654,0.0277099602363665,0,0,123.22222222222224,1063.4775841223657,PTPRC;FOXP1,Latent_50
GO_Biological_Process_2023,Regulation Of Calcium Ion Transmembrane Transport (GO:1903169),2/20,0.00017856345892201654,0.0277099602363665,0,0,123.22222222222224,1063.4775841223657,CAMK2D;FYN,Latent_50
GO_Biological_Process_2023,Negative Regulation Of Protein Tyrosine Kinase Activity (GO:0061099),2/23,0.0002373444131594564,0.0277099602363665,0,0,105.6031746031746,881.3639106067293,PTPRC;CBLB,Latent_50
KEGG_2021_Human,Dendritic Spine Organization (GO:0097061),2/26,0.00030434158117427734,0.0284255036816775,0,0,92.38888888888889,748.1060808668657,DOCK10;FYN,Latent_50
GO_Biological_Process_2023,Dendritic Spine Organization (GO:0097061),2/26,0.00030434158117427734,0.0284255036816775,0,0,92.38888888888889,748.1060808668657,DOCK10;FYN,Latent_50
KEGG_2021_Human,Positive Regulation Of Hydrolase Activity (GO:0051345),3/176,0.0006840089612801364,0.049479112991815,0,0,20.204352261135668,147.2400159657549,DOCK10;RAPGEF2;RGS6,Latent_50
KEGG_2021_Human,Negative Regulation Of Cell Projection Organization (GO:0031345),2/50,0.0011307590059983,0.049479112991815,0,0,46.138888888888886,313.0461870363529,RAPGEF2;FYN,Latent_50
KEGG_2021_Human,Regulation Of GTPase Activity (GO:0043087),3/214,0.0012038551850812,0.049479112991815,0,0,16.533872316699192,111.14442996413352,DOCK10;RAPGEF2;RGS6,Latent_50
KEGG_2021_Human,Positive Regulation Of GTPase Activity (GO:0043547),3/234,0.0015558589879857,0.049479112991815,0,0,15.087089381207027,97.54900843576918,DOCK10;RAPGEF2;RGS6,Latent_50
KEGG_2021_Human,Negative Regulation Of Cell Adhesion (GO:0007162),2/72,0.0023284906232039,0.049479112991815,0,0,31.603174603174605,191.59535285451057,PTPRC;PDE3B,Latent_50
KEGG_2021_Human,Transmembrane Receptor Protein Tyrosine Kinase Signaling Pathway (GO:0007169),3/284,0.0027004133931725,0.049479112991815,0,0,12.37115344358384,73.1673364302148,RAPGEF2;FYN;FOXO1,Latent_50
KEGG_2021_Human,Response To Insulin (GO:0032868),2/79,0.0027950276574232,0.049479112991815,0,0,28.72005772005772,168.87144870732206,PDE3B;FOXO1,Latent_50
KEGG_2021_Human,Cellular Response To Peptide Hormone Stimulus (GO:0071375),2/89,0.0035313354289598,0.049479112991815,0,0,25.406130268199234,143.44502292528725,PDE3B;FOXO1,Latent_50
KEGG_2021_Human,Regulation Of Peptidyl-Tyrosine Phosphorylation (GO:0050730),2/90,0.0036094335277519,0.049479112991815,0,0,25.116161616161616,141.25842758872437,PTPRC;FYN,Latent_50
KEGG_2021_Human,T Cell Receptor Signaling Pathway (GO:0050852),2/95,0.0040119852700405,0.049479112991815,0,0,23.759856630824373,131.11803417110073,PTPRC;FYN,Latent_50
KEGG_2021_Human,Cellular Response To Insulin Stimulus (GO:0032869),2/99,0.0043484089895178,0.049479112991815,0,0,22.77548682703322,123.85185041479878,PDE3B;FOXO1,Latent_50
KEGG_2021_Human,Positive Regulation Of Kinase Activity (GO:0033674),2/104,0.0047867577714046,0.049479112991815,0,0,21.65359477124183,115.67138059180392,PTPRC;RAPGEF2,Latent_50
KEGG_2021_Human,Protein Modification Process (GO:0036211),4/711,0.0048702894439726,0.049479112991815,0,0,6.815063649222065,36.28750092051036,CAMK2D;PTPRC;FYN;SSH2,Latent_50
KEGG_2021_Human,Negative Regulation Of MAPK Cascade (GO:0043409),2/105,0.0048767883644565,0.049479112991815,0,0,21.44228694714132,114.14304848253492,PTPRC;FOXO1,Latent_50
KEGG_2021_Human,Forebrain Neuron Differentiation (GO:0021879),1/5,0.0049904406959516,0.049479112991815,0,0,262.8421052631579,1393.123889480945,RAPGEF2,Latent_50
KEGG_2021_Human,Regulation Of Glutamate Receptor Signaling Pathway (GO:1900449),1/5,0.0049904406959516,0.049479112991815,0,0,262.8421052631579,1393.123889480945,FYN,Latent_50
KEGG_2021_Human,Regulation Of Histone Deacetylase Activity (GO:1901725),1/5,0.0049904406959516,0.049479112991815,0,0,262.8421052631579,1393.123889480945,CAMK2D,Latent_50
KEGG_2021_Human,Ammonium Homeostasis (GO:0097272),1/5,0.0049904406959516,0.049479112991815,0,0,262.8421052631579,1393.123889480945,RHAG,Latent_50
KEGG_2021_Human,Cellular Response To Cold (GO:0070417),1/5,0.0049904406959516,0.049479112991815,0,0,262.8421052631579,1393.123889480945,FOXO1,Latent_50
KEGG_2021_Human,Purine-Containing Compound Catabolic Process (GO:0072523),1/5,0.0049904406959516,0.049479112991815,0,0,262.8421052631579,1393.123889480945,DPYD,Latent_50
KEGG_2021_Human,Response To cGMP (GO:0070305),1/5,0.0049904406959516,0.049479112991815,0,0,262.8421052631579,1393.123889480945,RAPGEF2,Latent_50
KEGG_2021_Human,Cellular Response To Salt (GO:1902075),2/109,0.005244730259552,0.049479112991815,0,0,20.63655244029076,108.3528679492363,CAMK2D;FYN,Latent_50
KEGG_2021_Human,Response To Lipid (GO:0033993),2/110,0.00533866315253,0.049479112991815,0,0,20.444444444444443,106.98128006787496,FOXO1;FOXP1,Latent_50
KEGG_2021_Human,Forebrain Neuron Development (GO:0021884),1/6,0.0059856908667451,0.049479112991815,0,0,210.26315789473685,1076.2074808846232,RAPGEF2,Latent_50
KEGG_2021_Human,Negative Regulation Of Stress-Activated Protein Kinase Signaling Cascade (GO:0070303),1/6,0.0059856908667451,0.049479112991815,0,0,210.26315789473685,1076.2074808846232,FOXO1,Latent_50
KEGG_2021_Human,Nucleobase Catabolic Process (GO:0046113),1/6,0.0059856908667451,0.049479112991815,0,0,210.26315789473685,1076.2074808846232,DPYD,Latent_50
KEGG_2021_Human,Marginal Zone B Cell Differentiation (GO:0002315),1/6,0.0059856908667451,0.049479112991815,0,0,210.26315789473685,1076.2074808846232,DOCK10,Latent_50
KEGG_2021_Human,Positive Regulation Of B Cell Receptor Signaling Pathway (GO:0050861),1/6,0.0059856908667451,0.049479112991815,0,0,210.26315789473685,1076.2074808846232,FOXP1,Latent_50
KEGG_2021_Human,Positive Regulation Of cAMP-mediated Signaling (GO:0043950),1/6,0.0059856908667451,0.049479112991815,0,0,210.26315789473685,1076.2074808846232,RAPGEF2,Latent_50
KEGG_2021_Human,Regulation Of Antigen Receptor-Mediated Signaling Pathway (GO:0050854),1/6,0.0059856908667451,0.049479112991815,0,0,210.26315789473685,1076.2074808846232,PTPRC,Latent_50
KEGG_2021_Human,Regulation Of Cardiac Muscle Hypertrophy In Response To Stress (GO:1903242),1/6,0.0059856908667451,0.049479112991815,0,0,210.26315789473685,1076.2074808846232,FOXO1,Latent_50
KEGG_2021_Human,Positive Regulation Of Fibroblast Apoptotic Process (GO:2000271),1/6,0.0059856908667451,0.049479112991815,0,0,210.26315789473685,1076.2074808846232,BTG1,Latent_50
KEGG_2021_Human,Regulation Of Protein Kinase Activity (GO:0045859),2/119,0.0062188008026864,0.049479112991815,0,0,18.863247863247864,95.82866034621068,PTPRC;RAPGEF2,Latent_50
KEGG_2021_Human,Regulation Of Cell Motility (GO:2000145),2/123,0.0066298668707233,0.049479112991815,0,0,18.23599632690542,91.47486781276542,DOCK10;FYN,Latent_50
KEGG_2021_Human,Protein Dephosphorylation (GO:0006470),2/124,0.0067345291088687,0.049479112991815,0,0,18.0856102003643,90.4372274339782,PTPRC;SSH2,Latent_50
KEGG_2021_Human,Positive Regulation Of Gluconeogenesis (GO:0045722),1/7,0.0069799958941807,0.049479112991815,0,0,175.21052631578948,869.8689177892479,FOXO1,Latent_50
KEGG_2021_Human,Negative Regulation Of Microglial Cell Activation (GO:1903979),1/7,0.0069799958941807,0.049479112991815,0,0,175.21052631578948,869.8689177892479,PTPRC,Latent_50
KEGG_2021_Human,Regulation Of Myeloid Leukocyte Differentiation (GO:0002761),1/7,0.0069799958941807,0.049479112991815,0,0,175.21052631578948,869.8689177892479,FOXP1,Latent_50
KEGG_2021_Human,Cellular Response To Nitric Oxide (GO:0071732),1/7,0.0069799958941807,0.049479112991815,0,0,175.21052631578948,869.8689177892479,FOXO1,Latent_50
KEGG_2021_Human,Pyrimidine Nucleobase Catabolic Process (GO:0006208),1/7,0.0069799958941807,0.049479112991815,0,0,175.21052631578948,869.8689177892479,DPYD,Latent_50
KEGG_2021_Human,Cellular Response To Reactive Nitrogen Species (GO:1902170),1/7,0.0069799958941807,0.049479112991815,0,0,175.21052631578948,869.8689177892479,FOXO1,Latent_50
KEGG_2021_Human,Natural Killer Cell Differentiation (GO:0001779),1/7,0.0069799958941807,0.049479112991815,0,0,175.21052631578948,869.8689177892479,PTPRC,Latent_50
KEGG_2021_Human,Negative Regulation Of B Cell Apoptotic Process (GO:0002903),1/7,0.0069799958941807,0.049479112991815,0,0,175.21052631578948,869.8689177892479,FOXP1,Latent_50
KEGG_2021_Human,Negative Regulation Of T Cell Mediated Cytotoxicity (GO:0001915),1/7,0.0069799958941807,0.049479112991815,0,0,175.21052631578948,869.8689177892479,PTPRC,Latent_50
KEGG_2021_Human,Regulation Of Cardiac Muscle Cell Action Potential Involved In Regulation Of Contraction (GO:0098909),1/7,0.0069799958941807,0.049479112991815,0,0,175.21052631578948,869.8689177892479,CAMK2D,Latent_50
KEGG_2021_Human,"Negative Regulation Of Complement Activation, Classical Pathway (GO:0045959)",1/7,0.0069799958941807,0.049479112991815,0,0,175.21052631578948,869.8689177892479,CR1L,Latent_50
KEGG_2021_Human,Regulation Of Tumor Necrosis Factor Production (GO:0032680),2/127,0.0070530421740909,0.049479112991815,0,0,17.648888888888887,87.43782388318907,PTPRC;FOXP1,Latent_50
KEGG_2021_Human,Cellular Response To Oxygen-Containing Compound (GO:1901701),3/406,0.0073231871869184,0.049479112991815,0,0,8.5726171361845,42.14906929398367,CAMK2D;RAPGEF2;FOXO1,Latent_50
KEGG_2021_Human,Antigen Receptor-Mediated Signaling Pathway (GO:0050851),2/134,0.0078224564439702,0.049479112991815,0,0,16.707070707070706,81.04193434238712,PTPRC;FYN,Latent_50
KEGG_2021_Human,"Regulation Of Complement Activation, Classical Pathway (GO:0030450)",1/8,0.0079733565142536,0.049479112991815,0,0,150.17293233082708,725.5830081396662,CR1L,Latent_50
KEGG_2021_Human,Regulation Of Defense Response To Bacterium (GO:1900424),1/8,0.0079733565142536,0.049479112991815,0,0,150.17293233082708,725.5830081396662,FOXP1,Latent_50
KEGG_2021_Human,Regulation Of Dendritic Spine Maintenance (GO:1902950),1/8,0.0079733565142536,0.049479112991815,0,0,150.17293233082708,725.5830081396662,FYN,Latent_50
KEGG_2021_Human,Regulation Of Endothelial Cell Differentiation (GO:0045601),1/8,0.0079733565142536,0.049479112991815,0,0,150.17293233082708,725.5830081396662,BTG1,Latent_50
KEGG_2021_Human,Regulation Of Fibroblast Apoptotic Process (GO:2000269),1/8,0.0079733565142536,0.049479112991815,0,0,150.17293233082708,725.5830081396662,BTG1,Latent_50
KEGG_2021_Human,Regulation Of Morphogenesis Of An Epithelium (GO:1905330),1/8,0.0079733565142536,0.049479112991815,0,0,150.17293233082708,725.5830081396662,FOXP1,Latent_50
KEGG_2021_Human,Pyrimidine-Containing Compound Catabolic Process (GO:0072529),1/8,0.0079733565142536,0.049479112991815,0,0,150.17293233082708,725.5830081396662,DPYD,Latent_50
KEGG_2021_Human,Regulation Of Tumor Necrosis Factor Superfamily Cytokine Production (GO:1903555),1/8,0.0079733565142536,0.049479112991815,0,0,150.17293233082708,725.5830081396662,FOXP1,Latent_50
KEGG_2021_Human,Monocyte Activation (GO:0042117),1/8,0.0079733565142536,0.049479112991815,0,0,150.17293233082708,725.5830081396662,FOXP1,Latent_50
KEGG_2021_Human,Negative Regulation Of cAMP-mediated Signaling (GO:0043951),1/8,0.0079733565142536,0.049479112991815,0,0,150.17293233082708,725.5830081396662,PDE3B,Latent_50
KEGG_2021_Human,Regulation Of Cell Killing (GO:0031341),1/8,0.0079733565142536,0.049479112991815,0,0,150.17293233082708,725.5830081396662,CR1L,Latent_50
KEGG_2021_Human,Negative Regulation Of Cellular Biosynthetic Process (GO:0031327),2/137,0.0081633472444682,0.049479112991815,0,0,16.333333333333332,78.53231621226735,RAPGEF2;FYN,Latent_50
KEGG_2021_Human,B Cell Homeostasis (GO:0001782),1/9,0.0089657734963174,0.049479112991815,0,0,131.39473684210526,619.439581424405,DOCK10,Latent_50
KEGG_2021_Human,Regulation Of Complement Activation (GO:0030449),1/9,0.0089657734963174,0.049479112991815,0,0,131.39473684210526,619.439581424405,CR1L,Latent_50
KEGG_2021_Human,Regulation Of Complement-Dependent Cytotoxicity (GO:1903659),1/9,0.0089657734963174,0.049479112991815,0,0,131.39473684210526,619.439581424405,CR1L,Latent_50
KEGG_2021_Human,Negative Regulation Of Humoral Immune Response Mediated By Circulating Immunoglobulin (GO:0002924),1/9,0.0089657734963174,0.049479112991815,0,0,131.39473684210526,619.439581424405,CR1L,Latent_50
KEGG_2021_Human,Regulation Of Dendritic Cell Apoptotic Process (GO:2000668),1/9,0.0089657734963174,0.049479112991815,0,0,131.39473684210526,619.439581424405,RAPGEF2,Latent_50
KEGG_2021_Human,Positive Regulation Of Leukocyte Apoptotic Process (GO:2000108),1/9,0.0089657734963174,0.049479112991815,0,0,131.39473684210526,619.439581424405,RAPGEF2,Latent_50
KEGG_2021_Human,Negative Regulation Of Lymphocyte Apoptotic Process (GO:0070229),1/9,0.0089657734963174,0.049479112991815,0,0,131.39473684210526,619.439581424405,FOXP1,Latent_50
KEGG_2021_Human,Actin-Mediated Cell Contraction (GO:0070252),1/9,0.0089657734963174,0.049479112991815,0,0,131.39473684210526,619.439581424405,CAMK2D,Latent_50
KEGG_2021_Human,Nerve Growth Factor Signaling Pathway (GO:0038180),1/9,0.0089657734963174,0.049479112991815,0,0,131.39473684210526,619.439581424405,RAPGEF2,Latent_50
KEGG_2021_Human,Positive Regulation Of Vasculogenesis (GO:2001214),1/9,0.0089657734963174,0.049479112991815,0,0,131.39473684210526,619.439581424405,RAPGEF2,Latent_50
KEGG_2021_Human,Purine Nucleobase Metabolic Process (GO:0006144),1/9,0.0089657734963174,0.049479112991815,0,0,131.39473684210526,619.439581424405,DPYD,Latent_50
KEGG_2021_Human,Negative Regulation Of Cell Adhesion Mediated By Integrin (GO:0033629),1/9,0.0089657734963174,0.049479112991815,0,0,131.39473684210526,619.439581424405,PDE3B,Latent_50
KEGG_2021_Human,Positive Regulation Of Protein Kinase Activity (GO:0045860),2/145,0.0091046925908435,0.049479112991815,0,0,15.413364413364413,72.42686498237548,PTPRC;RAPGEF2,Latent_50
KEGG_2021_Human,Dephosphorylation (GO:0016311),2/147,0.0093473086864774,0.049479112991815,0,0,15.199233716475096,71.02095504803928,PTPRC;SSH2,Latent_50
KEGG_2021_Human,Establishment Of Endothelial Intestinal Barrier (GO:0090557),1/10,0.0099572476243861,0.049479112991815,0,0,116.78947368421052,538.3357753631753,RAPGEF2,Latent_50
KEGG_2021_Human,Rap Protein Signal Transduction (GO:0032486),1/10,0.0099572476243861,0.049479112991815,0,0,116.78947368421052,538.3357753631753,RAPGEF2,Latent_50
KEGG_2021_Human,Negative Regulation Of Response To Cytokine Stimulus (GO:0060761),1/10,0.0099572476243861,0.049479112991815,0,0,116.78947368421052,538.3357753631753,PTPRC,Latent_50
KEGG_2021_Human,Negative Regulation Of Sodium Ion Transmembrane Transporter Activity (GO:2000650),1/10,0.0099572476243861,0.049479112991815,0,0,116.78947368421052,538.3357753631753,CAMK2D,Latent_50
KEGG_2021_Human,Regulation Of Melanin Biosynthetic Process (GO:0048021),1/10,0.0099572476243861,0.049479112991815,0,0,116.78947368421052,538.3357753631753,RAPGEF2,Latent_50
KEGG_2021_Human,Ammonium Transmembrane Transport (GO:0072488),1/10,0.0099572476243861,0.049479112991815,0,0,116.78947368421052,538.3357753631753,RHAG,Latent_50
KEGG_2021_Human,Cellular Response To Increased Oxygen Levels (GO:0036295),1/10,0.0099572476243861,0.049479112991815,0,0,116.78947368421052,538.3357753631753,FOXO1,Latent_50
KEGG_2021_Human,Regulation Of B Cell Apoptotic Process (GO:0002902),1/10,0.0099572476243861,0.049479112991815,0,0,116.78947368421052,538.3357753631753,FOXP1,Latent_50
KEGG_2021_Human,Regulation Of Calcium Ion Import Across Plasma Membrane (GO:1905664),1/10,0.0099572476243861,0.049479112991815,0,0,116.78947368421052,538.3357753631753,FYN,Latent_50
KEGG_2021_Human,Regulation Of Calcium Ion Transmembrane Transport Via High Voltage-Gated Calcium Channel (GO:1902514),1/10,0.0099572476243861,0.049479112991815,0,0,116.78947368421052,538.3357753631753,CAMK2D,Latent_50
KEGG_2021_Human,Embryonic Appendage Morphogenesis (GO:0035113),1/10,0.0099572476243861,0.049479112991815,0,0,116.78947368421052,538.3357753631753,MBNL1,Latent_50
KEGG_2021_Human,Regulation Of Cardiac Muscle Cell Apoptotic Process (GO:0010665),1/10,0.0099572476243861,0.049479112991815,0,0,116.78947368421052,538.3357753631753,CAMK2D,Latent_50
KEGG_2021_Human,Regulation Of Cellular Component Organization (GO:0051128),2/153,0.0100924467453653,0.049479112991815,0,0,14.590875643855776,67.05919728712611,CAMK2D;RAPGEF2,Latent_50
KEGG_2021_Human,Negative Regulation Of Reactive Oxygen Species Biosynthetic Process (GO:1903427),1/11,0.0109477797028559,0.049479112991815,0,0,105.10526315789474,474.5101770765117,FYN,Latent_50
KEGG_2021_Human,Aspartate Family Amino Acid Catabolic Process (GO:0009068),1/11,0.0109477797028559,0.049479112991815,0,0,105.10526315789474,474.5101770765117,SLC25A21,Latent_50
KEGG_2021_Human,Carbon Dioxide Transport (GO:0015670),1/11,0.0109477797028559,0.049479112991815,0,0,105.10526315789474,474.5101770765117,RHAG,Latent_50
KEGG_2021_Human,Pyrimidine Nucleobase Metabolic Process (GO:0006206),1/11,0.0109477797028559,0.049479112991815,0,0,105.10526315789474,474.5101770765117,DPYD,Latent_50
KEGG_2021_Human,Response To Nitric Oxide (GO:0071731),1/11,0.0109477797028559,0.049479112991815,0,0,105.10526315789474,474.5101770765117,FOXO1,Latent_50
KEGG_2021_Human,Regulation Of Cell Communication By Electrical Coupling Involved In Cardiac Conduction (GO:1901844),1/11,0.0109477797028559,0.049479112991815,0,0,105.10526315789474,474.5101770765117,CAMK2D,Latent_50
KEGG_2021_Human,Regulation Of Macromolecule Metabolic Process (GO:0060255),2/162,0.0112582429558997,0.049479112991815,0,0,13.76388888888889,61.75381693106292,PTPRC;FOXP1,Latent_50
KEGG_2021_Human,Protein Autophosphorylation (GO:0046777),2/162,0.0112582429558997,0.049479112991815,0,0,13.76388888888889,61.75381693106292,CAMK2D;FYN,Latent_50
KEGG_2021_Human,Regulation Of Cytokine Production (GO:0001817),2/167,0.0119305165780117,0.049479112991815,0,0,13.343434343434344,59.09347713711956,PTPRC;FOXP1,Latent_50
KEGG_2021_Human,Negative Regulation Of Epidermal Growth Factor-Activated Receptor Activity (GO:0007175),1/12,0.0119373705403343,0.049479112991815,0,0,95.54545454545456,423.0830518492731,CBLB,Latent_50
KEGG_2021_Human,Regulation Of Chemokine (C-X-C Motif) Ligand 2 Production (GO:2000341),1/12,0.0119373705403343,0.049479112991815,0,0,95.54545454545456,423.0830518492731,FOXP1,Latent_50
KEGG_2021_Human,Positive Regulation Of Neuron Migration (GO:2001224),1/12,0.0119373705403343,0.049479112991815,0,0,95.54545454545456,423.0830518492731,RAPGEF2,Latent_50
KEGG_2021_Human,Regulation Of Platelet-Derived Growth Factor Receptor Signaling Pathway (GO:0010640),1/12,0.0119373705403343,0.049479112991815,0,0,95.54545454545456,423.0830518492731,CBLB,Latent_50
KEGG_2021_Human,Cellular Component Maintenance (GO:0043954),1/12,0.0119373705403343,0.049479112991815,0,0,95.54545454545456,423.0830518492731,FYN,Latent_50
KEGG_2021_Human,Relaxation Of Cardiac Muscle (GO:0055119),1/12,0.0119373705403343,0.049479112991815,0,0,95.54545454545456,423.0830518492731,CAMK2D,Latent_50
KEGG_2021_Human,Negative Regulation Of Cardiac Muscle Hypertrophy (GO:0010614),1/12,0.0119373705403343,0.049479112991815,0,0,95.54545454545456,423.0830518492731,FOXO1,Latent_50
KEGG_2021_Human,Regulation Of Cell Communication By Electrical Coupling (GO:0010649),1/12,0.0119373705403343,0.049479112991815,0,0,95.54545454545456,423.0830518492731,CAMK2D,Latent_50
KEGG_2021_Human,Negative Regulation Of Complement Activation (GO:0045916),1/12,0.0119373705403343,0.049479112991815,0,0,95.54545454545456,423.0830518492731,CR1L,Latent_50
KEGG_2021_Human,Substrate-Dependent Cell Migration (GO:0006929),1/13,0.0129260209528938,0.049479112991815,0,0,87.57894736842105,380.8381798737429,PTPRC,Latent_50
KEGG_2021_Human,Negative Regulation Of Neuroinflammatory Response (GO:0150079),1/13,0.0129260209528938,0.049479112991815,0,0,87.57894736842105,380.8381798737429,PTPRC,Latent_50
KEGG_2021_Human,Regulation Of Humoral Immune Response (GO:0002920),1/13,0.0129260209528938,0.049479112991815,0,0,87.57894736842105,380.8381798737429,CR1L,Latent_50
KEGG_2021_Human,Regulation Of Immune Effector Process (GO:0002697),1/13,0.0129260209528938,0.049479112991815,0,0,87.57894736842105,380.8381798737429,CR1L,Latent_50
KEGG_2021_Human,T Cell Differentiation In Thymus (GO:0033077),1/13,0.0129260209528938,0.049479112991815,0,0,87.57894736842105,380.8381798737429,PTPRC,Latent_50
KEGG_2021_Human,Mature B Cell Differentiation Involved In Immune Response (GO:0002313),1/13,0.0129260209528938,0.049479112991815,0,0,87.57894736842105,380.8381798737429,DOCK10,Latent_50
KEGG_2021_Human,Microvillus Organization (GO:0032528),1/13,0.0129260209528938,0.049479112991815,0,0,87.57894736842105,380.8381798737429,RAPGEF2,Latent_50
KEGG_2021_Human,Regulation Of Vasculogenesis (GO:2001212),1/13,0.0129260209528938,0.049479112991815,0,0,87.57894736842105,380.8381798737429,RAPGEF2,Latent_50
KEGG_2021_Human,Relaxation Of Muscle (GO:0090075),1/13,0.0129260209528938,0.049479112991815,0,0,87.57894736842105,380.8381798737429,CAMK2D,Latent_50
KEGG_2021_Human,Response To Nerve Growth Factor (GO:1990089),1/13,0.0129260209528938,0.049479112991815,0,0,87.57894736842105,380.8381798737429,RAPGEF2,Latent_50
KEGG_2021_Human,Regulation Of cAMP-dependent Protein Kinase Activity (GO:2000479),1/13,0.0129260209528938,0.049479112991815,0,0,87.57894736842105,380.8381798737429,RAPGEF2,Latent_50
GO_Biological_Process_2023,Positive Regulation Of Hydrolase Activity (GO:0051345),3/176,0.0006840089612801364,0.049479112991815,0,0,20.204352261135668,147.2400159657549,DOCK10;RAPGEF2;RGS6,Latent_50
GO_Biological_Process_2023,Negative Regulation Of Cell Projection Organization (GO:0031345),2/50,0.0011307590059983,0.049479112991815,0,0,46.138888888888886,313.0461870363529,RAPGEF2;FYN,Latent_50
GO_Biological_Process_2023,Regulation Of GTPase Activity (GO:0043087),3/214,0.0012038551850812,0.049479112991815,0,0,16.533872316699192,111.14442996413352,DOCK10;RAPGEF2;RGS6,Latent_50
GO_Biological_Process_2023,Positive Regulation Of GTPase Activity (GO:0043547),3/234,0.0015558589879857,0.049479112991815,0,0,15.087089381207027,97.54900843576918,DOCK10;RAPGEF2;RGS6,Latent_50
GO_Biological_Process_2023,Negative Regulation Of Cell Adhesion (GO:0007162),2/72,0.0023284906232039,0.049479112991815,0,0,31.603174603174605,191.59535285451057,PTPRC;PDE3B,Latent_50
GO_Biological_Process_2023,Transmembrane Receptor Protein Tyrosine Kinase Signaling Pathway (GO:0007169),3/284,0.0027004133931725,0.049479112991815,0,0,12.37115344358384,73.1673364302148,RAPGEF2;FYN;FOXO1,Latent_50
GO_Biological_Process_2023,Response To Insulin (GO:0032868),2/79,0.0027950276574232,0.049479112991815,0,0,28.72005772005772,168.87144870732206,PDE3B;FOXO1,Latent_50
GO_Biological_Process_2023,Cellular Response To Peptide Hormone Stimulus (GO:0071375),2/89,0.0035313354289598,0.049479112991815,0,0,25.406130268199234,143.44502292528725,PDE3B;FOXO1,Latent_50
GO_Biological_Process_2023,Regulation Of Peptidyl-Tyrosine Phosphorylation (GO:0050730),2/90,0.0036094335277519,0.049479112991815,0,0,25.116161616161616,141.25842758872437,PTPRC;FYN,Latent_50
GO_Biological_Process_2023,T Cell Receptor Signaling Pathway (GO:0050852),2/95,0.0040119852700405,0.049479112991815,0,0,23.759856630824373,131.11803417110073,PTPRC;FYN,Latent_50
GO_Biological_Process_2023,Cellular Response To Insulin Stimulus (GO:0032869),2/99,0.0043484089895178,0.049479112991815,0,0,22.77548682703322,123.85185041479878,PDE3B;FOXO1,Latent_50
GO_Biological_Process_2023,Positive Regulation Of Kinase Activity (GO:0033674),2/104,0.0047867577714046,0.049479112991815,0,0,21.65359477124183,115.67138059180392,PTPRC;RAPGEF2,Latent_50
GO_Biological_Process_2023,Protein Modification Process (GO:0036211),4/711,0.0048702894439726,0.049479112991815,0,0,6.815063649222065,36.28750092051036,CAMK2D;PTPRC;FYN;SSH2,Latent_50
GO_Biological_Process_2023,Negative Regulation Of MAPK Cascade (GO:0043409),2/105,0.0048767883644565,0.049479112991815,0,0,21.44228694714132,114.14304848253492,PTPRC;FOXO1,Latent_50
GO_Biological_Process_2023,Forebrain Neuron Differentiation (GO:0021879),1/5,0.0049904406959516,0.049479112991815,0,0,262.8421052631579,1393.123889480945,RAPGEF2,Latent_50
GO_Biological_Process_2023,Regulation Of Glutamate Receptor Signaling Pathway (GO:1900449),1/5,0.0049904406959516,0.049479112991815,0,0,262.8421052631579,1393.123889480945,FYN,Latent_50
GO_Biological_Process_2023,Regulation Of Histone Deacetylase Activity (GO:1901725),1/5,0.0049904406959516,0.049479112991815,0,0,262.8421052631579,1393.123889480945,CAMK2D,Latent_50
GO_Biological_Process_2023,Ammonium Homeostasis (GO:0097272),1/5,0.0049904406959516,0.049479112991815,0,0,262.8421052631579,1393.123889480945,RHAG,Latent_50
GO_Biological_Process_2023,Cellular Response To Cold (GO:0070417),1/5,0.0049904406959516,0.049479112991815,0,0,262.8421052631579,1393.123889480945,FOXO1,Latent_50
GO_Biological_Process_2023,Purine-Containing Compound Catabolic Process (GO:0072523),1/5,0.0049904406959516,0.049479112991815,0,0,262.8421052631579,1393.123889480945,DPYD,Latent_50
GO_Biological_Process_2023,Response To cGMP (GO:0070305),1/5,0.0049904406959516,0.049479112991815,0,0,262.8421052631579,1393.123889480945,RAPGEF2,Latent_50
GO_Biological_Process_2023,Cellular Response To Salt (GO:1902075),2/109,0.005244730259552,0.049479112991815,0,0,20.63655244029076,108.3528679492363,CAMK2D;FYN,Latent_50
GO_Biological_Process_2023,Response To Lipid (GO:0033993),2/110,0.00533866315253,0.049479112991815,0,0,20.444444444444443,106.98128006787496,FOXO1;FOXP1,Latent_50
GO_Biological_Process_2023,Forebrain Neuron Development (GO:0021884),1/6,0.0059856908667451,0.049479112991815,0,0,210.26315789473685,1076.2074808846232,RAPGEF2,Latent_50
GO_Biological_Process_2023,Negative Regulation Of Stress-Activated Protein Kinase Signaling Cascade (GO:0070303),1/6,0.0059856908667451,0.049479112991815,0,0,210.26315789473685,1076.2074808846232,FOXO1,Latent_50
GO_Biological_Process_2023,Nucleobase Catabolic Process (GO:0046113),1/6,0.0059856908667451,0.049479112991815,0,0,210.26315789473685,1076.2074808846232,DPYD,Latent_50
GO_Biological_Process_2023,Marginal Zone B Cell Differentiation (GO:0002315),1/6,0.0059856908667451,0.049479112991815,0,0,210.26315789473685,1076.2074808846232,DOCK10,Latent_50
GO_Biological_Process_2023,Positive Regulation Of B Cell Receptor Signaling Pathway (GO:0050861),1/6,0.0059856908667451,0.049479112991815,0,0,210.26315789473685,1076.2074808846232,FOXP1,Latent_50
GO_Biological_Process_2023,Positive Regulation Of cAMP-mediated Signaling (GO:0043950),1/6,0.0059856908667451,0.049479112991815,0,0,210.26315789473685,1076.2074808846232,RAPGEF2,Latent_50
GO_Biological_Process_2023,Regulation Of Antigen Receptor-Mediated Signaling Pathway (GO:0050854),1/6,0.0059856908667451,0.049479112991815,0,0,210.26315789473685,1076.2074808846232,PTPRC,Latent_50
GO_Biological_Process_2023,Regulation Of Cardiac Muscle Hypertrophy In Response To Stress (GO:1903242),1/6,0.0059856908667451,0.049479112991815,0,0,210.26315789473685,1076.2074808846232,FOXO1,Latent_50
GO_Biological_Process_2023,Positive Regulation Of Fibroblast Apoptotic Process (GO:2000271),1/6,0.0059856908667451,0.049479112991815,0,0,210.26315789473685,1076.2074808846232,BTG1,Latent_50
GO_Biological_Process_2023,Regulation Of Protein Kinase Activity (GO:0045859),2/119,0.0062188008026864,0.049479112991815,0,0,18.863247863247864,95.82866034621068,PTPRC;RAPGEF2,Latent_50
GO_Biological_Process_2023,Regulation Of Cell Motility (GO:2000145),2/123,0.0066298668707233,0.049479112991815,0,0,18.23599632690542,91.47486781276542,DOCK10;FYN,Latent_50
GO_Biological_Process_2023,Protein Dephosphorylation (GO:0006470),2/124,0.0067345291088687,0.049479112991815,0,0,18.0856102003643,90.4372274339782,PTPRC;SSH2,Latent_50
GO_Biological_Process_2023,Positive Regulation Of Gluconeogenesis (GO:0045722),1/7,0.0069799958941807,0.049479112991815,0,0,175.21052631578948,869.8689177892479,FOXO1,Latent_50
GO_Biological_Process_2023,Negative Regulation Of Microglial Cell Activation (GO:1903979),1/7,0.0069799958941807,0.049479112991815,0,0,175.21052631578948,869.8689177892479,PTPRC,Latent_50
GO_Biological_Process_2023,Regulation Of Myeloid Leukocyte Differentiation (GO:0002761),1/7,0.0069799958941807,0.049479112991815,0,0,175.21052631578948,869.8689177892479,FOXP1,Latent_50
GO_Biological_Process_2023,Cellular Response To Nitric Oxide (GO:0071732),1/7,0.0069799958941807,0.049479112991815,0,0,175.21052631578948,869.8689177892479,FOXO1,Latent_50
GO_Biological_Process_2023,Pyrimidine Nucleobase Catabolic Process (GO:0006208),1/7,0.0069799958941807,0.049479112991815,0,0,175.21052631578948,869.8689177892479,DPYD,Latent_50
GO_Biological_Process_2023,Cellular Response To Reactive Nitrogen Species (GO:1902170),1/7,0.0069799958941807,0.049479112991815,0,0,175.21052631578948,869.8689177892479,FOXO1,Latent_50
GO_Biological_Process_2023,Natural Killer Cell Differentiation (GO:0001779),1/7,0.0069799958941807,0.049479112991815,0,0,175.21052631578948,869.8689177892479,PTPRC,Latent_50
GO_Biological_Process_2023,Negative Regulation Of B Cell Apoptotic Process (GO:0002903),1/7,0.0069799958941807,0.049479112991815,0,0,175.21052631578948,869.8689177892479,FOXP1,Latent_50
GO_Biological_Process_2023,Negative Regulation Of T Cell Mediated Cytotoxicity (GO:0001915),1/7,0.0069799958941807,0.049479112991815,0,0,175.21052631578948,869.8689177892479,PTPRC,Latent_50
GO_Biological_Process_2023,Regulation Of Cardiac Muscle Cell Action Potential Involved In Regulation Of Contraction (GO:0098909),1/7,0.0069799958941807,0.049479112991815,0,0,175.21052631578948,869.8689177892479,CAMK2D,Latent_50
GO_Biological_Process_2023,"Negative Regulation Of Complement Activation, Classical Pathway (GO:0045959)",1/7,0.0069799958941807,0.049479112991815,0,0,175.21052631578948,869.8689177892479,CR1L,Latent_50
GO_Biological_Process_2023,Regulation Of Tumor Necrosis Factor Production (GO:0032680),2/127,0.0070530421740909,0.049479112991815,0,0,17.648888888888887,87.43782388318907,PTPRC;FOXP1,Latent_50
GO_Biological_Process_2023,Cellular Response To Oxygen-Containing Compound (GO:1901701),3/406,0.0073231871869184,0.049479112991815,0,0,8.5726171361845,42.14906929398367,CAMK2D;RAPGEF2;FOXO1,Latent_50
GO_Biological_Process_2023,Antigen Receptor-Mediated Signaling Pathway (GO:0050851),2/134,0.0078224564439702,0.049479112991815,0,0,16.707070707070706,81.04193434238712,PTPRC;FYN,Latent_50
GO_Biological_Process_2023,"Regulation Of Complement Activation, Classical Pathway (GO:0030450)",1/8,0.0079733565142536,0.049479112991815,0,0,150.17293233082708,725.5830081396662,CR1L,Latent_50
GO_Biological_Process_2023,Regulation Of Defense Response To Bacterium (GO:1900424),1/8,0.0079733565142536,0.049479112991815,0,0,150.17293233082708,725.5830081396662,FOXP1,Latent_50
GO_Biological_Process_2023,Regulation Of Dendritic Spine Maintenance (GO:1902950),1/8,0.0079733565142536,0.049479112991815,0,0,150.17293233082708,725.5830081396662,FYN,Latent_50
GO_Biological_Process_2023,Regulation Of Endothelial Cell Differentiation (GO:0045601),1/8,0.0079733565142536,0.049479112991815,0,0,150.17293233082708,725.5830081396662,BTG1,Latent_50
GO_Biological_Process_2023,Regulation Of Fibroblast Apoptotic Process (GO:2000269),1/8,0.0079733565142536,0.049479112991815,0,0,150.17293233082708,725.5830081396662,BTG1,Latent_50
GO_Biological_Process_2023,Regulation Of Morphogenesis Of An Epithelium (GO:1905330),1/8,0.0079733565142536,0.049479112991815,0,0,150.17293233082708,725.5830081396662,FOXP1,Latent_50
GO_Biological_Process_2023,Pyrimidine-Containing Compound Catabolic Process (GO:0072529),1/8,0.0079733565142536,0.049479112991815,0,0,150.17293233082708,725.5830081396662,DPYD,Latent_50
GO_Biological_Process_2023,Regulation Of Tumor Necrosis Factor Superfamily Cytokine Production (GO:1903555),1/8,0.0079733565142536,0.049479112991815,0,0,150.17293233082708,725.5830081396662,FOXP1,Latent_50
GO_Biological_Process_2023,Monocyte Activation (GO:0042117),1/8,0.0079733565142536,0.049479112991815,0,0,150.17293233082708,725.5830081396662,FOXP1,Latent_50
GO_Biological_Process_2023,Negative Regulation Of cAMP-mediated Signaling (GO:0043951),1/8,0.0079733565142536,0.049479112991815,0,0,150.17293233082708,725.5830081396662,PDE3B,Latent_50
GO_Biological_Process_2023,Regulation Of Cell Killing (GO:0031341),1/8,0.0079733565142536,0.049479112991815,0,0,150.17293233082708,725.5830081396662,CR1L,Latent_50
GO_Biological_Process_2023,Negative Regulation Of Cellular Biosynthetic Process (GO:0031327),2/137,0.0081633472444682,0.049479112991815,0,0,16.333333333333332,78.53231621226735,RAPGEF2;FYN,Latent_50
GO_Biological_Process_2023,B Cell Homeostasis (GO:0001782),1/9,0.0089657734963174,0.049479112991815,0,0,131.39473684210526,619.439581424405,DOCK10,Latent_50
GO_Biological_Process_2023,Regulation Of Complement Activation (GO:0030449),1/9,0.0089657734963174,0.049479112991815,0,0,131.39473684210526,619.439581424405,CR1L,Latent_50
GO_Biological_Process_2023,Regulation Of Complement-Dependent Cytotoxicity (GO:1903659),1/9,0.0089657734963174,0.049479112991815,0,0,131.39473684210526,619.439581424405,CR1L,Latent_50
GO_Biological_Process_2023,Negative Regulation Of Humoral Immune Response Mediated By Circulating Immunoglobulin (GO:0002924),1/9,0.0089657734963174,0.049479112991815,0,0,131.39473684210526,619.439581424405,CR1L,Latent_50
GO_Biological_Process_2023,Regulation Of Dendritic Cell Apoptotic Process (GO:2000668),1/9,0.0089657734963174,0.049479112991815,0,0,131.39473684210526,619.439581424405,RAPGEF2,Latent_50
GO_Biological_Process_2023,Positive Regulation Of Leukocyte Apoptotic Process (GO:2000108),1/9,0.0089657734963174,0.049479112991815,0,0,131.39473684210526,619.439581424405,RAPGEF2,Latent_50
GO_Biological_Process_2023,Negative Regulation Of Lymphocyte Apoptotic Process (GO:0070229),1/9,0.0089657734963174,0.049479112991815,0,0,131.39473684210526,619.439581424405,FOXP1,Latent_50
GO_Biological_Process_2023,Actin-Mediated Cell Contraction (GO:0070252),1/9,0.0089657734963174,0.049479112991815,0,0,131.39473684210526,619.439581424405,CAMK2D,Latent_50
GO_Biological_Process_2023,Nerve Growth Factor Signaling Pathway (GO:0038180),1/9,0.0089657734963174,0.049479112991815,0,0,131.39473684210526,619.439581424405,RAPGEF2,Latent_50
GO_Biological_Process_2023,Positive Regulation Of Vasculogenesis (GO:2001214),1/9,0.0089657734963174,0.049479112991815,0,0,131.39473684210526,619.439581424405,RAPGEF2,Latent_50
GO_Biological_Process_2023,Purine Nucleobase Metabolic Process (GO:0006144),1/9,0.0089657734963174,0.049479112991815,0,0,131.39473684210526,619.439581424405,DPYD,Latent_50
GO_Biological_Process_2023,Negative Regulation Of Cell Adhesion Mediated By Integrin (GO:0033629),1/9,0.0089657734963174,0.049479112991815,0,0,131.39473684210526,619.439581424405,PDE3B,Latent_50
GO_Biological_Process_2023,Positive Regulation Of Protein Kinase Activity (GO:0045860),2/145,0.0091046925908435,0.049479112991815,0,0,15.413364413364413,72.42686498237548,PTPRC;RAPGEF2,Latent_50
GO_Biological_Process_2023,Dephosphorylation (GO:0016311),2/147,0.0093473086864774,0.049479112991815,0,0,15.199233716475096,71.02095504803928,PTPRC;SSH2,Latent_50
GO_Biological_Process_2023,Establishment Of Endothelial Intestinal Barrier (GO:0090557),1/10,0.0099572476243861,0.049479112991815,0,0,116.78947368421052,538.3357753631753,RAPGEF2,Latent_50
GO_Biological_Process_2023,Rap Protein Signal Transduction (GO:0032486),1/10,0.0099572476243861,0.049479112991815,0,0,116.78947368421052,538.3357753631753,RAPGEF2,Latent_50
GO_Biological_Process_2023,Negative Regulation Of Response To Cytokine Stimulus (GO:0060761),1/10,0.0099572476243861,0.049479112991815,0,0,116.78947368421052,538.3357753631753,PTPRC,Latent_50
GO_Biological_Process_2023,Negative Regulation Of Sodium Ion Transmembrane Transporter Activity (GO:2000650),1/10,0.0099572476243861,0.049479112991815,0,0,116.78947368421052,538.3357753631753,CAMK2D,Latent_50
GO_Biological_Process_2023,Regulation Of Melanin Biosynthetic Process (GO:0048021),1/10,0.0099572476243861,0.049479112991815,0,0,116.78947368421052,538.3357753631753,RAPGEF2,Latent_50
GO_Biological_Process_2023,Ammonium Transmembrane Transport (GO:0072488),1/10,0.0099572476243861,0.049479112991815,0,0,116.78947368421052,538.3357753631753,RHAG,Latent_50
GO_Biological_Process_2023,Cellular Response To Increased Oxygen Levels (GO:0036295),1/10,0.0099572476243861,0.049479112991815,0,0,116.78947368421052,538.3357753631753,FOXO1,Latent_50
GO_Biological_Process_2023,Regulation Of B Cell Apoptotic Process (GO:0002902),1/10,0.0099572476243861,0.049479112991815,0,0,116.78947368421052,538.3357753631753,FOXP1,Latent_50
GO_Biological_Process_2023,Regulation Of Calcium Ion Import Across Plasma Membrane (GO:1905664),1/10,0.0099572476243861,0.049479112991815,0,0,116.78947368421052,538.3357753631753,FYN,Latent_50
GO_Biological_Process_2023,Regulation Of Calcium Ion Transmembrane Transport Via High Voltage-Gated Calcium Channel (GO:1902514),1/10,0.0099572476243861,0.049479112991815,0,0,116.78947368421052,538.3357753631753,CAMK2D,Latent_50
GO_Biological_Process_2023,Embryonic Appendage Morphogenesis (GO:0035113),1/10,0.0099572476243861,0.049479112991815,0,0,116.78947368421052,538.3357753631753,MBNL1,Latent_50
GO_Biological_Process_2023,Regulation Of Cardiac Muscle Cell Apoptotic Process (GO:0010665),1/10,0.0099572476243861,0.049479112991815,0,0,116.78947368421052,538.3357753631753,CAMK2D,Latent_50
GO_Biological_Process_2023,Regulation Of Cellular Component Organization (GO:0051128),2/153,0.0100924467453653,0.049479112991815,0,0,14.590875643855776,67.05919728712611,CAMK2D;RAPGEF2,Latent_50
GO_Biological_Process_2023,Negative Regulation Of Reactive Oxygen Species Biosynthetic Process (GO:1903427),1/11,0.0109477797028559,0.049479112991815,0,0,105.10526315789474,474.5101770765117,FYN,Latent_50
GO_Biological_Process_2023,Aspartate Family Amino Acid Catabolic Process (GO:0009068),1/11,0.0109477797028559,0.049479112991815,0,0,105.10526315789474,474.5101770765117,SLC25A21,Latent_50
GO_Biological_Process_2023,Carbon Dioxide Transport (GO:0015670),1/11,0.0109477797028559,0.049479112991815,0,0,105.10526315789474,474.5101770765117,RHAG,Latent_50
GO_Biological_Process_2023,Pyrimidine Nucleobase Metabolic Process (GO:0006206),1/11,0.0109477797028559,0.049479112991815,0,0,105.10526315789474,474.5101770765117,DPYD,Latent_50
GO_Biological_Process_2023,Response To Nitric Oxide (GO:0071731),1/11,0.0109477797028559,0.049479112991815,0,0,105.10526315789474,474.5101770765117,FOXO1,Latent_50
GO_Biological_Process_2023,Regulation Of Cell Communication By Electrical Coupling Involved In Cardiac Conduction (GO:1901844),1/11,0.0109477797028559,0.049479112991815,0,0,105.10526315789474,474.5101770765117,CAMK2D,Latent_50
GO_Biological_Process_2023,Regulation Of Macromolecule Metabolic Process (GO:0060255),2/162,0.0112582429558997,0.049479112991815,0,0,13.76388888888889,61.75381693106292,PTPRC;FOXP1,Latent_50
GO_Biological_Process_2023,Protein Autophosphorylation (GO:0046777),2/162,0.0112582429558997,0.049479112991815,0,0,13.76388888888889,61.75381693106292,CAMK2D;FYN,Latent_50
GO_Biological_Process_2023,Regulation Of Cytokine Production (GO:0001817),2/167,0.0119305165780117,0.049479112991815,0,0,13.343434343434344,59.09347713711956,PTPRC;FOXP1,Latent_50
GO_Biological_Process_2023,Negative Regulation Of Epidermal Growth Factor-Activated Receptor Activity (GO:0007175),1/12,0.0119373705403343,0.049479112991815,0,0,95.54545454545456,423.0830518492731,CBLB,Latent_50
GO_Biological_Process_2023,Regulation Of Chemokine (C-X-C Motif) Ligand 2 Production (GO:2000341),1/12,0.0119373705403343,0.049479112991815,0,0,95.54545454545456,423.0830518492731,FOXP1,Latent_50
GO_Biological_Process_2023,Positive Regulation Of Neuron Migration (GO:2001224),1/12,0.0119373705403343,0.049479112991815,0,0,95.54545454545456,423.0830518492731,RAPGEF2,Latent_50
GO_Biological_Process_2023,Regulation Of Platelet-Derived Growth Factor Receptor Signaling Pathway (GO:0010640),1/12,0.0119373705403343,0.049479112991815,0,0,95.54545454545456,423.0830518492731,CBLB,Latent_50
GO_Biological_Process_2023,Cellular Component Maintenance (GO:0043954),1/12,0.0119373705403343,0.049479112991815,0,0,95.54545454545456,423.0830518492731,FYN,Latent_50
GO_Biological_Process_2023,Relaxation Of Cardiac Muscle (GO:0055119),1/12,0.0119373705403343,0.049479112991815,0,0,95.54545454545456,423.0830518492731,CAMK2D,Latent_50
GO_Biological_Process_2023,Negative Regulation Of Cardiac Muscle Hypertrophy (GO:0010614),1/12,0.0119373705403343,0.049479112991815,0,0,95.54545454545456,423.0830518492731,FOXO1,Latent_50
GO_Biological_Process_2023,Regulation Of Cell Communication By Electrical Coupling (GO:0010649),1/12,0.0119373705403343,0.049479112991815,0,0,95.54545454545456,423.0830518492731,CAMK2D,Latent_50
GO_Biological_Process_2023,Negative Regulation Of Complement Activation (GO:0045916),1/12,0.0119373705403343,0.049479112991815,0,0,95.54545454545456,423.0830518492731,CR1L,Latent_50
GO_Biological_Process_2023,Substrate-Dependent Cell Migration (GO:0006929),1/13,0.0129260209528938,0.049479112991815,0,0,87.57894736842105,380.8381798737429,PTPRC,Latent_50
GO_Biological_Process_2023,Negative Regulation Of Neuroinflammatory Response (GO:0150079),1/13,0.0129260209528938,0.049479112991815,0,0,87.57894736842105,380.8381798737429,PTPRC,Latent_50
GO_Biological_Process_2023,Regulation Of Humoral Immune Response (GO:0002920),1/13,0.0129260209528938,0.049479112991815,0,0,87.57894736842105,380.8381798737429,CR1L,Latent_50
GO_Biological_Process_2023,Regulation Of Immune Effector Process (GO:0002697),1/13,0.0129260209528938,0.049479112991815,0,0,87.57894736842105,380.8381798737429,CR1L,Latent_50
GO_Biological_Process_2023,T Cell Differentiation In Thymus (GO:0033077),1/13,0.0129260209528938,0.049479112991815,0,0,87.57894736842105,380.8381798737429,PTPRC,Latent_50
GO_Biological_Process_2023,Mature B Cell Differentiation Involved In Immune Response (GO:0002313),1/13,0.0129260209528938,0.049479112991815,0,0,87.57894736842105,380.8381798737429,DOCK10,Latent_50
GO_Biological_Process_2023,Microvillus Organization (GO:0032528),1/13,0.0129260209528938,0.049479112991815,0,0,87.57894736842105,380.8381798737429,RAPGEF2,Latent_50
GO_Biological_Process_2023,Regulation Of Vasculogenesis (GO:2001212),1/13,0.0129260209528938,0.049479112991815,0,0,87.57894736842105,380.8381798737429,RAPGEF2,Latent_50
GO_Biological_Process_2023,Relaxation Of Muscle (GO:0090075),1/13,0.0129260209528938,0.049479112991815,0,0,87.57894736842105,380.8381798737429,CAMK2D,Latent_50
GO_Biological_Process_2023,Response To Nerve Growth Factor (GO:1990089),1/13,0.0129260209528938,0.049479112991815,0,0,87.57894736842105,380.8381798737429,RAPGEF2,Latent_50
GO_Biological_Process_2023,Regulation Of cAMP-dependent Protein Kinase Activity (GO:2000479),1/13,0.0129260209528938,0.049479112991815,0,0,87.57894736842105,380.8381798737429,RAPGEF2,Latent_50
KEGG_2021_Human,Positive Regulation Of ERK1 And ERK2 Cascade (GO:0070374),2/179,0.0136144688605291,0.0497914079383225,0,0,12.431261770244822,53.41243486049122,PTPRC;RAPGEF2,Latent_50
KEGG_2021_Human,Negative Regulation Of Leukocyte Mediated Cytotoxicity (GO:0001911),1/14,0.01391373176082,0.0497914079383225,0,0,80.83805668016194,345.57291333057793,PTPRC,Latent_50
KEGG_2021_Human,Regulation Of Microglial Cell Activation (GO:1903978),1/14,0.01391373176082,0.0497914079383225,0,0,80.83805668016194,345.57291333057793,PTPRC,Latent_50
KEGG_2021_Human,Microvillus Assembly (GO:0030033),1/14,0.01391373176082,0.0497914079383225,0,0,80.83805668016194,345.57291333057793,RAPGEF2,Latent_50
KEGG_2021_Human,Negative Regulation Of T Cell Mediated Immunity (GO:0002710),1/14,0.01391373176082,0.0497914079383225,0,0,80.83805668016194,345.57291333057793,PTPRC,Latent_50
KEGG_2021_Human,Negative Regulation Of Androgen Receptor Signaling Pathway (GO:0060766),1/14,0.01391373176082,0.0497914079383225,0,0,80.83805668016194,345.57291333057793,FOXP1,Latent_50
KEGG_2021_Human,Positive Regulation Of Glucose Metabolic Process (GO:0010907),1/15,0.0149005037888985,0.0497914079383225,0,0,75.06015037593986,315.7300332957057,FOXO1,Latent_50
KEGG_2021_Human,Stem Cell Development (GO:0048864),1/15,0.0149005037888985,0.0497914079383225,0,0,75.06015037593986,315.7300332957057,PTPRC,Latent_50
KEGG_2021_Human,Negative Regulation Of Macrophage Activation (GO:0043031),1/15,0.0149005037888985,0.0497914079383225,0,0,75.06015037593986,315.7300332957057,PTPRC,Latent_50
KEGG_2021_Human,Gas Transport (GO:0015669),1/15,0.0149005037888985,0.0497914079383225,0,0,75.06015037593986,315.7300332957057,RHAG,Latent_50
KEGG_2021_Human,Adenylate Cyclase-Activating Adrenergic Receptor Signaling Pathway (GO:0071880),1/15,0.0149005037888985,0.0497914079383225,0,0,75.06015037593986,315.7300332957057,RAPGEF2,Latent_50
KEGG_2021_Human,Regulation Of Monocyte Differentiation (GO:0045655),1/15,0.0149005037888985,0.0497914079383225,0,0,75.06015037593986,315.7300332957057,FOXP1,Latent_50
KEGG_2021_Human,Neurotrophin Signaling Pathway (GO:0038179),1/15,0.0149005037888985,0.0497914079383225,0,0,75.06015037593986,315.7300332957057,RAPGEF2,Latent_50
KEGG_2021_Human,Dendritic Spine Morphogenesis (GO:0060997),1/15,0.0149005037888985,0.0497914079383225,0,0,75.06015037593986,315.7300332957057,DOCK10,Latent_50
KEGG_2021_Human,Negative Regulation Of Cation Transmembrane Transport (GO:1904063),1/15,0.0149005037888985,0.0497914079383225,0,0,75.06015037593986,315.7300332957057,CAMK2D,Latent_50
KEGG_2021_Human,Neuron Projection Development (GO:0031175),2/192,0.0155488416827921,0.0497914079383225,0,0,11.57309941520468,48.18771411798436,DOCK10;RAPGEF2,Latent_50
KEGG_2021_Human,Negative Regulation Of Cellular Process (GO:0048523),3/537,0.0156183735856019,0.0497914079383225,0,0,6.426305353602115,26.72897853684593,BTG1;PDE3B;RAPGEF2,Latent_50
KEGG_2021_Human,Regulation Of Signal Transduction (GO:0009966),2/193,0.0157023000244154,0.0497914079383225,0,0,11.511925538103547,47.81994097445014,FYN;RGS6,Latent_50
KEGG_2021_Human,Negative Regulation Of Inflammatory Response To Antigenic Stimulus (GO:0002862),1/16,0.0158863378646896,0.0497914079383225,0,0,70.05263157894737,290.1787210723924,FYN,Latent_50
KEGG_2021_Human,Positive Regulation Of Muscle Hypertrophy (GO:0014742),1/16,0.0158863378646896,0.0497914079383225,0,0,70.05263157894737,290.1787210723924,CAMK2D,Latent_50
KEGG_2021_Human,Heart Process (GO:0003015),1/16,0.0158863378646896,0.0497914079383225,0,0,70.05263157894737,290.1787210723924,FYN,Latent_50
KEGG_2021_Human,Regulation Of Interleukin-1 Production (GO:0032652),1/16,0.0158863378646896,0.0497914079383225,0,0,70.05263157894737,290.1787210723924,FOXP1,Latent_50
KEGG_2021_Human,Positive Regulation Of Stem Cell Proliferation (GO:2000648),1/16,0.0158863378646896,0.0497914079383225,0,0,70.05263157894737,290.1787210723924,PTPRC,Latent_50
KEGG_2021_Human,Lymphocyte Mediated Immunity (GO:0002449),1/16,0.0158863378646896,0.0497914079383225,0,0,70.05263157894737,290.1787210723924,CR1L,Latent_50
KEGG_2021_Human,Regulation Of Stem Cell Proliferation (GO:0072091),1/16,0.0158863378646896,0.0497914079383225,0,0,70.05263157894737,290.1787210723924,PTPRC,Latent_50
KEGG_2021_Human,Regulation Of B Cell Receptor Signaling Pathway (GO:0050855),1/16,0.0158863378646896,0.0497914079383225,0,0,70.05263157894737,290.1787210723924,FOXP1,Latent_50
KEGG_2021_Human,Regulation Of Cardiac Muscle Contraction By Regulation Of The Release Of Sequestered Calcium Ion (GO:0010881),1/16,0.0158863378646896,0.0497914079383225,0,0,70.05263157894737,290.1787210723924,CAMK2D,Latent_50
GO_Biological_Process_2023,Positive Regulation Of ERK1 And ERK2 Cascade (GO:0070374),2/179,0.0136144688605291,0.0497914079383225,0,0,12.431261770244822,53.41243486049122,PTPRC;RAPGEF2,Latent_50
GO_Biological_Process_2023,Negative Regulation Of Leukocyte Mediated Cytotoxicity (GO:0001911),1/14,0.01391373176082,0.0497914079383225,0,0,80.83805668016194,345.57291333057793,PTPRC,Latent_50
GO_Biological_Process_2023,Regulation Of Microglial Cell Activation (GO:1903978),1/14,0.01391373176082,0.0497914079383225,0,0,80.83805668016194,345.57291333057793,PTPRC,Latent_50
GO_Biological_Process_2023,Microvillus Assembly (GO:0030033),1/14,0.01391373176082,0.0497914079383225,0,0,80.83805668016194,345.57291333057793,RAPGEF2,Latent_50
GO_Biological_Process_2023,Negative Regulation Of T Cell Mediated Immunity (GO:0002710),1/14,0.01391373176082,0.0497914079383225,0,0,80.83805668016194,345.57291333057793,PTPRC,Latent_50
GO_Biological_Process_2023,Negative Regulation Of Androgen Receptor Signaling Pathway (GO:0060766),1/14,0.01391373176082,0.0497914079383225,0,0,80.83805668016194,345.57291333057793,FOXP1,Latent_50
GO_Biological_Process_2023,Positive Regulation Of Glucose Metabolic Process (GO:0010907),1/15,0.0149005037888985,0.0497914079383225,0,0,75.06015037593986,315.7300332957057,FOXO1,Latent_50
GO_Biological_Process_2023,Stem Cell Development (GO:0048864),1/15,0.0149005037888985,0.0497914079383225,0,0,75.06015037593986,315.7300332957057,PTPRC,Latent_50
GO_Biological_Process_2023,Negative Regulation Of Macrophage Activation (GO:0043031),1/15,0.0149005037888985,0.0497914079383225,0,0,75.06015037593986,315.7300332957057,PTPRC,Latent_50
GO_Biological_Process_2023,Gas Transport (GO:0015669),1/15,0.0149005037888985,0.0497914079383225,0,0,75.06015037593986,315.7300332957057,RHAG,Latent_50
GO_Biological_Process_2023,Adenylate Cyclase-Activating Adrenergic Receptor Signaling Pathway (GO:0071880),1/15,0.0149005037888985,0.0497914079383225,0,0,75.06015037593986,315.7300332957057,RAPGEF2,Latent_50
GO_Biological_Process_2023,Regulation Of Monocyte Differentiation (GO:0045655),1/15,0.0149005037888985,0.0497914079383225,0,0,75.06015037593986,315.7300332957057,FOXP1,Latent_50
GO_Biological_Process_2023,Neurotrophin Signaling Pathway (GO:0038179),1/15,0.0149005037888985,0.0497914079383225,0,0,75.06015037593986,315.7300332957057,RAPGEF2,Latent_50
GO_Biological_Process_2023,Dendritic Spine Morphogenesis (GO:0060997),1/15,0.0149005037888985,0.0497914079383225,0,0,75.06015037593986,315.7300332957057,DOCK10,Latent_50
GO_Biological_Process_2023,Negative Regulation Of Cation Transmembrane Transport (GO:1904063),1/15,0.0149005037888985,0.0497914079383225,0,0,75.06015037593986,315.7300332957057,CAMK2D,Latent_50
GO_Biological_Process_2023,Neuron Projection Development (GO:0031175),2/192,0.0155488416827921,0.0497914079383225,0,0,11.57309941520468,48.18771411798436,DOCK10;RAPGEF2,Latent_50
GO_Biological_Process_2023,Negative Regulation Of Cellular Process (GO:0048523),3/537,0.0156183735856019,0.0497914079383225,0,0,6.426305353602115,26.72897853684593,BTG1;PDE3B;RAPGEF2,Latent_50
GO_Biological_Process_2023,Regulation Of Signal Transduction (GO:0009966),2/193,0.0157023000244154,0.0497914079383225,0,0,11.511925538103547,47.81994097445014,FYN;RGS6,Latent_50
GO_Biological_Process_2023,Negative Regulation Of Inflammatory Response To Antigenic Stimulus (GO:0002862),1/16,0.0158863378646896,0.0497914079383225,0,0,70.05263157894737,290.1787210723924,FYN,Latent_50
GO_Biological_Process_2023,Positive Regulation Of Muscle Hypertrophy (GO:0014742),1/16,0.0158863378646896,0.0497914079383225,0,0,70.05263157894737,290.1787210723924,CAMK2D,Latent_50
GO_Biological_Process_2023,Heart Process (GO:0003015),1/16,0.0158863378646896,0.0497914079383225,0,0,70.05263157894737,290.1787210723924,FYN,Latent_50
GO_Biological_Process_2023,Regulation Of Interleukin-1 Production (GO:0032652),1/16,0.0158863378646896,0.0497914079383225,0,0,70.05263157894737,290.1787210723924,FOXP1,Latent_50
GO_Biological_Process_2023,Positive Regulation Of Stem Cell Proliferation (GO:2000648),1/16,0.0158863378646896,0.0497914079383225,0,0,70.05263157894737,290.1787210723924,PTPRC,Latent_50
GO_Biological_Process_2023,Lymphocyte Mediated Immunity (GO:0002449),1/16,0.0158863378646896,0.0497914079383225,0,0,70.05263157894737,290.1787210723924,CR1L,Latent_50
GO_Biological_Process_2023,Regulation Of Stem Cell Proliferation (GO:0072091),1/16,0.0158863378646896,0.0497914079383225,0,0,70.05263157894737,290.1787210723924,PTPRC,Latent_50
GO_Biological_Process_2023,Regulation Of B Cell Receptor Signaling Pathway (GO:0050855),1/16,0.0158863378646896,0.0497914079383225,0,0,70.05263157894737,290.1787210723924,FOXP1,Latent_50
GO_Biological_Process_2023,Regulation Of Cardiac Muscle Contraction By Regulation Of The Release Of Sequestered Calcium Ion (GO:0010881),1/16,0.0158863378646896,0.0497914079383225,0,0,70.05263157894737,290.1787210723924,CAMK2D,Latent_50
KEGG_2021_Human,Negative Regulation Of Lymphocyte Activation (GO:0051250),2/23,0.0002373444131594564,0.0283367567375022,0,0,105.6031746031746,881.3639106067293,LST1;SAMSN1,Latent_52
KEGG_2021_Human,Apoptotic Cell Clearance (GO:0043277),2/28,0.0003535487787187227,0.0283367567375022,0,0,85.27350427350427,677.710245242856,FCN1;ANXA1,Latent_52
KEGG_2021_Human,Integrated Stress Response Signaling (GO:0140467),2/29,0.0003795101348772626,0.0283367567375022,0,0,82.11111111111111,646.758779988934,CEBPD;FOS,Latent_52
GO_Biological_Process_2023,Negative Regulation Of Lymphocyte Activation (GO:0051250),2/23,0.0002373444131594564,0.0283367567375022,0,0,105.6031746031746,881.3639106067293,LST1;SAMSN1,Latent_52
GO_Biological_Process_2023,Apoptotic Cell Clearance (GO:0043277),2/28,0.0003535487787187227,0.0283367567375022,0,0,85.27350427350427,677.710245242856,FCN1;ANXA1,Latent_52
GO_Biological_Process_2023,Integrated Stress Response Signaling (GO:0140467),2/29,0.0003795101348772626,0.0283367567375022,0,0,82.11111111111111,646.758779988934,CEBPD;FOS,Latent_52
GO_Biological_Process_2023,Regulation Of Release Of Sequestered Calcium Ion Into Cytosol (GO:0051279),3/51,1.727015605473611e-05,0.0074952477277554,0,0,73.27941176470588,803.6209136419842,CAMK2D;PDE4D;SNCA,Latent_53
KEGG_2021_Human,Regulation Of Release Of Sequestered Calcium Ion Into Cytosol (GO:0051279),3/51,1.727015605473611e-05,0.0074952477277554,0,0,73.27941176470588,803.6209136419842,CAMK2D;PDE4D;SNCA,Latent_53
GO_Biological_Process_2023,Regulation Of Cell Communication By Electrical Coupling Involved In Cardiac Conduction (GO:1901844),2/11,5.196871583395421e-05,0.0090163724262186,0,0,246.55555555555557,2432.238167772633,CAMK2D;PDE4D,Latent_53
GO_Biological_Process_2023,Regulation Of Cell Communication By Electrical Coupling (GO:0010649),2/12,6.232515501994467e-05,0.0090163724262186,0,0,221.88888888888889,2148.58238291385,CAMK2D;PDE4D,Latent_53
KEGG_2021_Human,Regulation Of Cell Communication By Electrical Coupling Involved In Cardiac Conduction (GO:1901844),2/11,5.196871583395421e-05,0.0090163724262186,0,0,246.55555555555557,2432.238167772633,CAMK2D;PDE4D,Latent_53
KEGG_2021_Human,Regulation Of Cell Communication By Electrical Coupling (GO:0010649),2/12,6.232515501994467e-05,0.0090163724262186,0,0,221.88888888888889,2148.58238291385,CAMK2D;PDE4D,Latent_53
GO_Biological_Process_2023,Regulation Of Release Of Sequestered Calcium Ion Into Cytosol By Sarcoplasmic Reticulum (GO:0010880),2/22,0.00021683563043902655,0.0165105307787045,0,0,110.88888888888889,935.4998014387868,CAMK2D;PDE4D,Latent_53
GO_Biological_Process_2023,Amyloid Fibril Formation (GO:1990000),2/24,0.00025876610708752327,0.0165105307787045,0,0,100.7979797979798,832.5495793111635,CD36;SNCA,Latent_53
GO_Biological_Process_2023,Regulation Of Ryanodine-Sensitive Calcium-Release Channel Activity (GO:0060314),2/24,0.00025876610708752327,0.0165105307787045,0,0,100.7979797979798,832.5495793111635,CAMK2D;PDE4D,Latent_53
GO_Biological_Process_2023,Regulation Of Reactive Oxygen Species Biosynthetic Process (GO:1903426),2/26,0.00030434158117427734,0.0165105307787045,0,0,92.38888888888889,748.1060808668657,CD36;SNCA,Latent_53
GO_Biological_Process_2023,Regulation Of Cardiac Muscle Cell Contraction (GO:0086004),2/26,0.00030434158117427734,0.0165105307787045,0,0,92.38888888888889,748.1060808668657,CAMK2D;PDE4D,Latent_53
KEGG_2021_Human,Regulation Of Release Of Sequestered Calcium Ion Into Cytosol By Sarcoplasmic Reticulum (GO:0010880),2/22,0.00021683563043902655,0.0165105307787045,0,0,110.88888888888889,935.4998014387868,CAMK2D;PDE4D,Latent_53
KEGG_2021_Human,Amyloid Fibril Formation (GO:1990000),2/24,0.00025876610708752327,0.0165105307787045,0,0,100.7979797979798,832.5495793111635,CD36;SNCA,Latent_53
KEGG_2021_Human,Regulation Of Ryanodine-Sensitive Calcium-Release Channel Activity (GO:0060314),2/24,0.00025876610708752327,0.0165105307787045,0,0,100.7979797979798,832.5495793111635,CAMK2D;PDE4D,Latent_53
KEGG_2021_Human,Regulation Of Reactive Oxygen Species Biosynthetic Process (GO:1903426),2/26,0.00030434158117427734,0.0165105307787045,0,0,92.38888888888889,748.1060808668657,CD36;SNCA,Latent_53
KEGG_2021_Human,Regulation Of Cardiac Muscle Cell Contraction (GO:0086004),2/26,0.00030434158117427734,0.0165105307787045,0,0,92.38888888888889,748.1060808668657,CAMK2D;PDE4D,Latent_53
GO_Biological_Process_2023,Establishment Of Endothelial Barrier (GO:0061028),2/28,0.0003535487787187227,0.0170489077737695,0,0,85.27350427350427,677.710245242856,PDE4D;EZR,Latent_53
KEGG_2021_Human,Establishment Of Endothelial Barrier (GO:0061028),2/28,0.0003535487787187227,0.0170489077737695,0,0,85.27350427350427,677.710245242856,PDE4D;EZR,Latent_53
GO_Biological_Process_2023,Regulation Of Calcium Ion Transmembrane Transporter Activity (GO:1901019),2/32,0.0004628054168177868,0.0200857550898919,0,0,73.88888888888889,567.3339517497183,CAMK2D;PDE4D,Latent_53
KEGG_2021_Human,Regulation Of Calcium Ion Transmembrane Transporter Activity (GO:1901019),2/32,0.0004628054168177868,0.0200857550898919,0,0,73.88888888888889,567.3339517497183,CAMK2D;PDE4D,Latent_53
GO_Biological_Process_2023,Regulation Of Cellular Component Biogenesis (GO:0044087),2/37,0.0006195695304718364,0.0244448342022524,0,0,63.31746031746032,467.69351055771176,CD36;EZR,Latent_53
KEGG_2021_Human,Regulation Of Cellular Component Biogenesis (GO:0044087),2/37,0.0006195695304718364,0.0244448342022524,0,0,63.31746031746032,467.69351055771176,CD36;EZR,Latent_53
GO_Biological_Process_2023,Cyclic-Nucleotide-Mediated Signaling (GO:0019935),2/40,0.0007243190568082219,0.0261962058878973,0,0,58.30994152046784,421.5971209696659,PDE4D;CD36,Latent_53
KEGG_2021_Human,Cyclic-Nucleotide-Mediated Signaling (GO:0019935),2/40,0.0007243190568082219,0.0261962058878973,0,0,58.30994152046784,421.5971209696659,PDE4D;CD36,Latent_53
GO_Biological_Process_2023,Regulation Of Interleukin-2 Production (GO:0032663),2/47,0.0009996316450557327,0.033372317996476,0,0,49.22222222222222,340.0331999878986,PDE4D;EZR,Latent_53
KEGG_2021_Human,Regulation Of Interleukin-2 Production (GO:0032663),2/47,0.0009996316450557327,0.033372317996476,0,0,49.22222222222222,340.0331999878986,PDE4D;EZR,Latent_53
GO_Biological_Process_2023,Receptor Internalization (GO:0031623),2/51,0.0011762077962531,0.0364624416838479,0,0,45.19501133786848,304.8611297728522,CD36;SNCA,Latent_53
KEGG_2021_Human,Receptor Internalization (GO:0031623),2/51,0.0011762077962531,0.0364624416838479,0,0,45.19501133786848,304.8611297728522,CD36;SNCA,Latent_53
GO_Biological_Process_2023,Regulation Of Cation Channel Activity (GO:2001257),2/56,0.0014164270510532,0.0409819560104748,0,0,41.0,268.9443273175631,CAMK2D;PDE4D,Latent_53
KEGG_2021_Human,Regulation Of Cation Channel Activity (GO:2001257),2/56,0.0014164270510532,0.0409819560104748,0,0,41.0,268.9443273175631,CAMK2D;PDE4D,Latent_53
GO_Biological_Process_2023,Regulation Of Heart Contraction (GO:0008016),2/69,0.0021410236112441,0.0467491091129661,0,0,33.02321724709785,202.976255104392,CAMK2D;PDE4D,Latent_53
GO_Biological_Process_2023,Positive Regulation Of Secretion By Cell (GO:1903532),2/73,0.0023926495225994,0.0467491091129661,0,0,31.156494522691705,188.04047198052453,EZR;SNCA,Latent_53
GO_Biological_Process_2023,Regulation Of Peptidyl-Serine Phosphorylation (GO:0033135),2/93,0.0038485584136363,0.0467491091129661,0,0,24.284493284493283,135.02315810678772,PDE4D;SNCA,Latent_53
GO_Biological_Process_2023,Positive Regulation Of Protein-Containing Complex Assembly (GO:0031334),2/98,0.0042631105931237,0.0467491091129661,0,0,23.01388888888889,125.60419474591951,CD36;SNCA,Latent_53
GO_Biological_Process_2023,Regulation Of Histone Deacetylase Activity (GO:1901725),1/5,0.0049904406959516,0.0467491091129661,0,0,262.8421052631579,1393.123889480945,CAMK2D,Latent_53
GO_Biological_Process_2023,Negative Regulation Of Relaxation Of Muscle (GO:1901078),1/5,0.0049904406959516,0.0467491091129661,0,0,262.8421052631579,1393.123889480945,PDE4D,Latent_53
GO_Biological_Process_2023,Positive Regulation Of Vesicle Fusion (GO:0031340),1/5,0.0049904406959516,0.0467491091129661,0,0,262.8421052631579,1393.123889480945,SNCA,Latent_53
GO_Biological_Process_2023,Protection From Natural Killer Cell Mediated Cytotoxicity (GO:0042270),1/5,0.0049904406959516,0.0467491091129661,0,0,262.8421052631579,1393.123889480945,HLA-B,Latent_53
GO_Biological_Process_2023,Regulation Of Relaxation Of Cardiac Muscle (GO:1901897),1/5,0.0049904406959516,0.0467491091129661,0,0,262.8421052631579,1393.123889480945,PDE4D,Latent_53
GO_Biological_Process_2023,Cholesterol Import (GO:0070508),1/5,0.0049904406959516,0.0467491091129661,0,0,262.8421052631579,1393.123889480945,CD36,Latent_53
GO_Biological_Process_2023,Dermatan Sulfate Proteoglycan Metabolic Process (GO:0050655),1/5,0.0049904406959516,0.0467491091129661,0,0,262.8421052631579,1393.123889480945,CSGALNACT1,Latent_53
GO_Biological_Process_2023,Response To Lipid (GO:0033993),2/110,0.00533866315253,0.0467491091129661,0,0,20.444444444444443,106.98128006787496,CD36;SNCA,Latent_53
GO_Biological_Process_2023,Positive Regulation Of Macromolecule Metabolic Process (GO:0010604),3/364,0.005415845750439,0.0467491091129661,0,0,9.590516539025582,50.04740301015592,CD36;EZR;SNCA,Latent_53
GO_Biological_Process_2023,Protein Deubiquitination (GO:0016579),2/112,0.0055288554181012,0.0467491091129661,0,0,20.07070707070707,104.3230086404988,USP15;USP32,Latent_53
GO_Biological_Process_2023,Protein Modification By Small Protein Removal (GO:0070646),2/114,0.0057221397634708,0.0467491091129661,0,0,19.71031746031746,101.77249874583728,USP15;USP32,Latent_53
GO_Biological_Process_2023,Positive Regulation Of Interleukin-5 Production (GO:0032754),1/6,0.0059856908667451,0.0467491091129661,0,0,210.26315789473685,1076.2074808846232,PDE4D,Latent_53
GO_Biological_Process_2023,"Synaptic Transmission, Dopaminergic (GO:0001963)",1/6,0.0059856908667451,0.0467491091129661,0,0,210.26315789473685,1076.2074808846232,SNCA,Latent_53
GO_Biological_Process_2023,Negative Regulation Of p38MAPK Cascade (GO:1903753),1/6,0.0059856908667451,0.0467491091129661,0,0,210.26315789473685,1076.2074808846232,EZR,Latent_53
GO_Biological_Process_2023,Regulation Of Inositol Phosphate Biosynthetic Process (GO:0010919),1/6,0.0059856908667451,0.0467491091129661,0,0,210.26315789473685,1076.2074808846232,SNCA,Latent_53
GO_Biological_Process_2023,Intracellular Sequestering Of Iron Ion (GO:0006880),1/6,0.0059856908667451,0.0467491091129661,0,0,210.26315789473685,1076.2074808846232,FTH1,Latent_53
GO_Biological_Process_2023,Cellular Response To Bacterial Lipopeptide (GO:0071221),1/6,0.0059856908667451,0.0467491091129661,0,0,210.26315789473685,1076.2074808846232,CD36,Latent_53
GO_Biological_Process_2023,Regulation Of T Cell Tolerance Induction (GO:0002664),1/6,0.0059856908667451,0.0467491091129661,0,0,210.26315789473685,1076.2074808846232,HLA-B,Latent_53
GO_Biological_Process_2023,Receptor-Mediated Endocytosis (GO:0006898),2/122,0.0065259614572547,0.0467491091129661,0,0,18.38888888888889,92.53228181387864,CD36;SNCA,Latent_53
GO_Biological_Process_2023,Regulation Of Chaperone-Mediated Autophagy (GO:1904714),1/7,0.0069799958941807,0.0467491091129661,0,0,175.21052631578948,869.8689177892479,SNCA,Latent_53
GO_Biological_Process_2023,Establishment Of Centrosome Localization (GO:0051660),1/7,0.0069799958941807,0.0467491091129661,0,0,175.21052631578948,869.8689177892479,EZR,Latent_53
GO_Biological_Process_2023,Regulation Of Dopamine Uptake Involved In Synaptic Transmission (GO:0051584),1/7,0.0069799958941807,0.0467491091129661,0,0,175.21052631578948,869.8689177892479,SNCA,Latent_53
GO_Biological_Process_2023,Negative Regulation Of Monooxygenase Activity (GO:0032769),1/7,0.0069799958941807,0.0467491091129661,0,0,175.21052631578948,869.8689177892479,SNCA,Latent_53
GO_Biological_Process_2023,Regulation Of Lipase Activity (GO:0060191),1/7,0.0069799958941807,0.0467491091129661,0,0,175.21052631578948,869.8689177892479,SNCA,Latent_53
GO_Biological_Process_2023,Regulation Of Myeloid Leukocyte Differentiation (GO:0002761),1/7,0.0069799958941807,0.0467491091129661,0,0,175.21052631578948,869.8689177892479,CAMK4,Latent_53
GO_Biological_Process_2023,Cellular Response To Epinephrine Stimulus (GO:0071872),1/7,0.0069799958941807,0.0467491091129661,0,0,175.21052631578948,869.8689177892479,SNCA,Latent_53
GO_Biological_Process_2023,Response To Epinephrine (GO:0071871),1/7,0.0069799958941807,0.0467491091129661,0,0,175.21052631578948,869.8689177892479,SNCA,Latent_53
GO_Biological_Process_2023,Dermatan Sulfate Proteoglycan Biosynthetic Process (GO:0050651),1/7,0.0069799958941807,0.0467491091129661,0,0,175.21052631578948,869.8689177892479,CSGALNACT1,Latent_53
GO_Biological_Process_2023,Dopamine Uptake (GO:0090494),1/7,0.0069799958941807,0.0467491091129661,0,0,175.21052631578948,869.8689177892479,SNCA,Latent_53
GO_Biological_Process_2023,Regulation Of Cardiac Muscle Cell Action Potential Involved In Regulation Of Contraction (GO:0098909),1/7,0.0069799958941807,0.0467491091129661,0,0,175.21052631578948,869.8689177892479,CAMK2D,Latent_53
GO_Biological_Process_2023,Cellular Response To Metal Ion (GO:0071248),2/135,0.0079353477675877,0.0467491091129661,0,0,16.58061821219716,80.19096781895072,CAMK2D;SNCA,Latent_53
GO_Biological_Process_2023,Sphingosine-1-Phosphate Receptor Signaling Pathway (GO:0003376),1/8,0.0079733565142536,0.0467491091129661,0,0,150.17293233082708,725.5830081396662,EZR,Latent_53
GO_Biological_Process_2023,Positive Regulation Of Inositol Phosphate Biosynthetic Process (GO:0060732),1/8,0.0079733565142536,0.0467491091129661,0,0,150.17293233082708,725.5830081396662,SNCA,Latent_53
GO_Biological_Process_2023,Positive Regulation Of Protein Localization To Early Endosome (GO:1902966),1/8,0.0079733565142536,0.0467491091129661,0,0,150.17293233082708,725.5830081396662,EZR,Latent_53
GO_Biological_Process_2023,Positive Regulation Of Protein Localization To Endosome (GO:1905668),1/8,0.0079733565142536,0.0467491091129661,0,0,150.17293233082708,725.5830081396662,EZR,Latent_53
GO_Biological_Process_2023,Negative Regulation Of Transporter Activity (GO:0032410),1/8,0.0079733565142536,0.0467491091129661,0,0,150.17293233082708,725.5830081396662,SNCA,Latent_53
GO_Biological_Process_2023,Astral Microtubule Organization (GO:0030953),1/8,0.0079733565142536,0.0467491091129661,0,0,150.17293233082708,725.5830081396662,EZR,Latent_53
GO_Biological_Process_2023,Regulation Of Pattern Recognition Receptor Signaling Pathway (GO:0062207),1/8,0.0079733565142536,0.0467491091129661,0,0,150.17293233082708,725.5830081396662,CD36,Latent_53
GO_Biological_Process_2023,Regulation Of Protein Localization To Early Endosome (GO:1902965),1/8,0.0079733565142536,0.0467491091129661,0,0,150.17293233082708,725.5830081396662,EZR,Latent_53
GO_Biological_Process_2023,Response To Magnesium Ion (GO:0032026),1/8,0.0079733565142536,0.0467491091129661,0,0,150.17293233082708,725.5830081396662,SNCA,Latent_53
GO_Biological_Process_2023,Negative Regulation Of cAMP-mediated Signaling (GO:0043951),1/8,0.0079733565142536,0.0467491091129661,0,0,150.17293233082708,725.5830081396662,PDE4D,Latent_53
GO_Biological_Process_2023,Positive Regulation Of Early Endosome To Late Endosome Transport (GO:2000643),1/8,0.0079733565142536,0.0467491091129661,0,0,150.17293233082708,725.5830081396662,EZR,Latent_53
GO_Biological_Process_2023,SNARE Complex Assembly (GO:0035493),1/9,0.0089657734963174,0.0467491091129661,0,0,131.39473684210526,619.439581424405,SNCA,Latent_53
GO_Biological_Process_2023,Actin-Mediated Cell Contraction (GO:0070252),1/9,0.0089657734963174,0.0467491091129661,0,0,131.39473684210526,619.439581424405,CAMK2D,Latent_53
GO_Biological_Process_2023,Positive Regulation Of Receptor Recycling (GO:0001921),1/9,0.0089657734963174,0.0467491091129661,0,0,131.39473684210526,619.439581424405,SNCA,Latent_53
GO_Biological_Process_2023,Amino Sugar Metabolic Process (GO:0006040),1/9,0.0089657734963174,0.0467491091129661,0,0,131.39473684210526,619.439581424405,CSGALNACT1,Latent_53
GO_Biological_Process_2023,Intestinal Cholesterol Absorption (GO:0030299),1/9,0.0089657734963174,0.0467491091129661,0,0,131.39473684210526,619.439581424405,CD36,Latent_53
GO_Biological_Process_2023,Lipid Import Into Cell (GO:0140354),1/9,0.0089657734963174,0.0467491091129661,0,0,131.39473684210526,619.439581424405,CD36,Latent_53
GO_Biological_Process_2023,Long-Chain Fatty Acid Import Into Cell (GO:0044539),1/9,0.0089657734963174,0.0467491091129661,0,0,131.39473684210526,619.439581424405,CD36,Latent_53
GO_Biological_Process_2023,Regulation Of Transmembrane Transporter Activity (GO:0022898),1/9,0.0089657734963174,0.0467491091129661,0,0,131.39473684210526,619.439581424405,SNCA,Latent_53
GO_Biological_Process_2023,Cellular Response To Oxidised Low-Density Lipoprotein Particle Stimulus (GO:0140052),1/9,0.0089657734963174,0.0467491091129661,0,0,131.39473684210526,619.439581424405,CD36,Latent_53
GO_Biological_Process_2023,Positive Regulation Of RIG-I Signaling Pathway (GO:1900246),1/9,0.0089657734963174,0.0467491091129661,0,0,131.39473684210526,619.439581424405,USP15,Latent_53
GO_Biological_Process_2023,Chondroitin Sulfate Proteoglycan Metabolic Process (GO:0050654),1/9,0.0089657734963174,0.0467491091129661,0,0,131.39473684210526,619.439581424405,CSGALNACT1,Latent_53
GO_Biological_Process_2023,Myeloid Dendritic Cell Differentiation (GO:0043011),1/9,0.0089657734963174,0.0467491091129661,0,0,131.39473684210526,619.439581424405,CAMK4,Latent_53
GO_Biological_Process_2023,Regulation Of Actin Filament-Based Movement (GO:1903115),1/9,0.0089657734963174,0.0467491091129661,0,0,131.39473684210526,619.439581424405,PDE4D,Latent_53
GO_Biological_Process_2023,Negative Regulation Of Protein Phosphorylation (GO:0001933),2/149,0.0095928139492284,0.0467491091129661,0,0,14.99092970521542,69.65896780574519,PDE4D;SNCA,Latent_53
GO_Biological_Process_2023,Negative Regulation Of Exocytosis (GO:0045920),1/10,0.0099572476243861,0.0467491091129661,0,0,116.78947368421052,538.3357753631753,SNCA,Latent_53
GO_Biological_Process_2023,Establishment Of Epithelial Cell Apical/Basal Polarity (GO:0045198),1/10,0.0099572476243861,0.0467491091129661,0,0,116.78947368421052,538.3357753631753,EZR,Latent_53
GO_Biological_Process_2023,Regulation Of Dendritic Cell Differentiation (GO:2001198),1/10,0.0099572476243861,0.0467491091129661,0,0,116.78947368421052,538.3357753631753,HLA-B,Latent_53
GO_Biological_Process_2023,Negative Regulation Of Oxidoreductase Activity (GO:0051354),1/10,0.0099572476243861,0.0467491091129661,0,0,116.78947368421052,538.3357753631753,SNCA,Latent_53
GO_Biological_Process_2023,Negative Regulation Of Sodium Ion Transmembrane Transporter Activity (GO:2000650),1/10,0.0099572476243861,0.0467491091129661,0,0,116.78947368421052,538.3357753631753,CAMK2D,Latent_53
GO_Biological_Process_2023,Regulation Of Phospholipase Activity (GO:0010517),1/10,0.0099572476243861,0.0467491091129661,0,0,116.78947368421052,538.3357753631753,SNCA,Latent_53
GO_Biological_Process_2023,Regulation Of Biosynthetic Process (GO:0009889),1/10,0.0099572476243861,0.0467491091129661,0,0,116.78947368421052,538.3357753631753,SNCA,Latent_53
GO_Biological_Process_2023,Regulation Of Calcium Ion Transmembrane Transport Via High Voltage-Gated Calcium Channel (GO:1902514),1/10,0.0099572476243861,0.0467491091129661,0,0,116.78947368421052,538.3357753631753,CAMK2D,Latent_53
GO_Biological_Process_2023,Regulation Of Cardiac Muscle Cell Apoptotic Process (GO:0010665),1/10,0.0099572476243861,0.0467491091129661,0,0,116.78947368421052,538.3357753631753,CAMK2D,Latent_53
GO_Biological_Process_2023,Regulation Of Cellular Component Organization (GO:0051128),2/153,0.0100924467453653,0.0467491091129661,0,0,14.590875643855776,67.05919728712611,CAMK2D;CD36,Latent_53
GO_Biological_Process_2023,Peptidyl-Serine Phosphorylation (GO:0018105),2/158,0.0107330383795101,0.0467491091129661,0,0,14.11965811965812,64.02458153854182,CAMK2D;CAMK4,Latent_53
GO_Biological_Process_2023,Negative Regulation Of Heart Contraction (GO:0045822),1/11,0.0109477797028559,0.0467491091129661,0,0,105.10526315789474,474.5101770765117,PDE4D,Latent_53
GO_Biological_Process_2023,Negative Regulation Of Microtubule Polymerization (GO:0031115),1/11,0.0109477797028559,0.0467491091129661,0,0,105.10526315789474,474.5101770765117,SNCA,Latent_53
GO_Biological_Process_2023,Negative Regulation Of Platelet-Derived Growth Factor Receptor Signaling Pathway (GO:0010642),1/11,0.0109477797028559,0.0467491091129661,0,0,105.10526315789474,474.5101770765117,SNCA,Latent_53
GO_Biological_Process_2023,Intestinal Absorption (GO:0050892),1/11,0.0109477797028559,0.0467491091129661,0,0,105.10526315789474,474.5101770765117,CD36,Latent_53
GO_Biological_Process_2023,Intestinal Lipid Absorption (GO:0098856),1/11,0.0109477797028559,0.0467491091129661,0,0,105.10526315789474,474.5101770765117,CD36,Latent_53
GO_Biological_Process_2023,Lipoprotein Transport (GO:0042953),1/11,0.0109477797028559,0.0467491091129661,0,0,105.10526315789474,474.5101770765117,CD36,Latent_53
GO_Biological_Process_2023,Catecholamine Biosynthetic Process (GO:0042423),1/11,0.0109477797028559,0.0467491091129661,0,0,105.10526315789474,474.5101770765117,SNCA,Latent_53
GO_Biological_Process_2023,Melanocyte Differentiation (GO:0030318),1/11,0.0109477797028559,0.0467491091129661,0,0,105.10526315789474,474.5101770765117,LRMDA,Latent_53
GO_Biological_Process_2023,Positive Regulation Of Cytoplasmic Transport (GO:1903651),1/11,0.0109477797028559,0.0467491091129661,0,0,105.10526315789474,474.5101770765117,EZR,Latent_53
GO_Biological_Process_2023,Protein Autophosphorylation (GO:0046777),2/162,0.0112582429558997,0.0467491091129661,0,0,13.76388888888889,61.75381693106292,CAMK2D;CAMK4,Latent_53
GO_Biological_Process_2023,Peptidyl-Serine Modification (GO:0018209),2/166,0.0117946676558054,0.0467491091129661,0,0,13.425474254742548,59.61055219489654,CAMK2D;CAMK4,Latent_53
GO_Biological_Process_2023,Fatty Acid Transmembrane Transport (GO:1902001),1/12,0.0119373705403343,0.0467491091129661,0,0,95.54545454545456,423.0830518492731,CD36,Latent_53
GO_Biological_Process_2023,Regulation Of Interleukin-5 Production (GO:0032674),1/12,0.0119373705403343,0.0467491091129661,0,0,95.54545454545456,423.0830518492731,PDE4D,Latent_53
GO_Biological_Process_2023,Positive Regulation Of Reactive Oxygen Species Biosynthetic Process (GO:1903428),1/12,0.0119373705403343,0.0467491091129661,0,0,95.54545454545456,423.0830518492731,CD36,Latent_53
GO_Biological_Process_2023,Regulation Of Monooxygenase Activity (GO:0032768),1/12,0.0119373705403343,0.0467491091129661,0,0,95.54545454545456,423.0830518492731,SNCA,Latent_53
GO_Biological_Process_2023,Lipoprotein Localization (GO:0044872),1/12,0.0119373705403343,0.0467491091129661,0,0,95.54545454545456,423.0830518492731,CD36,Latent_53
GO_Biological_Process_2023,Regulation Of Platelet-Derived Growth Factor Receptor Signaling Pathway (GO:0010640),1/12,0.0119373705403343,0.0467491091129661,0,0,95.54545454545456,423.0830518492731,SNCA,Latent_53
GO_Biological_Process_2023,Relaxation Of Cardiac Muscle (GO:0055119),1/12,0.0119373705403343,0.0467491091129661,0,0,95.54545454545456,423.0830518492731,CAMK2D,Latent_53
GO_Biological_Process_2023,Positive Regulation Of Alcohol Biosynthetic Process (GO:1902932),1/12,0.0119373705403343,0.0467491091129661,0,0,95.54545454545456,423.0830518492731,SNCA,Latent_53
GO_Biological_Process_2023,Regulation Of SNARE Complex Assembly (GO:0035542),1/12,0.0119373705403343,0.0467491091129661,0,0,95.54545454545456,423.0830518492731,SNCA,Latent_53
GO_Biological_Process_2023,Regulation Of T Cell Differentiation In Thymus (GO:0033081),1/12,0.0119373705403343,0.0467491091129661,0,0,95.54545454545456,423.0830518492731,CAMK4,Latent_53
GO_Biological_Process_2023,Response To Iron Ion (GO:0010039),1/12,0.0119373705403343,0.0467491091129661,0,0,95.54545454545456,423.0830518492731,SNCA,Latent_53
GO_Biological_Process_2023,Detection Of Bacterium (GO:0016045),1/12,0.0119373705403343,0.0467491091129661,0,0,95.54545454545456,423.0830518492731,HLA-B,Latent_53
GO_Biological_Process_2023,Regulation Of Transcription By RNA Polymerase II (GO:0006357),6/2028,0.0119730756764534,0.0467491091129661,0,0,3.8062738448495126,16.84312276445842,CAMK2D;NFIA;EZR;IKZF3;BACH2;SNCA,Latent_53
GO_Biological_Process_2023,Positive Regulation Of Cellular Biosynthetic Process (GO:0031328),2/174,0.0129008233573588,0.0467491091129661,0,0,12.795865633074936,55.66795462172957,CD36;SNCA,Latent_53
GO_Biological_Process_2023,Protein Phosphorylation (GO:0006468),3/500,0.0129021436445943,0.0467491091129661,0,0,6.917860101787194,30.09519437589187,USP15;CAMK2D;CAMK4,Latent_53
GO_Biological_Process_2023,Antigen Processing And Presentation Of Endogenous Peptide Antigen Via MHC Class I Via ER Pathway (GO:0002484),1/13,0.0129260209528938,0.0467491091129661,0,0,87.57894736842105,380.8381798737429,HLA-B,Latent_53
GO_Biological_Process_2023,"Antigen Processing And Presentation Of Endogenous Peptide Antigen Via MHC Class I Via ER Pathway, TAP-independent (GO:0002486)",1/13,0.0129260209528938,0.0467491091129661,0,0,87.57894736842105,380.8381798737429,HLA-B,Latent_53
GO_Biological_Process_2023,Antigen Processing And Presentation Of Endogenous Peptide Antigen Via MHC Class Ib (GO:0002476),1/13,0.0129260209528938,0.0467491091129661,0,0,87.57894736842105,380.8381798737429,HLA-B,Latent_53
GO_Biological_Process_2023,Antigen Processing And Presentation Of Peptide Antigen Via MHC Class Ib (GO:0002428),1/13,0.0129260209528938,0.0467491091129661,0,0,87.57894736842105,380.8381798737429,HLA-B,Latent_53
GO_Biological_Process_2023,Nucleotide-Sugar Metabolic Process (GO:0009225),1/13,0.0129260209528938,0.0467491091129661,0,0,87.57894736842105,380.8381798737429,CSGALNACT1,Latent_53
GO_Biological_Process_2023,Relaxation Of Muscle (GO:0090075),1/13,0.0129260209528938,0.0467491091129661,0,0,87.57894736842105,380.8381798737429,CAMK2D,Latent_53
GO_Biological_Process_2023,Chondroitin Sulfate Biosynthetic Process (GO:0030206),1/13,0.0129260209528938,0.0467491091129661,0,0,87.57894736842105,380.8381798737429,CSGALNACT1,Latent_53
GO_Biological_Process_2023,Myeloid Dendritic Cell Activation (GO:0001773),1/13,0.0129260209528938,0.0467491091129661,0,0,87.57894736842105,380.8381798737429,CAMK4,Latent_53
KEGG_2021_Human,Regulation Of Heart Contraction (GO:0008016),2/69,0.0021410236112441,0.0467491091129661,0,0,33.02321724709785,202.976255104392,CAMK2D;PDE4D,Latent_53
KEGG_2021_Human,Positive Regulation Of Secretion By Cell (GO:1903532),2/73,0.0023926495225994,0.0467491091129661,0,0,31.156494522691705,188.04047198052453,EZR;SNCA,Latent_53
KEGG_2021_Human,Regulation Of Peptidyl-Serine Phosphorylation (GO:0033135),2/93,0.0038485584136363,0.0467491091129661,0,0,24.284493284493283,135.02315810678772,PDE4D;SNCA,Latent_53
KEGG_2021_Human,Positive Regulation Of Protein-Containing Complex Assembly (GO:0031334),2/98,0.0042631105931237,0.0467491091129661,0,0,23.01388888888889,125.60419474591951,CD36;SNCA,Latent_53
KEGG_2021_Human,Regulation Of Histone Deacetylase Activity (GO:1901725),1/5,0.0049904406959516,0.0467491091129661,0,0,262.8421052631579,1393.123889480945,CAMK2D,Latent_53
KEGG_2021_Human,Negative Regulation Of Relaxation Of Muscle (GO:1901078),1/5,0.0049904406959516,0.0467491091129661,0,0,262.8421052631579,1393.123889480945,PDE4D,Latent_53
KEGG_2021_Human,Positive Regulation Of Vesicle Fusion (GO:0031340),1/5,0.0049904406959516,0.0467491091129661,0,0,262.8421052631579,1393.123889480945,SNCA,Latent_53
KEGG_2021_Human,Protection From Natural Killer Cell Mediated Cytotoxicity (GO:0042270),1/5,0.0049904406959516,0.0467491091129661,0,0,262.8421052631579,1393.123889480945,HLA-B,Latent_53
KEGG_2021_Human,Regulation Of Relaxation Of Cardiac Muscle (GO:1901897),1/5,0.0049904406959516,0.0467491091129661,0,0,262.8421052631579,1393.123889480945,PDE4D,Latent_53
KEGG_2021_Human,Cholesterol Import (GO:0070508),1/5,0.0049904406959516,0.0467491091129661,0,0,262.8421052631579,1393.123889480945,CD36,Latent_53
KEGG_2021_Human,Dermatan Sulfate Proteoglycan Metabolic Process (GO:0050655),1/5,0.0049904406959516,0.0467491091129661,0,0,262.8421052631579,1393.123889480945,CSGALNACT1,Latent_53
KEGG_2021_Human,Response To Lipid (GO:0033993),2/110,0.00533866315253,0.0467491091129661,0,0,20.444444444444443,106.98128006787496,CD36;SNCA,Latent_53
KEGG_2021_Human,Positive Regulation Of Macromolecule Metabolic Process (GO:0010604),3/364,0.005415845750439,0.0467491091129661,0,0,9.590516539025582,50.04740301015592,CD36;EZR;SNCA,Latent_53
KEGG_2021_Human,Protein Deubiquitination (GO:0016579),2/112,0.0055288554181012,0.0467491091129661,0,0,20.07070707070707,104.3230086404988,USP15;USP32,Latent_53
KEGG_2021_Human,Protein Modification By Small Protein Removal (GO:0070646),2/114,0.0057221397634708,0.0467491091129661,0,0,19.71031746031746,101.77249874583728,USP15;USP32,Latent_53
KEGG_2021_Human,Positive Regulation Of Interleukin-5 Production (GO:0032754),1/6,0.0059856908667451,0.0467491091129661,0,0,210.26315789473685,1076.2074808846232,PDE4D,Latent_53
KEGG_2021_Human,"Synaptic Transmission, Dopaminergic (GO:0001963)",1/6,0.0059856908667451,0.0467491091129661,0,0,210.26315789473685,1076.2074808846232,SNCA,Latent_53
KEGG_2021_Human,Negative Regulation Of p38MAPK Cascade (GO:1903753),1/6,0.0059856908667451,0.0467491091129661,0,0,210.26315789473685,1076.2074808846232,EZR,Latent_53
KEGG_2021_Human,Regulation Of Inositol Phosphate Biosynthetic Process (GO:0010919),1/6,0.0059856908667451,0.0467491091129661,0,0,210.26315789473685,1076.2074808846232,SNCA,Latent_53
KEGG_2021_Human,Intracellular Sequestering Of Iron Ion (GO:0006880),1/6,0.0059856908667451,0.0467491091129661,0,0,210.26315789473685,1076.2074808846232,FTH1,Latent_53
KEGG_2021_Human,Cellular Response To Bacterial Lipopeptide (GO:0071221),1/6,0.0059856908667451,0.0467491091129661,0,0,210.26315789473685,1076.2074808846232,CD36,Latent_53
KEGG_2021_Human,Regulation Of T Cell Tolerance Induction (GO:0002664),1/6,0.0059856908667451,0.0467491091129661,0,0,210.26315789473685,1076.2074808846232,HLA-B,Latent_53
KEGG_2021_Human,Receptor-Mediated Endocytosis (GO:0006898),2/122,0.0065259614572547,0.0467491091129661,0,0,18.38888888888889,92.53228181387864,CD36;SNCA,Latent_53
KEGG_2021_Human,Regulation Of Chaperone-Mediated Autophagy (GO:1904714),1/7,0.0069799958941807,0.0467491091129661,0,0,175.21052631578948,869.8689177892479,SNCA,Latent_53
KEGG_2021_Human,Establishment Of Centrosome Localization (GO:0051660),1/7,0.0069799958941807,0.0467491091129661,0,0,175.21052631578948,869.8689177892479,EZR,Latent_53
KEGG_2021_Human,Regulation Of Dopamine Uptake Involved In Synaptic Transmission (GO:0051584),1/7,0.0069799958941807,0.0467491091129661,0,0,175.21052631578948,869.8689177892479,SNCA,Latent_53
KEGG_2021_Human,Negative Regulation Of Monooxygenase Activity (GO:0032769),1/7,0.0069799958941807,0.0467491091129661,0,0,175.21052631578948,869.8689177892479,SNCA,Latent_53
KEGG_2021_Human,Regulation Of Lipase Activity (GO:0060191),1/7,0.0069799958941807,0.0467491091129661,0,0,175.21052631578948,869.8689177892479,SNCA,Latent_53
KEGG_2021_Human,Regulation Of Myeloid Leukocyte Differentiation (GO:0002761),1/7,0.0069799958941807,0.0467491091129661,0,0,175.21052631578948,869.8689177892479,CAMK4,Latent_53
KEGG_2021_Human,Cellular Response To Epinephrine Stimulus (GO:0071872),1/7,0.0069799958941807,0.0467491091129661,0,0,175.21052631578948,869.8689177892479,SNCA,Latent_53
KEGG_2021_Human,Response To Epinephrine (GO:0071871),1/7,0.0069799958941807,0.0467491091129661,0,0,175.21052631578948,869.8689177892479,SNCA,Latent_53
KEGG_2021_Human,Dermatan Sulfate Proteoglycan Biosynthetic Process (GO:0050651),1/7,0.0069799958941807,0.0467491091129661,0,0,175.21052631578948,869.8689177892479,CSGALNACT1,Latent_53
KEGG_2021_Human,Dopamine Uptake (GO:0090494),1/7,0.0069799958941807,0.0467491091129661,0,0,175.21052631578948,869.8689177892479,SNCA,Latent_53
KEGG_2021_Human,Regulation Of Cardiac Muscle Cell Action Potential Involved In Regulation Of Contraction (GO:0098909),1/7,0.0069799958941807,0.0467491091129661,0,0,175.21052631578948,869.8689177892479,CAMK2D,Latent_53
KEGG_2021_Human,Cellular Response To Metal Ion (GO:0071248),2/135,0.0079353477675877,0.0467491091129661,0,0,16.58061821219716,80.19096781895072,CAMK2D;SNCA,Latent_53
KEGG_2021_Human,Sphingosine-1-Phosphate Receptor Signaling Pathway (GO:0003376),1/8,0.0079733565142536,0.0467491091129661,0,0,150.17293233082708,725.5830081396662,EZR,Latent_53
KEGG_2021_Human,Positive Regulation Of Inositol Phosphate Biosynthetic Process (GO:0060732),1/8,0.0079733565142536,0.0467491091129661,0,0,150.17293233082708,725.5830081396662,SNCA,Latent_53
KEGG_2021_Human,Positive Regulation Of Protein Localization To Early Endosome (GO:1902966),1/8,0.0079733565142536,0.0467491091129661,0,0,150.17293233082708,725.5830081396662,EZR,Latent_53
KEGG_2021_Human,Positive Regulation Of Protein Localization To Endosome (GO:1905668),1/8,0.0079733565142536,0.0467491091129661,0,0,150.17293233082708,725.5830081396662,EZR,Latent_53
KEGG_2021_Human,Negative Regulation Of Transporter Activity (GO:0032410),1/8,0.0079733565142536,0.0467491091129661,0,0,150.17293233082708,725.5830081396662,SNCA,Latent_53
KEGG_2021_Human,Astral Microtubule Organization (GO:0030953),1/8,0.0079733565142536,0.0467491091129661,0,0,150.17293233082708,725.5830081396662,EZR,Latent_53
KEGG_2021_Human,Regulation Of Pattern Recognition Receptor Signaling Pathway (GO:0062207),1/8,0.0079733565142536,0.0467491091129661,0,0,150.17293233082708,725.5830081396662,CD36,Latent_53
KEGG_2021_Human,Regulation Of Protein Localization To Early Endosome (GO:1902965),1/8,0.0079733565142536,0.0467491091129661,0,0,150.17293233082708,725.5830081396662,EZR,Latent_53
KEGG_2021_Human,Response To Magnesium Ion (GO:0032026),1/8,0.0079733565142536,0.0467491091129661,0,0,150.17293233082708,725.5830081396662,SNCA,Latent_53
KEGG_2021_Human,Negative Regulation Of cAMP-mediated Signaling (GO:0043951),1/8,0.0079733565142536,0.0467491091129661,0,0,150.17293233082708,725.5830081396662,PDE4D,Latent_53
KEGG_2021_Human,Positive Regulation Of Early Endosome To Late Endosome Transport (GO:2000643),1/8,0.0079733565142536,0.0467491091129661,0,0,150.17293233082708,725.5830081396662,EZR,Latent_53
KEGG_2021_Human,SNARE Complex Assembly (GO:0035493),1/9,0.0089657734963174,0.0467491091129661,0,0,131.39473684210526,619.439581424405,SNCA,Latent_53
KEGG_2021_Human,Actin-Mediated Cell Contraction (GO:0070252),1/9,0.0089657734963174,0.0467491091129661,0,0,131.39473684210526,619.439581424405,CAMK2D,Latent_53
KEGG_2021_Human,Positive Regulation Of Receptor Recycling (GO:0001921),1/9,0.0089657734963174,0.0467491091129661,0,0,131.39473684210526,619.439581424405,SNCA,Latent_53
KEGG_2021_Human,Amino Sugar Metabolic Process (GO:0006040),1/9,0.0089657734963174,0.0467491091129661,0,0,131.39473684210526,619.439581424405,CSGALNACT1,Latent_53
KEGG_2021_Human,Intestinal Cholesterol Absorption (GO:0030299),1/9,0.0089657734963174,0.0467491091129661,0,0,131.39473684210526,619.439581424405,CD36,Latent_53
KEGG_2021_Human,Lipid Import Into Cell (GO:0140354),1/9,0.0089657734963174,0.0467491091129661,0,0,131.39473684210526,619.439581424405,CD36,Latent_53
KEGG_2021_Human,Long-Chain Fatty Acid Import Into Cell (GO:0044539),1/9,0.0089657734963174,0.0467491091129661,0,0,131.39473684210526,619.439581424405,CD36,Latent_53
KEGG_2021_Human,Regulation Of Transmembrane Transporter Activity (GO:0022898),1/9,0.0089657734963174,0.0467491091129661,0,0,131.39473684210526,619.439581424405,SNCA,Latent_53
KEGG_2021_Human,Cellular Response To Oxidised Low-Density Lipoprotein Particle Stimulus (GO:0140052),1/9,0.0089657734963174,0.0467491091129661,0,0,131.39473684210526,619.439581424405,CD36,Latent_53
KEGG_2021_Human,Positive Regulation Of RIG-I Signaling Pathway (GO:1900246),1/9,0.0089657734963174,0.0467491091129661,0,0,131.39473684210526,619.439581424405,USP15,Latent_53
KEGG_2021_Human,Chondroitin Sulfate Proteoglycan Metabolic Process (GO:0050654),1/9,0.0089657734963174,0.0467491091129661,0,0,131.39473684210526,619.439581424405,CSGALNACT1,Latent_53
KEGG_2021_Human,Myeloid Dendritic Cell Differentiation (GO:0043011),1/9,0.0089657734963174,0.0467491091129661,0,0,131.39473684210526,619.439581424405,CAMK4,Latent_53
KEGG_2021_Human,Regulation Of Actin Filament-Based Movement (GO:1903115),1/9,0.0089657734963174,0.0467491091129661,0,0,131.39473684210526,619.439581424405,PDE4D,Latent_53
KEGG_2021_Human,Negative Regulation Of Protein Phosphorylation (GO:0001933),2/149,0.0095928139492284,0.0467491091129661,0,0,14.99092970521542,69.65896780574519,PDE4D;SNCA,Latent_53
KEGG_2021_Human,Negative Regulation Of Exocytosis (GO:0045920),1/10,0.0099572476243861,0.0467491091129661,0,0,116.78947368421052,538.3357753631753,SNCA,Latent_53
KEGG_2021_Human,Establishment Of Epithelial Cell Apical/Basal Polarity (GO:0045198),1/10,0.0099572476243861,0.0467491091129661,0,0,116.78947368421052,538.3357753631753,EZR,Latent_53
KEGG_2021_Human,Regulation Of Dendritic Cell Differentiation (GO:2001198),1/10,0.0099572476243861,0.0467491091129661,0,0,116.78947368421052,538.3357753631753,HLA-B,Latent_53
KEGG_2021_Human,Negative Regulation Of Oxidoreductase Activity (GO:0051354),1/10,0.0099572476243861,0.0467491091129661,0,0,116.78947368421052,538.3357753631753,SNCA,Latent_53
KEGG_2021_Human,Negative Regulation Of Sodium Ion Transmembrane Transporter Activity (GO:2000650),1/10,0.0099572476243861,0.0467491091129661,0,0,116.78947368421052,538.3357753631753,CAMK2D,Latent_53
KEGG_2021_Human,Regulation Of Phospholipase Activity (GO:0010517),1/10,0.0099572476243861,0.0467491091129661,0,0,116.78947368421052,538.3357753631753,SNCA,Latent_53
KEGG_2021_Human,Regulation Of Biosynthetic Process (GO:0009889),1/10,0.0099572476243861,0.0467491091129661,0,0,116.78947368421052,538.3357753631753,SNCA,Latent_53
KEGG_2021_Human,Regulation Of Calcium Ion Transmembrane Transport Via High Voltage-Gated Calcium Channel (GO:1902514),1/10,0.0099572476243861,0.0467491091129661,0,0,116.78947368421052,538.3357753631753,CAMK2D,Latent_53
KEGG_2021_Human,Regulation Of Cardiac Muscle Cell Apoptotic Process (GO:0010665),1/10,0.0099572476243861,0.0467491091129661,0,0,116.78947368421052,538.3357753631753,CAMK2D,Latent_53
KEGG_2021_Human,Regulation Of Cellular Component Organization (GO:0051128),2/153,0.0100924467453653,0.0467491091129661,0,0,14.590875643855776,67.05919728712611,CAMK2D;CD36,Latent_53
KEGG_2021_Human,Peptidyl-Serine Phosphorylation (GO:0018105),2/158,0.0107330383795101,0.0467491091129661,0,0,14.11965811965812,64.02458153854182,CAMK2D;CAMK4,Latent_53
KEGG_2021_Human,Negative Regulation Of Heart Contraction (GO:0045822),1/11,0.0109477797028559,0.0467491091129661,0,0,105.10526315789474,474.5101770765117,PDE4D,Latent_53
KEGG_2021_Human,Negative Regulation Of Microtubule Polymerization (GO:0031115),1/11,0.0109477797028559,0.0467491091129661,0,0,105.10526315789474,474.5101770765117,SNCA,Latent_53
KEGG_2021_Human,Negative Regulation Of Platelet-Derived Growth Factor Receptor Signaling Pathway (GO:0010642),1/11,0.0109477797028559,0.0467491091129661,0,0,105.10526315789474,474.5101770765117,SNCA,Latent_53
KEGG_2021_Human,Intestinal Absorption (GO:0050892),1/11,0.0109477797028559,0.0467491091129661,0,0,105.10526315789474,474.5101770765117,CD36,Latent_53
KEGG_2021_Human,Intestinal Lipid Absorption (GO:0098856),1/11,0.0109477797028559,0.0467491091129661,0,0,105.10526315789474,474.5101770765117,CD36,Latent_53
KEGG_2021_Human,Lipoprotein Transport (GO:0042953),1/11,0.0109477797028559,0.0467491091129661,0,0,105.10526315789474,474.5101770765117,CD36,Latent_53
KEGG_2021_Human,Catecholamine Biosynthetic Process (GO:0042423),1/11,0.0109477797028559,0.0467491091129661,0,0,105.10526315789474,474.5101770765117,SNCA,Latent_53
KEGG_2021_Human,Melanocyte Differentiation (GO:0030318),1/11,0.0109477797028559,0.0467491091129661,0,0,105.10526315789474,474.5101770765117,LRMDA,Latent_53
KEGG_2021_Human,Positive Regulation Of Cytoplasmic Transport (GO:1903651),1/11,0.0109477797028559,0.0467491091129661,0,0,105.10526315789474,474.5101770765117,EZR,Latent_53
KEGG_2021_Human,Protein Autophosphorylation (GO:0046777),2/162,0.0112582429558997,0.0467491091129661,0,0,13.76388888888889,61.75381693106292,CAMK2D;CAMK4,Latent_53
KEGG_2021_Human,Peptidyl-Serine Modification (GO:0018209),2/166,0.0117946676558054,0.0467491091129661,0,0,13.425474254742548,59.61055219489654,CAMK2D;CAMK4,Latent_53
KEGG_2021_Human,Fatty Acid Transmembrane Transport (GO:1902001),1/12,0.0119373705403343,0.0467491091129661,0,0,95.54545454545456,423.0830518492731,CD36,Latent_53
KEGG_2021_Human,Regulation Of Interleukin-5 Production (GO:0032674),1/12,0.0119373705403343,0.0467491091129661,0,0,95.54545454545456,423.0830518492731,PDE4D,Latent_53
KEGG_2021_Human,Positive Regulation Of Reactive Oxygen Species Biosynthetic Process (GO:1903428),1/12,0.0119373705403343,0.0467491091129661,0,0,95.54545454545456,423.0830518492731,CD36,Latent_53
KEGG_2021_Human,Regulation Of Monooxygenase Activity (GO:0032768),1/12,0.0119373705403343,0.0467491091129661,0,0,95.54545454545456,423.0830518492731,SNCA,Latent_53
KEGG_2021_Human,Lipoprotein Localization (GO:0044872),1/12,0.0119373705403343,0.0467491091129661,0,0,95.54545454545456,423.0830518492731,CD36,Latent_53
KEGG_2021_Human,Regulation Of Platelet-Derived Growth Factor Receptor Signaling Pathway (GO:0010640),1/12,0.0119373705403343,0.0467491091129661,0,0,95.54545454545456,423.0830518492731,SNCA,Latent_53
KEGG_2021_Human,Relaxation Of Cardiac Muscle (GO:0055119),1/12,0.0119373705403343,0.0467491091129661,0,0,95.54545454545456,423.0830518492731,CAMK2D,Latent_53
KEGG_2021_Human,Positive Regulation Of Alcohol Biosynthetic Process (GO:1902932),1/12,0.0119373705403343,0.0467491091129661,0,0,95.54545454545456,423.0830518492731,SNCA,Latent_53
KEGG_2021_Human,Regulation Of SNARE Complex Assembly (GO:0035542),1/12,0.0119373705403343,0.0467491091129661,0,0,95.54545454545456,423.0830518492731,SNCA,Latent_53
KEGG_2021_Human,Regulation Of T Cell Differentiation In Thymus (GO:0033081),1/12,0.0119373705403343,0.0467491091129661,0,0,95.54545454545456,423.0830518492731,CAMK4,Latent_53
KEGG_2021_Human,Response To Iron Ion (GO:0010039),1/12,0.0119373705403343,0.0467491091129661,0,0,95.54545454545456,423.0830518492731,SNCA,Latent_53
KEGG_2021_Human,Detection Of Bacterium (GO:0016045),1/12,0.0119373705403343,0.0467491091129661,0,0,95.54545454545456,423.0830518492731,HLA-B,Latent_53
KEGG_2021_Human,Regulation Of Transcription By RNA Polymerase II (GO:0006357),6/2028,0.0119730756764534,0.0467491091129661,0,0,3.8062738448495126,16.84312276445842,CAMK2D;NFIA;EZR;IKZF3;BACH2;SNCA,Latent_53
KEGG_2021_Human,Positive Regulation Of Cellular Biosynthetic Process (GO:0031328),2/174,0.0129008233573588,0.0467491091129661,0,0,12.795865633074936,55.66795462172957,CD36;SNCA,Latent_53
KEGG_2021_Human,Protein Phosphorylation (GO:0006468),3/500,0.0129021436445943,0.0467491091129661,0,0,6.917860101787194,30.09519437589187,USP15;CAMK2D;CAMK4,Latent_53
KEGG_2021_Human,Antigen Processing And Presentation Of Endogenous Peptide Antigen Via MHC Class I Via ER Pathway (GO:0002484),1/13,0.0129260209528938,0.0467491091129661,0,0,87.57894736842105,380.8381798737429,HLA-B,Latent_53
KEGG_2021_Human,"Antigen Processing And Presentation Of Endogenous Peptide Antigen Via MHC Class I Via ER Pathway, TAP-independent (GO:0002486)",1/13,0.0129260209528938,0.0467491091129661,0,0,87.57894736842105,380.8381798737429,HLA-B,Latent_53
KEGG_2021_Human,Antigen Processing And Presentation Of Endogenous Peptide Antigen Via MHC Class Ib (GO:0002476),1/13,0.0129260209528938,0.0467491091129661,0,0,87.57894736842105,380.8381798737429,HLA-B,Latent_53
KEGG_2021_Human,Antigen Processing And Presentation Of Peptide Antigen Via MHC Class Ib (GO:0002428),1/13,0.0129260209528938,0.0467491091129661,0,0,87.57894736842105,380.8381798737429,HLA-B,Latent_53
KEGG_2021_Human,Nucleotide-Sugar Metabolic Process (GO:0009225),1/13,0.0129260209528938,0.0467491091129661,0,0,87.57894736842105,380.8381798737429,CSGALNACT1,Latent_53
KEGG_2021_Human,Relaxation Of Muscle (GO:0090075),1/13,0.0129260209528938,0.0467491091129661,0,0,87.57894736842105,380.8381798737429,CAMK2D,Latent_53
KEGG_2021_Human,Chondroitin Sulfate Biosynthetic Process (GO:0030206),1/13,0.0129260209528938,0.0467491091129661,0,0,87.57894736842105,380.8381798737429,CSGALNACT1,Latent_53
KEGG_2021_Human,Myeloid Dendritic Cell Activation (GO:0001773),1/13,0.0129260209528938,0.0467491091129661,0,0,87.57894736842105,380.8381798737429,CAMK4,Latent_53
GO_Biological_Process_2023,Establishment Of Apical/Basal Cell Polarity (GO:0035089),1/14,0.01391373176082,0.0486980611628701,0,0,80.83805668016194,345.57291333057793,EZR,Latent_53
GO_Biological_Process_2023,Pathway-Restricted SMAD Protein Phosphorylation (GO:0060389),1/14,0.01391373176082,0.0486980611628701,0,0,80.83805668016194,345.57291333057793,USP15,Latent_53
GO_Biological_Process_2023,Microvillus Assembly (GO:0030033),1/14,0.01391373176082,0.0486980611628701,0,0,80.83805668016194,345.57291333057793,EZR,Latent_53
GO_Biological_Process_2023,Polarized Epithelial Cell Differentiation (GO:0030859),1/14,0.01391373176082,0.0486980611628701,0,0,80.83805668016194,345.57291333057793,EZR,Latent_53
KEGG_2021_Human,Establishment Of Apical/Basal Cell Polarity (GO:0035089),1/14,0.01391373176082,0.0486980611628701,0,0,80.83805668016194,345.57291333057793,EZR,Latent_53
KEGG_2021_Human,Pathway-Restricted SMAD Protein Phosphorylation (GO:0060389),1/14,0.01391373176082,0.0486980611628701,0,0,80.83805668016194,345.57291333057793,USP15,Latent_53
KEGG_2021_Human,Microvillus Assembly (GO:0030033),1/14,0.01391373176082,0.0486980611628701,0,0,80.83805668016194,345.57291333057793,EZR,Latent_53
KEGG_2021_Human,Polarized Epithelial Cell Differentiation (GO:0030859),1/14,0.01391373176082,0.0486980611628701,0,0,80.83805668016194,345.57291333057793,EZR,Latent_53
KEGG_2021_Human,Negative Regulation Of B Cell Activation (GO:0050869),2/20,0.00017856345892201654,0.0449979916483481,0,0,123.22222222222224,1063.4775841223657,BANK1;ID2,Latent_54
GO_Biological_Process_2023,Negative Regulation Of B Cell Activation (GO:0050869),2/20,0.00017856345892201654,0.0449979916483481,0,0,123.22222222222224,1063.4775841223657,BANK1;ID2,Latent_54
GO_Biological_Process_2023,IRE1-mediated Unfolded Protein Response (GO:0036498),2/6,1.421569389186376e-05,0.0063970622513386,0,0,554.8888888888889,6193.205890662571,ERN1;XBP1,Latent_55
KEGG_2021_Human,IRE1-mediated Unfolded Protein Response (GO:0036498),2/6,1.421569389186376e-05,0.0063970622513386,0,0,554.8888888888889,6193.205890662571,ERN1;XBP1,Latent_55
GO_Biological_Process_2023,Regulation Of Endoplasmic Reticulum Unfolded Protein Response (GO:1900101),2/9,3.405659800132413e-05,0.0076627345502979,0,0,317.031746031746,3261.459893047559,ERN1;XBP1,Latent_55
KEGG_2021_Human,Regulation Of Endoplasmic Reticulum Unfolded Protein Response (GO:1900101),2/9,3.405659800132413e-05,0.0076627345502979,0,0,317.031746031746,3261.459893047559,ERN1;XBP1,Latent_55
GO_Biological_Process_2023,Positive Regulation Of Endoplasmic Reticulum Unfolded Protein Response (GO:1900103),2/11,5.196871583395421e-05,0.0077953073750931,0,0,246.55555555555557,2432.238167772633,ERN1;XBP1,Latent_55
KEGG_2021_Human,Positive Regulation Of Endoplasmic Reticulum Unfolded Protein Response (GO:1900103),2/11,5.196871583395421e-05,0.0077953073750931,0,0,246.55555555555557,2432.238167772633,ERN1;XBP1,Latent_55
GO_Biological_Process_2023,Protein Phosphorylation (GO:0006468),5/500,0.00010873760095768424,0.0103373617774181,0,0,13.12121212121212,119.7516990744694,TGFBR3;ERN1;PRKCH;STK39;FYN,Latent_55
GO_Biological_Process_2023,Positive Regulation Of Response To Endoplasmic Reticulum Stress (GO:1905898),2/18,0.00014396293387323563,0.0103373617774181,0,0,138.63888888888889,1226.393330101256,ERN1;XBP1,Latent_55
GO_Biological_Process_2023,Stimulatory C-type Lectin Receptor Signaling Pathway (GO:0002223),2/19,0.0001608034054265043,0.0103373617774181,0,0,130.47712418300654,1139.760479290825,FYN;KLRD1,Latent_55
GO_Biological_Process_2023,Cellular Response To Lectin (GO:1990858),2/19,0.0001608034054265043,0.0103373617774181,0,0,130.47712418300654,1139.760479290825,FYN;KLRD1,Latent_55
KEGG_2021_Human,Protein Phosphorylation (GO:0006468),5/500,0.00010873760095768424,0.0103373617774181,0,0,13.12121212121212,119.7516990744694,TGFBR3;ERN1;PRKCH;STK39;FYN,Latent_55
KEGG_2021_Human,Positive Regulation Of Response To Endoplasmic Reticulum Stress (GO:1905898),2/18,0.00014396293387323563,0.0103373617774181,0,0,138.63888888888889,1226.393330101256,ERN1;XBP1,Latent_55
KEGG_2021_Human,Stimulatory C-type Lectin Receptor Signaling Pathway (GO:0002223),2/19,0.0001608034054265043,0.0103373617774181,0,0,130.47712418300654,1139.760479290825,FYN;KLRD1,Latent_55
KEGG_2021_Human,Cellular Response To Lectin (GO:1990858),2/19,0.0001608034054265043,0.0103373617774181,0,0,130.47712418300654,1139.760479290825,FYN;KLRD1,Latent_55
GO_Biological_Process_2023,Hepaticobiliary System Development (GO:0061008),2/23,0.0002373444131594564,0.0126494572439814,0,0,105.6031746031746,881.3639106067293,TGFBR3;XBP1,Latent_55
GO_Biological_Process_2023,Fc-gamma Receptor Signaling Pathway (GO:0038094),2/24,0.00025876610708752327,0.0126494572439814,0,0,100.7979797979798,832.5495793111635,FYN;CD247,Latent_55
GO_Biological_Process_2023,Cellular Response To Hexose Stimulus (GO:0071331),2/25,0.0002810990498662536,0.0126494572439814,0,0,96.41062801932368,788.3307567801231,ERN1;XBP1,Latent_55
KEGG_2021_Human,Hepaticobiliary System Development (GO:0061008),2/23,0.0002373444131594564,0.0126494572439814,0,0,105.6031746031746,881.3639106067293,TGFBR3;XBP1,Latent_55
KEGG_2021_Human,Fc-gamma Receptor Signaling Pathway (GO:0038094),2/24,0.00025876610708752327,0.0126494572439814,0,0,100.7979797979798,832.5495793111635,FYN;CD247,Latent_55
KEGG_2021_Human,Cellular Response To Hexose Stimulus (GO:0071331),2/25,0.0002810990498662536,0.0126494572439814,0,0,96.41062801932368,788.3307567801231,ERN1;XBP1,Latent_55
GO_Biological_Process_2023,Innate Immune Response Activating Cell Surface Receptor Signaling Pathway (GO:0002220),2/30,0.00040637445946356223,0.0155863951814201,0,0,79.17460317460318,618.2139479571657,KLRD1;FYN,Latent_55
GO_Biological_Process_2023,Peptidyl-Serine Phosphorylation (GO:0018105),3/158,0.000499603264385389,0.0155863951814201,0,0,22.57115749525617,171.5790831936098,ERN1;PRKCH;STK39,Latent_55
GO_Biological_Process_2023,Cellular Response To Glucose Stimulus (GO:0071333),2/34,0.0005228284778315545,0.0155863951814201,0,0,69.26388888888889,523.3757526021546,ERN1;XBP1,Latent_55
GO_Biological_Process_2023,Protein Autophosphorylation (GO:0046777),3/162,0.0005373999824485817,0.0155863951814201,0,0,21.99889012208657,165.6245376645394,ERN1;STK39;FYN,Latent_55
GO_Biological_Process_2023,Liver Development (GO:0001889),2/35,0.0005541829397838258,0.0155863951814201,0,0,67.16161616161617,503.57885305588366,TGFBR3;XBP1,Latent_55
GO_Biological_Process_2023,Cellular Response To Amino Acid Stimulus (GO:0071230),2/35,0.0005541829397838258,0.0155863951814201,0,0,67.16161616161617,503.57885305588366,XBP1;FYN,Latent_55
KEGG_2021_Human,Innate Immune Response Activating Cell Surface Receptor Signaling Pathway (GO:0002220),2/30,0.00040637445946356223,0.0155863951814201,0,0,79.17460317460318,618.2139479571657,KLRD1;FYN,Latent_55
KEGG_2021_Human,Peptidyl-Serine Phosphorylation (GO:0018105),3/158,0.000499603264385389,0.0155863951814201,0,0,22.57115749525617,171.5790831936098,ERN1;PRKCH;STK39,Latent_55
KEGG_2021_Human,Cellular Response To Glucose Stimulus (GO:0071333),2/34,0.0005228284778315545,0.0155863951814201,0,0,69.26388888888889,523.3757526021546,ERN1;XBP1,Latent_55
KEGG_2021_Human,Protein Autophosphorylation (GO:0046777),3/162,0.0005373999824485817,0.0155863951814201,0,0,21.99889012208657,165.6245376645394,ERN1;STK39;FYN,Latent_55
KEGG_2021_Human,Liver Development (GO:0001889),2/35,0.0005541829397838258,0.0155863951814201,0,0,67.16161616161617,503.57885305588366,TGFBR3;XBP1,Latent_55
KEGG_2021_Human,Cellular Response To Amino Acid Stimulus (GO:0071230),2/35,0.0005541829397838258,0.0155863951814201,0,0,67.16161616161617,503.57885305588366,XBP1;FYN,Latent_55
GO_Biological_Process_2023,Phosphorylation (GO:0016310),4/429,0.0007699942517366621,0.0198244663173903,0,0,11.50294117647059,82.46605201598936,ERN1;PRKCH;STK39;FYN,Latent_55
GO_Biological_Process_2023,Intracellular Glucose Homeostasis (GO:0001678),2/43,0.0008370330222898128,0.0198244663173903,0,0,54.03523035230352,382.87456973669936,ERN1;XBP1,Latent_55
GO_Biological_Process_2023,Learning (GO:0007612),2/43,0.0008370330222898128,0.0198244663173903,0,0,54.03523035230352,382.87456973669936,ATXN1;FYN,Latent_55
KEGG_2021_Human,Phosphorylation (GO:0016310),4/429,0.0007699942517366621,0.0198244663173903,0,0,11.50294117647059,82.46605201598936,ERN1;PRKCH;STK39;FYN,Latent_55
KEGG_2021_Human,Intracellular Glucose Homeostasis (GO:0001678),2/43,0.0008370330222898128,0.0198244663173903,0,0,54.03523035230352,382.87456973669936,ERN1;XBP1,Latent_55
KEGG_2021_Human,Learning (GO:0007612),2/43,0.0008370330222898128,0.0198244663173903,0,0,54.03523035230352,382.87456973669936,ATXN1;FYN,Latent_55
GO_Biological_Process_2023,Response To Glucose (GO:0009749),2/46,0.0009576675617417908,0.0215475201391902,0,0,50.343434343434346,349.9377081556704,ERN1;XBP1,Latent_55
KEGG_2021_Human,Response To Glucose (GO:0009749),2/46,0.0009576675617417908,0.0215475201391902,0,0,50.343434343434346,349.9377081556704,ERN1;XBP1,Latent_55
GO_Biological_Process_2023,Regulation Of Focal Adhesion Assembly (GO:0051893),2/54,0.0013177506939226,0.0277127031727815,0,0,42.58119658119658,282.3912150075315,FYN;ACTG1,Latent_55
GO_Biological_Process_2023,Response To Peptide Hormone (GO:0043434),2/55,0.0013666584956143,0.0277127031727815,0,0,41.77568134171908,275.5267677897696,TGFBR3;XBP1,Latent_55
GO_Biological_Process_2023,Cellular Response To Peptide (GO:1901653),2/56,0.0014164270510532,0.0277127031727815,0,0,41.0,268.9443273175631,XBP1;FYN,Latent_55
KEGG_2021_Human,Regulation Of Focal Adhesion Assembly (GO:0051893),2/54,0.0013177506939226,0.0277127031727815,0,0,42.58119658119658,282.3912150075315,FYN;ACTG1,Latent_55
KEGG_2021_Human,Response To Peptide Hormone (GO:0043434),2/55,0.0013666584956143,0.0277127031727815,0,0,41.77568134171908,275.5267677897696,TGFBR3;XBP1,Latent_55
KEGG_2021_Human,Cellular Response To Peptide (GO:1901653),2/56,0.0014164270510532,0.0277127031727815,0,0,41.0,268.9443273175631,XBP1;FYN,Latent_55
GO_Biological_Process_2023,Memory (GO:0007613),2/58,0.0015185400416673,0.0284726257812632,0,0,39.53174603174603,256.5612651652447,ATXN1;PLCB1,Latent_55
KEGG_2021_Human,Memory (GO:0007613),2/58,0.0015185400416673,0.0284726257812632,0,0,39.53174603174603,256.5612651652447,ATXN1;PLCB1,Latent_55
GO_Biological_Process_2023,Regulation Of Cell-Matrix Adhesion (GO:0001952),2/65,0.0019028153491433,0.0342506762845795,0,0,35.12698412698413,220.05020743610217,FYN;ACTG1,Latent_55
KEGG_2021_Human,Regulation Of Cell-Matrix Adhesion (GO:0001952),2/65,0.0019028153491433,0.0342506762845795,0,0,35.12698412698413,220.05020743610217,FYN;ACTG1,Latent_55
GO_Biological_Process_2023,Gland Development (GO:0048732),2/74,0.0024576407666974,0.0425360901928409,0,0,30.72222222222222,184.5961136225927,TGFBR3;XBP1,Latent_55
KEGG_2021_Human,Gland Development (GO:0048732),2/74,0.0024576407666974,0.0425360901928409,0,0,30.72222222222222,184.5961136225927,TGFBR3;XBP1,Latent_55
GO_Biological_Process_2023,Positive Regulation Of Cell Differentiation (GO:0045597),3/283,0.0026735904476648,0.0445598407944138,0,0,12.415966386554622,73.5563190551011,XBP1;PRKCH;PLCB1,Latent_55
KEGG_2021_Human,Positive Regulation Of Cell Differentiation (GO:0045597),3/283,0.0026735904476648,0.0445598407944138,0,0,12.415966386554622,73.5563190551011,XBP1;PRKCH;PLCB1,Latent_55
GO_Biological_Process_2023,Positive Regulation Of Protein Localization To Membrane (GO:1905477),2/79,0.0027950276574232,0.0449200873514449,0,0,28.72005772005772,168.87144870732206,PRKCH;FYN,Latent_55
KEGG_2021_Human,Positive Regulation Of Protein Localization To Membrane (GO:1905477),2/79,0.0027950276574232,0.0449200873514449,0,0,28.72005772005772,168.87144870732206,PRKCH;FYN,Latent_55
GO_Biological_Process_2023,T Cell Receptor Signaling Pathway (GO:0050852),2/95,0.0040119852700405,0.0489738343642786,0,0,23.759856630824373,131.11803417110073,FYN;CD247,Latent_55
GO_Biological_Process_2023,Protein Modification Process (GO:0036211),4/711,0.0048702894439726,0.0489738343642786,0,0,6.815063649222065,36.28750092051036,ERN1;PRKCH;STK39;FYN,Latent_55
GO_Biological_Process_2023,Positive Regulation Of Stress-Activated MAPK Cascade (GO:0032874),2/105,0.0048767883644565,0.0489738343642786,0,0,21.44228694714132,114.14304848253492,STK39;PLCB1,Latent_55
GO_Biological_Process_2023,C-terminal Protein Deglutamylation (GO:0035609),1/5,0.0049904406959516,0.0489738343642786,0,0,262.8421052631579,1393.123889480945,AGTPBP1,Latent_55
GO_Biological_Process_2023,Positive Regulation Of Killing Of Cells Of Another Organism (GO:0051712),1/5,0.0049904406959516,0.0489738343642786,0,0,262.8421052631579,1393.123889480945,PRF1,Latent_55
GO_Biological_Process_2023,Positive Regulation Of Monoatomic Ion Transmembrane Transport (GO:0034767),1/5,0.0049904406959516,0.0489738343642786,0,0,262.8421052631579,1393.123889480945,STK39,Latent_55
GO_Biological_Process_2023,Regulation Of Glutamate Receptor Signaling Pathway (GO:1900449),1/5,0.0049904406959516,0.0489738343642786,0,0,262.8421052631579,1393.123889480945,FYN,Latent_55
GO_Biological_Process_2023,Regulation Of Hepatocyte Proliferation (GO:2000345),1/5,0.0049904406959516,0.0489738343642786,0,0,262.8421052631579,1393.123889480945,XBP1,Latent_55
GO_Biological_Process_2023,Ventricular Compact Myocardium Morphogenesis (GO:0003223),1/5,0.0049904406959516,0.0489738343642786,0,0,262.8421052631579,1393.123889480945,TGFBR3,Latent_55
GO_Biological_Process_2023,Protein Import (GO:0017038),1/5,0.0049904406959516,0.0489738343642786,0,0,262.8421052631579,1393.123889480945,PRF1,Latent_55
GO_Biological_Process_2023,Chemokine (C-X-C Motif) Ligand 12 Signaling Pathway (GO:0038146),1/5,0.0049904406959516,0.0489738343642786,0,0,262.8421052631579,1393.123889480945,STK39,Latent_55
GO_Biological_Process_2023,Response To Gonadotropin (GO:0034698),1/5,0.0049904406959516,0.0489738343642786,0,0,262.8421052631579,1393.123889480945,TGFBR3,Latent_55
GO_Biological_Process_2023,Negative Regulation Of Cellular Extravasation (GO:0002692),1/5,0.0049904406959516,0.0489738343642786,0,0,262.8421052631579,1393.123889480945,PLCB1,Latent_55
GO_Biological_Process_2023,Regulation Of JNK Cascade (GO:0046328),2/110,0.00533866315253,0.0489738343642786,0,0,20.444444444444443,106.98128006787496,TGFBR3;PLCB1,Latent_55
GO_Biological_Process_2023,Response To Endoplasmic Reticulum Stress (GO:0034976),2/114,0.0057221397634708,0.0489738343642786,0,0,19.71031746031746,101.77249874583728,ERN1;XBP1,Latent_55
GO_Biological_Process_2023,Positive Regulation Of Gliogenesis (GO:0014015),1/6,0.0059856908667451,0.0489738343642786,0,0,210.26315789473685,1076.2074808846232,PRKCH,Latent_55
GO_Biological_Process_2023,ATF6-mediated Unfolded Protein Response (GO:0036500),1/6,0.0059856908667451,0.0489738343642786,0,0,210.26315789473685,1076.2074808846232,XBP1,Latent_55
GO_Biological_Process_2023,Regulation Of Glial Cell Apoptotic Process (GO:0034350),1/6,0.0059856908667451,0.0489738343642786,0,0,210.26315789473685,1076.2074808846232,PRKCH,Latent_55
GO_Biological_Process_2023,Heart Trabecula Formation (GO:0060347),1/6,0.0059856908667451,0.0489738343642786,0,0,210.26315789473685,1076.2074808846232,TGFBR3,Latent_55
GO_Biological_Process_2023,Hypotonic Response (GO:0006971),1/6,0.0059856908667451,0.0489738343642786,0,0,210.26315789473685,1076.2074808846232,STK39,Latent_55
GO_Biological_Process_2023,Intracellular Triglyceride Homeostasis (GO:0035356),1/6,0.0059856908667451,0.0489738343642786,0,0,210.26315789473685,1076.2074808846232,XBP1,Latent_55
GO_Biological_Process_2023,Protein Deglutamylation (GO:0035608),1/6,0.0059856908667451,0.0489738343642786,0,0,210.26315789473685,1076.2074808846232,AGTPBP1,Latent_55
GO_Biological_Process_2023,Maintenance Of Lens Transparency (GO:0036438),1/6,0.0059856908667451,0.0489738343642786,0,0,210.26315789473685,1076.2074808846232,STK39,Latent_55
GO_Biological_Process_2023,Cellular Hypotonic Response (GO:0071476),1/6,0.0059856908667451,0.0489738343642786,0,0,210.26315789473685,1076.2074808846232,STK39,Latent_55
GO_Biological_Process_2023,Positive Regulation Of B Cell Receptor Signaling Pathway (GO:0050861),1/6,0.0059856908667451,0.0489738343642786,0,0,210.26315789473685,1076.2074808846232,PRKCH,Latent_55
GO_Biological_Process_2023,Definitive Hemopoiesis (GO:0060216),1/6,0.0059856908667451,0.0489738343642786,0,0,210.26315789473685,1076.2074808846232,TGFBR3,Latent_55
GO_Biological_Process_2023,Positive Regulation Of Cell Killing (GO:0031343),1/6,0.0059856908667451,0.0489738343642786,0,0,210.26315789473685,1076.2074808846232,PRF1,Latent_55
KEGG_2021_Human,T Cell Receptor Signaling Pathway (GO:0050852),2/95,0.0040119852700405,0.0489738343642786,0,0,23.759856630824373,131.11803417110073,FYN;CD247,Latent_55
KEGG_2021_Human,Protein Modification Process (GO:0036211),4/711,0.0048702894439726,0.0489738343642786,0,0,6.815063649222065,36.28750092051036,ERN1;PRKCH;STK39;FYN,Latent_55
KEGG_2021_Human,Positive Regulation Of Stress-Activated MAPK Cascade (GO:0032874),2/105,0.0048767883644565,0.0489738343642786,0,0,21.44228694714132,114.14304848253492,STK39;PLCB1,Latent_55
KEGG_2021_Human,C-terminal Protein Deglutamylation (GO:0035609),1/5,0.0049904406959516,0.0489738343642786,0,0,262.8421052631579,1393.123889480945,AGTPBP1,Latent_55
KEGG_2021_Human,Positive Regulation Of Killing Of Cells Of Another Organism (GO:0051712),1/5,0.0049904406959516,0.0489738343642786,0,0,262.8421052631579,1393.123889480945,PRF1,Latent_55
KEGG_2021_Human,Positive Regulation Of Monoatomic Ion Transmembrane Transport (GO:0034767),1/5,0.0049904406959516,0.0489738343642786,0,0,262.8421052631579,1393.123889480945,STK39,Latent_55
KEGG_2021_Human,Regulation Of Glutamate Receptor Signaling Pathway (GO:1900449),1/5,0.0049904406959516,0.0489738343642786,0,0,262.8421052631579,1393.123889480945,FYN,Latent_55
KEGG_2021_Human,Regulation Of Hepatocyte Proliferation (GO:2000345),1/5,0.0049904406959516,0.0489738343642786,0,0,262.8421052631579,1393.123889480945,XBP1,Latent_55
KEGG_2021_Human,Ventricular Compact Myocardium Morphogenesis (GO:0003223),1/5,0.0049904406959516,0.0489738343642786,0,0,262.8421052631579,1393.123889480945,TGFBR3,Latent_55
KEGG_2021_Human,Protein Import (GO:0017038),1/5,0.0049904406959516,0.0489738343642786,0,0,262.8421052631579,1393.123889480945,PRF1,Latent_55
KEGG_2021_Human,Chemokine (C-X-C Motif) Ligand 12 Signaling Pathway (GO:0038146),1/5,0.0049904406959516,0.0489738343642786,0,0,262.8421052631579,1393.123889480945,STK39,Latent_55
KEGG_2021_Human,Response To Gonadotropin (GO:0034698),1/5,0.0049904406959516,0.0489738343642786,0,0,262.8421052631579,1393.123889480945,TGFBR3,Latent_55
KEGG_2021_Human,Negative Regulation Of Cellular Extravasation (GO:0002692),1/5,0.0049904406959516,0.0489738343642786,0,0,262.8421052631579,1393.123889480945,PLCB1,Latent_55
KEGG_2021_Human,Regulation Of JNK Cascade (GO:0046328),2/110,0.00533866315253,0.0489738343642786,0,0,20.444444444444443,106.98128006787496,TGFBR3;PLCB1,Latent_55
KEGG_2021_Human,Response To Endoplasmic Reticulum Stress (GO:0034976),2/114,0.0057221397634708,0.0489738343642786,0,0,19.71031746031746,101.77249874583728,ERN1;XBP1,Latent_55
KEGG_2021_Human,Positive Regulation Of Gliogenesis (GO:0014015),1/6,0.0059856908667451,0.0489738343642786,0,0,210.26315789473685,1076.2074808846232,PRKCH,Latent_55
KEGG_2021_Human,ATF6-mediated Unfolded Protein Response (GO:0036500),1/6,0.0059856908667451,0.0489738343642786,0,0,210.26315789473685,1076.2074808846232,XBP1,Latent_55
KEGG_2021_Human,Regulation Of Glial Cell Apoptotic Process (GO:0034350),1/6,0.0059856908667451,0.0489738343642786,0,0,210.26315789473685,1076.2074808846232,PRKCH,Latent_55
KEGG_2021_Human,Heart Trabecula Formation (GO:0060347),1/6,0.0059856908667451,0.0489738343642786,0,0,210.26315789473685,1076.2074808846232,TGFBR3,Latent_55
KEGG_2021_Human,Hypotonic Response (GO:0006971),1/6,0.0059856908667451,0.0489738343642786,0,0,210.26315789473685,1076.2074808846232,STK39,Latent_55
KEGG_2021_Human,Intracellular Triglyceride Homeostasis (GO:0035356),1/6,0.0059856908667451,0.0489738343642786,0,0,210.26315789473685,1076.2074808846232,XBP1,Latent_55
KEGG_2021_Human,Protein Deglutamylation (GO:0035608),1/6,0.0059856908667451,0.0489738343642786,0,0,210.26315789473685,1076.2074808846232,AGTPBP1,Latent_55
KEGG_2021_Human,Maintenance Of Lens Transparency (GO:0036438),1/6,0.0059856908667451,0.0489738343642786,0,0,210.26315789473685,1076.2074808846232,STK39,Latent_55
KEGG_2021_Human,Cellular Hypotonic Response (GO:0071476),1/6,0.0059856908667451,0.0489738343642786,0,0,210.26315789473685,1076.2074808846232,STK39,Latent_55
KEGG_2021_Human,Positive Regulation Of B Cell Receptor Signaling Pathway (GO:0050861),1/6,0.0059856908667451,0.0489738343642786,0,0,210.26315789473685,1076.2074808846232,PRKCH,Latent_55
KEGG_2021_Human,Definitive Hemopoiesis (GO:0060216),1/6,0.0059856908667451,0.0489738343642786,0,0,210.26315789473685,1076.2074808846232,TGFBR3,Latent_55
KEGG_2021_Human,Positive Regulation Of Cell Killing (GO:0031343),1/6,0.0059856908667451,0.0489738343642786,0,0,210.26315789473685,1076.2074808846232,PRF1,Latent_55
GO_Biological_Process_2023,Positive Regulation Of Multicellular Organismal Process (GO:0051240),3/387,0.006417255691242,0.0498571135298627,0,0,9.005514705882353,45.46672488829847,XBP1;PRKCH;PLCB1,Latent_55
GO_Biological_Process_2023,Negative Regulation Of Glial Cell Apoptotic Process (GO:0034351),1/7,0.0069799958941807,0.0498571135298627,0,0,175.21052631578948,869.8689177892479,PRKCH,Latent_55
GO_Biological_Process_2023,Regulation Of Endodeoxyribonuclease Activity (GO:0032071),1/7,0.0069799958941807,0.0498571135298627,0,0,175.21052631578948,869.8689177892479,GZMA,Latent_55
GO_Biological_Process_2023,Immunological Synapse Formation (GO:0001771),1/7,0.0069799958941807,0.0498571135298627,0,0,175.21052631578948,869.8689177892479,PRF1,Latent_55
GO_Biological_Process_2023,Peptidyl-Serine Autophosphorylation (GO:0036289),1/7,0.0069799958941807,0.0498571135298627,0,0,175.21052631578948,869.8689177892479,ERN1,Latent_55
GO_Biological_Process_2023,Regulation Of Vascular Wound Healing (GO:0061043),1/7,0.0069799958941807,0.0498571135298627,0,0,175.21052631578948,869.8689177892479,XBP1,Latent_55
GO_Biological_Process_2023,Coronary Vasculature Morphogenesis (GO:0060977),1/7,0.0069799958941807,0.0498571135298627,0,0,175.21052631578948,869.8689177892479,TGFBR3,Latent_55
GO_Biological_Process_2023,Negative Regulation Of T Cell Mediated Cytotoxicity (GO:0001915),1/7,0.0069799958941807,0.0498571135298627,0,0,175.21052631578948,869.8689177892479,KLRD1,Latent_55
KEGG_2021_Human,Positive Regulation Of Multicellular Organismal Process (GO:0051240),3/387,0.006417255691242,0.0498571135298627,0,0,9.005514705882353,45.46672488829847,XBP1;PRKCH;PLCB1,Latent_55
KEGG_2021_Human,Negative Regulation Of Glial Cell Apoptotic Process (GO:0034351),1/7,0.0069799958941807,0.0498571135298627,0,0,175.21052631578948,869.8689177892479,PRKCH,Latent_55
KEGG_2021_Human,Regulation Of Endodeoxyribonuclease Activity (GO:0032071),1/7,0.0069799958941807,0.0498571135298627,0,0,175.21052631578948,869.8689177892479,GZMA,Latent_55
KEGG_2021_Human,Immunological Synapse Formation (GO:0001771),1/7,0.0069799958941807,0.0498571135298627,0,0,175.21052631578948,869.8689177892479,PRF1,Latent_55
KEGG_2021_Human,Peptidyl-Serine Autophosphorylation (GO:0036289),1/7,0.0069799958941807,0.0498571135298627,0,0,175.21052631578948,869.8689177892479,ERN1,Latent_55
KEGG_2021_Human,Regulation Of Vascular Wound Healing (GO:0061043),1/7,0.0069799958941807,0.0498571135298627,0,0,175.21052631578948,869.8689177892479,XBP1,Latent_55
KEGG_2021_Human,Coronary Vasculature Morphogenesis (GO:0060977),1/7,0.0069799958941807,0.0498571135298627,0,0,175.21052631578948,869.8689177892479,TGFBR3,Latent_55
KEGG_2021_Human,Negative Regulation Of T Cell Mediated Cytotoxicity (GO:0001915),1/7,0.0069799958941807,0.0498571135298627,0,0,175.21052631578948,869.8689177892479,KLRD1,Latent_55
GO_Biological_Process_2023,Immunoglobulin Mediated Immune Response (GO:0016064),4/30,1.959060801430416e-08,5.289464163862123e-06,0,0,191.8653846153846,3405.2682062867107,CD74;HLA-DRA;HLA-DRB1;HLA-DQA1,Latent_56
KEGG_2021_Human,Immunoglobulin Mediated Immune Response (GO:0016064),4/30,1.959060801430416e-08,5.289464163862123e-06,0,0,191.8653846153846,3405.2682062867107,CD74;HLA-DRA;HLA-DRB1;HLA-DQA1,Latent_56
GO_Biological_Process_2023,Peptide Antigen Assembly With MHC Class II Protein Complex (GO:0002503),3/14,3.090573771855685e-07,2.781516394670116e-05,0,0,320.3582887700535,4802.087100103054,HLA-DRA;HLA-DQA1;HLA-DRB1,Latent_56
GO_Biological_Process_2023,MHC Class II Protein Complex Assembly (GO:0002399),3/14,3.090573771855685e-07,2.781516394670116e-05,0,0,320.3582887700535,4802.087100103054,HLA-DRA;HLA-DQA1;HLA-DRB1,Latent_56
KEGG_2021_Human,Peptide Antigen Assembly With MHC Class II Protein Complex (GO:0002503),3/14,3.090573771855685e-07,2.781516394670116e-05,0,0,320.3582887700535,4802.087100103054,HLA-DRA;HLA-DQA1;HLA-DRB1,Latent_56
KEGG_2021_Human,MHC Class II Protein Complex Assembly (GO:0002399),3/14,3.090573771855685e-07,2.781516394670116e-05,0,0,320.3582887700535,4802.087100103054,HLA-DRA;HLA-DQA1;HLA-DRB1,Latent_56
GO_Biological_Process_2023,Peptide Antigen Assembly With MHC Protein Complex (GO:0002501),3/18,6.910743741904565e-07,4.4286991499701714e-05,0,0,234.8823529411765,3331.8104950829,HLA-DRA;HLA-DQA1;HLA-DRB1,Latent_56
GO_Biological_Process_2023,Immunoglobulin Production Involved In Immunoglobulin-Mediated Immune Response (GO:0002381),3/19,8.201294722166984e-07,4.4286991499701714e-05,0,0,220.19117647058823,3085.7159050798964,HLA-DRA;HLA-DQA1;HLA-DRB1,Latent_56
KEGG_2021_Human,Peptide Antigen Assembly With MHC Protein Complex (GO:0002501),3/18,6.910743741904565e-07,4.4286991499701714e-05,0,0,234.8823529411765,3331.8104950829,HLA-DRA;HLA-DQA1;HLA-DRB1,Latent_56
KEGG_2021_Human,Immunoglobulin Production Involved In Immunoglobulin-Mediated Immune Response (GO:0002381),3/19,8.201294722166984e-07,4.4286991499701714e-05,0,0,220.19117647058823,3085.7159050798964,HLA-DRA;HLA-DQA1;HLA-DRB1,Latent_56
GO_Biological_Process_2023,Antigen Processing And Presentation Of Exogenous Peptide Antigen Via MHC Class II (GO:0019886),3/26,2.1907791586236774e-06,9.858506213806548e-05,0,0,153.1227621483376,1995.3814991245245,HLA-DRA;HLA-DRB1;HLA-DQA1,Latent_56
KEGG_2021_Human,Antigen Processing And Presentation Of Exogenous Peptide Antigen Via MHC Class II (GO:0019886),3/26,2.1907791586236774e-06,9.858506213806548e-05,0,0,153.1227621483376,1995.3814991245245,HLA-DRA;HLA-DRB1;HLA-DQA1,Latent_56
GO_Biological_Process_2023,Antigen Processing And Presentation Of Peptide Antigen Via MHC Class II (GO:0002495),3/28,2.756870805011792e-06,0.00010633644533616913,0,0,140.85882352941175,1803.1921560828853,HLA-DRA;HLA-DRB1;HLA-DQA1,Latent_56
KEGG_2021_Human,Antigen Processing And Presentation Of Peptide Antigen Via MHC Class II (GO:0002495),3/28,2.756870805011792e-06,0.00010633644533616913,0,0,140.85882352941175,1803.1921560828853,HLA-DRA;HLA-DRB1;HLA-DQA1,Latent_56
GO_Biological_Process_2023,Antigen Processing And Presentation Of Exogenous Peptide Antigen (GO:0002478),3/31,3.775486561735298e-06,0.0001274226714585663,0,0,125.74789915966386,1570.2116644461864,HLA-DRA;HLA-DRB1;HLA-DQA1,Latent_56
KEGG_2021_Human,Antigen Processing And Presentation Of Exogenous Peptide Antigen (GO:0002478),3/31,3.775486561735298e-06,0.0001274226714585663,0,0,125.74789915966386,1570.2116644461864,HLA-DRA;HLA-DRB1;HLA-DQA1,Latent_56
GO_Biological_Process_2023,"Positive Regulation Of CD4-positive, CD25-positive, Alpha-Beta Regulatory T Cell Differentiation (GO:0032831)",2/5,9.482777500558208e-06,0.0002844833250167462,0,0,739.8888888888889,8557.579526684436,HLA-DRA;HLA-DRB1,Latent_56
KEGG_2021_Human,"Positive Regulation Of CD4-positive, CD25-positive, Alpha-Beta Regulatory T Cell Differentiation (GO:0032831)",2/5,9.482777500558208e-06,0.0002844833250167462,0,0,739.8888888888889,8557.579526684436,HLA-DRA;HLA-DRB1,Latent_56
GO_Biological_Process_2023,Positive Regulation Of Leukocyte Cell-Cell Adhesion (GO:1903039),3/44,1.1032325952813076e-05,0.00029787280072595307,0,0,85.8206599713056,979.6154457787004,HLA-DRA;HLA-DRB1;HLA-DQA1,Latent_56
KEGG_2021_Human,Positive Regulation Of Leukocyte Cell-Cell Adhesion (GO:1903039),3/44,1.1032325952813076e-05,0.00029787280072595307,0,0,85.8206599713056,979.6154457787004,HLA-DRA;HLA-DRB1;HLA-DQA1,Latent_56
GO_Biological_Process_2023,Positive Regulation Of Lymphocyte Activation (GO:0051251),3/47,1.3481397438261951e-05,0.0003198531125669346,0,0,79.9572192513369,896.6562313634217,HLA-DRA;HLA-DRB1;HLA-DQA1,Latent_56
GO_Biological_Process_2023,Regulation Of T-helper Cell Differentiation (GO:0045622),2/6,1.421569389186376e-05,0.0003198531125669346,0,0,554.8888888888889,6193.205890662571,HLA-DRA;HLA-DRB1,Latent_56
KEGG_2021_Human,Positive Regulation Of Lymphocyte Activation (GO:0051251),3/47,1.3481397438261951e-05,0.0003198531125669346,0,0,79.9572192513369,896.6562313634217,HLA-DRA;HLA-DRB1;HLA-DQA1,Latent_56
KEGG_2021_Human,Regulation Of T-helper Cell Differentiation (GO:0045622),2/6,1.421569389186376e-05,0.0003198531125669346,0,0,554.8888888888889,6193.205890662571,HLA-DRA;HLA-DRB1,Latent_56
GO_Biological_Process_2023,"Positive Regulation Of CD4-positive, Alpha-Beta T Cell Differentiation (GO:0043372)",2/7,1.989010047124072e-05,0.0003835947948024995,0,0,443.8888888888889,4805.225245888672,HLA-DRA;HLA-DRB1,Latent_56
GO_Biological_Process_2023,"Regulation Of CD4-positive, Alpha-Beta T Cell Activation (GO:2000514)",2/7,1.989010047124072e-05,0.0003835947948024995,0,0,443.8888888888889,4805.225245888672,HLA-DRA;HLA-DRB1,Latent_56
KEGG_2021_Human,"Positive Regulation Of CD4-positive, Alpha-Beta T Cell Differentiation (GO:0043372)",2/7,1.989010047124072e-05,0.0003835947948024995,0,0,443.8888888888889,4805.225245888672,HLA-DRA;HLA-DRB1,Latent_56
KEGG_2021_Human,"Regulation Of CD4-positive, Alpha-Beta T Cell Activation (GO:2000514)",2/7,1.989010047124072e-05,0.0003835947948024995,0,0,443.8888888888889,4805.225245888672,HLA-DRA;HLA-DRB1,Latent_56
GO_Biological_Process_2023,Positive Regulation Of Memory T Cell Differentiation (GO:0043382),2/8,2.650430025143172e-05,0.00047707740452577097,0,0,369.8888888888889,3897.964407357134,HLA-DRA;HLA-DRB1,Latent_56
KEGG_2021_Human,Positive Regulation Of Memory T Cell Differentiation (GO:0043382),2/8,2.650430025143172e-05,0.00047707740452577097,0,0,369.8888888888889,3897.964407357134,HLA-DRA;HLA-DRB1,Latent_56
GO_Biological_Process_2023,Regulation Of T Cell Activation (GO:0050863),3/62,3.1145039317832526e-05,0.000510848970019862,0,0,59.584247258225325,618.2971284537232,HLA-DRA;HLA-DRB1;HLA-DQA1,Latent_56
GO_Biological_Process_2023,Positive Regulation Of Monocyte Differentiation (GO:0045657),2/9,3.405659800132413e-05,0.000510848970019862,0,0,317.031746031746,3261.459893047559,CD74;HLA-DRB1,Latent_56
GO_Biological_Process_2023,Regulation Of Memory T Cell Differentiation (GO:0043380),2/9,3.405659800132413e-05,0.000510848970019862,0,0,317.031746031746,3261.459893047559,HLA-DRA;HLA-DRB1,Latent_56
KEGG_2021_Human,Regulation Of T Cell Activation (GO:0050863),3/62,3.1145039317832526e-05,0.000510848970019862,0,0,59.584247258225325,618.2971284537232,HLA-DRA;HLA-DRB1;HLA-DQA1,Latent_56
KEGG_2021_Human,Positive Regulation Of Monocyte Differentiation (GO:0045657),2/9,3.405659800132413e-05,0.000510848970019862,0,0,317.031746031746,3261.459893047559,CD74;HLA-DRB1,Latent_56
KEGG_2021_Human,Regulation Of Memory T Cell Differentiation (GO:0043380),2/9,3.405659800132413e-05,0.000510848970019862,0,0,317.031746031746,3261.459893047559,HLA-DRA;HLA-DRB1,Latent_56
GO_Biological_Process_2023,"Regulation Of CD4-positive, Alpha-Beta T Cell Differentiation (GO:0043370)",2/11,5.196871583395421e-05,0.0007385028039561914,0,0,246.55555555555557,2432.238167772633,HLA-DRA;HLA-DRB1,Latent_56
KEGG_2021_Human,"Regulation Of CD4-positive, Alpha-Beta T Cell Differentiation (GO:0043370)",2/11,5.196871583395421e-05,0.0007385028039561914,0,0,246.55555555555557,2432.238167772633,HLA-DRA;HLA-DRB1,Latent_56
GO_Biological_Process_2023,Positive Regulation By Symbiont Of Entry Into Host (GO:0075294),2/12,6.232515501994467e-05,0.0007648996297902301,0,0,221.88888888888889,2148.58238291385,CD74;HLA-DRB1,Latent_56
GO_Biological_Process_2023,"Positive Regulation Of CD4-positive, Alpha-Beta T Cell Activation (GO:2000516)",2/12,6.232515501994467e-05,0.0007648996297902301,0,0,221.88888888888889,2148.58238291385,HLA-DRA;HLA-DRB1,Latent_56
GO_Biological_Process_2023,Positive Regulation Of Viral Entry Into Host Cell (GO:0046598),2/12,6.232515501994467e-05,0.0007648996297902301,0,0,221.88888888888889,2148.58238291385,CD74;HLA-DRB1,Latent_56
KEGG_2021_Human,Positive Regulation By Symbiont Of Entry Into Host (GO:0075294),2/12,6.232515501994467e-05,0.0007648996297902301,0,0,221.88888888888889,2148.58238291385,CD74;HLA-DRB1,Latent_56
KEGG_2021_Human,"Positive Regulation Of CD4-positive, Alpha-Beta T Cell Activation (GO:2000516)",2/12,6.232515501994467e-05,0.0007648996297902301,0,0,221.88888888888889,2148.58238291385,HLA-DRA;HLA-DRB1,Latent_56
KEGG_2021_Human,Positive Regulation Of Viral Entry Into Host Cell (GO:0046598),2/12,6.232515501994467e-05,0.0007648996297902301,0,0,221.88888888888889,2148.58238291385,CD74;HLA-DRB1,Latent_56
GO_Biological_Process_2023,Positive Regulation Of Immune Response (GO:0050778),3/80,6.68876617521441e-05,0.0007852029857860395,0,0,45.61420932009168,438.4664062773074,CD74;HLA-DRA;HLA-DRB1,Latent_56
KEGG_2021_Human,Positive Regulation Of Immune Response (GO:0050778),3/80,6.68876617521441e-05,0.0007852029857860395,0,0,45.61420932009168,438.4664062773074,CD74;HLA-DRA;HLA-DRB1,Latent_56
GO_Biological_Process_2023,Regulation Of Immune Effector Process (GO:0002697),2/13,7.361293042472065e-05,0.0008281454672781073,0,0,201.7070707070707,1919.5836350009777,HLA-DRA;HLA-DRB1,Latent_56
KEGG_2021_Human,Regulation Of Immune Effector Process (GO:0002697),2/13,7.361293042472065e-05,0.0008281454672781073,0,0,201.7070707070707,1919.5836350009777,HLA-DRA;HLA-DRB1,Latent_56
GO_Biological_Process_2023,Regulation Of Monocyte Differentiation (GO:0045655),2/15,9.897575036981038e-05,0.0010689381039939,0,0,170.65811965811966,1573.5763478145914,CD74;HLA-DRB1,Latent_56
KEGG_2021_Human,Regulation Of Monocyte Differentiation (GO:0045655),2/15,9.897575036981038e-05,0.0010689381039939,0,0,170.65811965811966,1573.5763478145914,CD74;HLA-DRB1,Latent_56
GO_Biological_Process_2023,Positive Regulation Of Regulatory T Cell Differentiation (GO:0045591),2/17,0.0001280437171265482,0.0013296847547756,0,0,147.88888888888889,1325.548639908665,HLA-DRA;HLA-DRB1,Latent_56
KEGG_2021_Human,Positive Regulation Of Regulatory T Cell Differentiation (GO:0045591),2/17,0.0001280437171265482,0.0013296847547756,0,0,147.88888888888889,1325.548639908665,HLA-DRA;HLA-DRB1,Latent_56
GO_Biological_Process_2023,Positive Regulation Of T Cell Activation (GO:0050870),3/107,0.00015883263691889363,0.0015506042666127,0,0,33.7262443438914,295.0257020076404,HLA-DRA;HLA-DRB1;HLA-DQA1,Latent_56
GO_Biological_Process_2023,Positive Regulation Of Alpha-Beta T Cell Activation (GO:0046635),2/19,0.0001608034054265043,0.0015506042666127,0,0,130.47712418300654,1139.760479290825,HLA-DRA;HLA-DRB1,Latent_56
KEGG_2021_Human,Positive Regulation Of T Cell Activation (GO:0050870),3/107,0.00015883263691889363,0.0015506042666127,0,0,33.7262443438914,295.0257020076404,HLA-DRA;HLA-DRB1;HLA-DQA1,Latent_56
KEGG_2021_Human,Positive Regulation Of Alpha-Beta T Cell Activation (GO:0046635),2/19,0.0001608034054265043,0.0015506042666127,0,0,130.47712418300654,1139.760479290825,HLA-DRA;HLA-DRB1,Latent_56
GO_Biological_Process_2023,Antigen Processing And Presentation Of Endogenous Peptide Antigen (GO:0002483),2/21,0.000197241423521882,0.0018363856672726,0,0,116.7309941520468,995.841692324286,HLA-DRA;HLA-DRB1,Latent_56
KEGG_2021_Human,Antigen Processing And Presentation Of Endogenous Peptide Antigen (GO:0002483),2/21,0.000197241423521882,0.0018363856672726,0,0,116.7309941520468,995.841692324286,HLA-DRA;HLA-DRB1,Latent_56
GO_Biological_Process_2023,Positive Regulation Of Viral Life Cycle (GO:1903902),2/22,0.00021683563043902655,0.0019515206739512,0,0,110.88888888888889,935.4998014387868,CD74;HLA-DRB1,Latent_56
KEGG_2021_Human,Positive Regulation Of Viral Life Cycle (GO:1903902),2/22,0.00021683563043902655,0.0019515206739512,0,0,110.88888888888889,935.4998014387868,CD74;HLA-DRB1,Latent_56
GO_Biological_Process_2023,Positive Regulation Of T Cell Mediated Cytotoxicity (GO:0001916),2/33,0.0004923687563769557,0.0042883730394121,0,0,71.50179211469533,544.5778563946176,HLA-DRA;HLA-DRB1,Latent_56
KEGG_2021_Human,Positive Regulation Of T Cell Mediated Cytotoxicity (GO:0001916),2/33,0.0004923687563769557,0.0042883730394121,0,0,71.50179211469533,544.5778563946176,HLA-DRA;HLA-DRB1,Latent_56
GO_Biological_Process_2023,Regulation Of T Cell Mediated Cytotoxicity (GO:0001914),2/36,0.000586430503116779,0.0049480073700478,0,0,65.18300653594771,485.05650058138406,HLA-DRA;HLA-DRB1,Latent_56
KEGG_2021_Human,Regulation Of T Cell Mediated Cytotoxicity (GO:0001914),2/36,0.000586430503116779,0.0049480073700478,0,0,65.18300653594771,485.05650058138406,HLA-DRA;HLA-DRB1,Latent_56
GO_Biological_Process_2023,Positive Regulation Of Immune Effector Process (GO:0002699),2/37,0.0006195695304718364,0.005069205249315,0,0,63.31746031746032,467.69351055771176,HLA-DRA;HLA-DRB1,Latent_56
KEGG_2021_Human,Positive Regulation Of Immune Effector Process (GO:0002699),2/37,0.0006195695304718364,0.005069205249315,0,0,63.31746031746032,467.69351055771176,HLA-DRA;HLA-DRB1,Latent_56
GO_Biological_Process_2023,Positive Regulation Of Myeloid Leukocyte Differentiation (GO:0002763),2/40,0.0007243190568082219,0.0057519454511241,0,0,58.30994152046784,421.5971209696659,CD74;HLA-DRB1,Latent_56
KEGG_2021_Human,Positive Regulation Of Myeloid Leukocyte Differentiation (GO:0002763),2/40,0.0007243190568082219,0.0057519454511241,0,0,58.30994152046784,421.5971209696659,CD74;HLA-DRB1,Latent_56
GO_Biological_Process_2023,Positive Regulation Of T Cell Mediated Immunity (GO:0002711),2/43,0.0008370330222898128,0.0064571118862356,0,0,54.03523035230352,382.87456973669936,HLA-DRA;HLA-DRB1,Latent_56
KEGG_2021_Human,Positive Regulation Of T Cell Mediated Immunity (GO:0002711),2/43,0.0008370330222898128,0.0064571118862356,0,0,54.03523035230352,382.87456973669936,HLA-DRA;HLA-DRB1,Latent_56
GO_Biological_Process_2023,Regulation Of Viral Entry Into Host Cell (GO:0046596),2/44,0.0008763666329947344,0.0065727497474605,0,0,52.74603174603175,371.31761233322095,CD74;HLA-DRB1,Latent_56
KEGG_2021_Human,Regulation Of Viral Entry Into Host Cell (GO:0046596),2/44,0.0008763666329947344,0.0065727497474605,0,0,52.74603174603175,371.31761233322095,CD74;HLA-DRB1,Latent_56
GO_Biological_Process_2023,Positive Regulation Of Leukocyte Mediated Cytotoxicity (GO:0001912),2/51,0.0011762077962531,0.0085831379726581,0,0,45.19501133786848,304.8611297728522,HLA-DRA;HLA-DRB1,Latent_56
KEGG_2021_Human,Positive Regulation Of Leukocyte Mediated Cytotoxicity (GO:0001912),2/51,0.0011762077962531,0.0085831379726581,0,0,45.19501133786848,304.8611297728522,HLA-DRA;HLA-DRB1,Latent_56
GO_Biological_Process_2023,Positive Regulation Of T Cell Differentiation (GO:0045582),2/64,0.0018453715711163,0.0131118506368794,0,0,35.69534050179212,224.7048323380627,HLA-DRA;HLA-DRB1,Latent_56
KEGG_2021_Human,Positive Regulation Of T Cell Differentiation (GO:0045582),2/64,0.0018453715711163,0.0131118506368794,0,0,35.69534050179212,224.7048323380627,HLA-DRA;HLA-DRB1,Latent_56
GO_Biological_Process_2023,Regulation Of Immune Response (GO:0050776),2/77,0.0026575929845639,0.0183987206623657,0,0,29.488888888888887,174.87897393163863,HLA-DRA;HLA-DRB1,Latent_56
KEGG_2021_Human,Regulation Of Immune Response (GO:0050776),2/77,0.0026575929845639,0.0183987206623657,0,0,29.488888888888887,174.87897393163863,HLA-DRA;HLA-DRB1,Latent_56
GO_Biological_Process_2023,Regulation Of Kinase Activity (GO:0043549),2/85,0.0032270347482887,0.0217824845509488,0,0,26.63587684069612,152.78849293856263,CD74;HLA-DRB1,Latent_56
KEGG_2021_Human,Regulation Of Kinase Activity (GO:0043549),2/85,0.0032270347482887,0.0217824845509488,0,0,26.63587684069612,152.78849293856263,CD74;HLA-DRB1,Latent_56
GO_Biological_Process_2023,Positive Regulation Of Kinase Activity (GO:0033674),2/104,0.0047867577714046,0.0299426441757099,0,0,21.65359477124183,115.67138059180392,CD74;HLA-DRB1,Latent_56
GO_Biological_Process_2023,Regulation Of Type 2 Immune Response (GO:0002828),1/5,0.0049904406959516,0.0299426441757099,0,0,262.8421052631579,1393.123889480945,CD74,Latent_56
GO_Biological_Process_2023,Positive Regulation Of T Cell Mediated Immune Response To Tumor Cell (GO:0002842),1/5,0.0049904406959516,0.0299426441757099,0,0,262.8421052631579,1393.123889480945,HLA-DRB1,Latent_56
GO_Biological_Process_2023,Ammonium Homeostasis (GO:0097272),1/5,0.0049904406959516,0.0299426441757099,0,0,262.8421052631579,1393.123889480945,RHCE,Latent_56
GO_Biological_Process_2023,Negative Regulation Of Cardiac Muscle Cell Differentiation (GO:2000726),1/5,0.0049904406959516,0.0299426441757099,0,0,262.8421052631579,1393.123889480945,SOX6,Latent_56
KEGG_2021_Human,Positive Regulation Of Kinase Activity (GO:0033674),2/104,0.0047867577714046,0.0299426441757099,0,0,21.65359477124183,115.67138059180392,CD74;HLA-DRB1,Latent_56
KEGG_2021_Human,Regulation Of Type 2 Immune Response (GO:0002828),1/5,0.0049904406959516,0.0299426441757099,0,0,262.8421052631579,1393.123889480945,CD74,Latent_56
KEGG_2021_Human,Positive Regulation Of T Cell Mediated Immune Response To Tumor Cell (GO:0002842),1/5,0.0049904406959516,0.0299426441757099,0,0,262.8421052631579,1393.123889480945,HLA-DRB1,Latent_56
KEGG_2021_Human,Ammonium Homeostasis (GO:0097272),1/5,0.0049904406959516,0.0299426441757099,0,0,262.8421052631579,1393.123889480945,RHCE,Latent_56
KEGG_2021_Human,Negative Regulation Of Cardiac Muscle Cell Differentiation (GO:2000726),1/5,0.0049904406959516,0.0299426441757099,0,0,262.8421052631579,1393.123889480945,SOX6,Latent_56
GO_Biological_Process_2023,Regulation Of Prostaglandin Biosynthetic Process (GO:0031392),1/6,0.0059856908667451,0.0323227306804239,0,0,210.26315789473685,1076.2074808846232,CD74,Latent_56
GO_Biological_Process_2023,Positive Regulation Of Immune Response To Tumor Cell (GO:0002839),1/6,0.0059856908667451,0.0323227306804239,0,0,210.26315789473685,1076.2074808846232,HLA-DRB1,Latent_56
GO_Biological_Process_2023,Regulation Of T Cell Mediated Immune Response To Tumor Cell (GO:0002840),1/6,0.0059856908667451,0.0323227306804239,0,0,210.26315789473685,1076.2074808846232,HLA-DRB1,Latent_56
GO_Biological_Process_2023,Negative Regulation Of Cardiocyte Differentiation (GO:1905208),1/6,0.0059856908667451,0.0323227306804239,0,0,210.26315789473685,1076.2074808846232,SOX6,Latent_56
GO_Biological_Process_2023,Positive Regulation Of Unsaturated Fatty Acid Biosynthetic Process (GO:2001280),1/6,0.0059856908667451,0.0323227306804239,0,0,210.26315789473685,1076.2074808846232,CD74,Latent_56
KEGG_2021_Human,Regulation Of Prostaglandin Biosynthetic Process (GO:0031392),1/6,0.0059856908667451,0.0323227306804239,0,0,210.26315789473685,1076.2074808846232,CD74,Latent_56
KEGG_2021_Human,Positive Regulation Of Immune Response To Tumor Cell (GO:0002839),1/6,0.0059856908667451,0.0323227306804239,0,0,210.26315789473685,1076.2074808846232,HLA-DRB1,Latent_56
KEGG_2021_Human,Regulation Of T Cell Mediated Immune Response To Tumor Cell (GO:0002840),1/6,0.0059856908667451,0.0323227306804239,0,0,210.26315789473685,1076.2074808846232,HLA-DRB1,Latent_56
KEGG_2021_Human,Negative Regulation Of Cardiocyte Differentiation (GO:1905208),1/6,0.0059856908667451,0.0323227306804239,0,0,210.26315789473685,1076.2074808846232,SOX6,Latent_56
KEGG_2021_Human,Positive Regulation Of Unsaturated Fatty Acid Biosynthetic Process (GO:2001280),1/6,0.0059856908667451,0.0323227306804239,0,0,210.26315789473685,1076.2074808846232,CD74,Latent_56
GO_Biological_Process_2023,Negative Regulation Of Lipid Kinase Activity (GO:0090219),1/7,0.0069799958941807,0.0355584696496002,0,0,175.21052631578948,869.8689177892479,PIP4K2A,Latent_56
GO_Biological_Process_2023,Regulation Of Mesenchymal Stem Cell Differentiation (GO:2000739),1/7,0.0069799958941807,0.0355584696496002,0,0,175.21052631578948,869.8689177892479,SOX6,Latent_56
GO_Biological_Process_2023,Positive Regulation Of Fibroblast Migration (GO:0010763),1/7,0.0069799958941807,0.0355584696496002,0,0,175.21052631578948,869.8689177892479,PRKCE,Latent_56
KEGG_2021_Human,Negative Regulation Of Lipid Kinase Activity (GO:0090219),1/7,0.0069799958941807,0.0355584696496002,0,0,175.21052631578948,869.8689177892479,PIP4K2A,Latent_56
KEGG_2021_Human,Regulation Of Mesenchymal Stem Cell Differentiation (GO:2000739),1/7,0.0069799958941807,0.0355584696496002,0,0,175.21052631578948,869.8689177892479,SOX6,Latent_56
KEGG_2021_Human,Positive Regulation Of Fibroblast Migration (GO:0010763),1/7,0.0069799958941807,0.0355584696496002,0,0,175.21052631578948,869.8689177892479,PRKCE,Latent_56
GO_Biological_Process_2023,Autophagosome-Lysosome Fusion (GO:0061909),1/8,0.0079733565142536,0.039866782571268,0,0,150.17293233082708,725.5830081396662,PIP4K2A,Latent_56
KEGG_2021_Human,Autophagosome-Lysosome Fusion (GO:0061909),1/8,0.0079733565142536,0.039866782571268,0,0,150.17293233082708,725.5830081396662,PIP4K2A,Latent_56
GO_Biological_Process_2023,Positive Regulation Of Transferase Activity (GO:0051347),2/143,0.0088649770095239,0.0410298109153509,0,0,15.63356973995272,73.87873089122361,CD74;HLA-DRB1,Latent_56
GO_Biological_Process_2023,Cell Differentiation In Spinal Cord (GO:0021515),1/9,0.0089657734963174,0.0410298109153509,0,0,131.39473684210526,619.439581424405,SOX6,Latent_56
GO_Biological_Process_2023,T-helper 1 Type Immune Response (GO:0042088),1/9,0.0089657734963174,0.0410298109153509,0,0,131.39473684210526,619.439581424405,HLA-DRB1,Latent_56
GO_Biological_Process_2023,Negative Regulation Of Sodium Ion Transmembrane Transport (GO:1902306),1/9,0.0089657734963174,0.0410298109153509,0,0,131.39473684210526,619.439581424405,PRKCE,Latent_56
GO_Biological_Process_2023,Regulation Of Cardiac Muscle Cell Differentiation (GO:2000725),1/9,0.0089657734963174,0.0410298109153509,0,0,131.39473684210526,619.439581424405,SOX6,Latent_56
KEGG_2021_Human,Positive Regulation Of Transferase Activity (GO:0051347),2/143,0.0088649770095239,0.0410298109153509,0,0,15.63356973995272,73.87873089122361,CD74;HLA-DRB1,Latent_56
KEGG_2021_Human,Cell Differentiation In Spinal Cord (GO:0021515),1/9,0.0089657734963174,0.0410298109153509,0,0,131.39473684210526,619.439581424405,SOX6,Latent_56
KEGG_2021_Human,T-helper 1 Type Immune Response (GO:0042088),1/9,0.0089657734963174,0.0410298109153509,0,0,131.39473684210526,619.439581424405,HLA-DRB1,Latent_56
KEGG_2021_Human,Negative Regulation Of Sodium Ion Transmembrane Transport (GO:1902306),1/9,0.0089657734963174,0.0410298109153509,0,0,131.39473684210526,619.439581424405,PRKCE,Latent_56
KEGG_2021_Human,Regulation Of Cardiac Muscle Cell Differentiation (GO:2000725),1/9,0.0089657734963174,0.0410298109153509,0,0,131.39473684210526,619.439581424405,SOX6,Latent_56
GO_Biological_Process_2023,Negative Regulation Of Sodium Ion Transmembrane Transporter Activity (GO:2000650),1/10,0.0099572476243861,0.0433622073965205,0,0,116.78947368421052,538.3357753631753,PRKCE,Latent_56
GO_Biological_Process_2023,Ammonium Transmembrane Transport (GO:0072488),1/10,0.0099572476243861,0.0433622073965205,0,0,116.78947368421052,538.3357753631753,RHCE,Latent_56
GO_Biological_Process_2023,Positive Regulation Of Chondrocyte Differentiation (GO:0032332),1/10,0.0099572476243861,0.0433622073965205,0,0,116.78947368421052,538.3357753631753,SOX6,Latent_56
KEGG_2021_Human,Negative Regulation Of Sodium Ion Transmembrane Transporter Activity (GO:2000650),1/10,0.0099572476243861,0.0433622073965205,0,0,116.78947368421052,538.3357753631753,PRKCE,Latent_56
KEGG_2021_Human,Ammonium Transmembrane Transport (GO:0072488),1/10,0.0099572476243861,0.0433622073965205,0,0,116.78947368421052,538.3357753631753,RHCE,Latent_56
KEGG_2021_Human,Positive Regulation Of Chondrocyte Differentiation (GO:0032332),1/10,0.0099572476243861,0.0433622073965205,0,0,116.78947368421052,538.3357753631753,SOX6,Latent_56
GO_Biological_Process_2023,Golgi To Endosome Transport (GO:0006895),2/15,9.897575036981038e-05,0.0192012955717432,0,0,170.65811965811966,1573.5763478145914,VPS13A;EPS15,Latent_57
KEGG_2021_Human,Golgi To Endosome Transport (GO:0006895),2/15,9.897575036981038e-05,0.0192012955717432,0,0,170.65811965811966,1573.5763478145914,VPS13A;EPS15,Latent_57
KEGG_2021_Human,DNA Topological Change (GO:0006265),2/8,2.650430025143172e-05,0.0072356739686408,0,0,369.8888888888889,3897.964407357134,TOP2B;HMGB1,Latent_58
GO_Biological_Process_2023,DNA Topological Change (GO:0006265),2/8,2.650430025143172e-05,0.0072356739686408,0,0,369.8888888888889,3897.964407357134,TOP2B;HMGB1,Latent_58
KEGG_2021_Human,DNA Conformation Change (GO:0071103),2/12,6.232515501994467e-05,0.0085073836602224,0,0,221.88888888888889,2148.58238291385,TOP2B;HMGB1,Latent_58
GO_Biological_Process_2023,DNA Conformation Change (GO:0071103),2/12,6.232515501994467e-05,0.0085073836602224,0,0,221.88888888888889,2148.58238291385,TOP2B;HMGB1,Latent_58
KEGG_2021_Human,T-helper Cell Differentiation (GO:0042093),2/18,0.00014396293387323563,0.0131006269824644,0,0,138.63888888888889,1226.393330101256,MYB;HMGB1,Latent_58
GO_Biological_Process_2023,T-helper Cell Differentiation (GO:0042093),2/18,0.00014396293387323563,0.0131006269824644,0,0,138.63888888888889,1226.393330101256,MYB;HMGB1,Latent_58
KEGG_2021_Human,Heterochromatin Formation (GO:0031507),2/32,0.0004628054168177868,0.0285464348896028,0,0,73.88888888888889,567.3339517497183,HMGB1;EZH2,Latent_58
KEGG_2021_Human,Sister Chromatid Segregation (GO:0000819),2/34,0.0005228284778315545,0.0285464348896028,0,0,69.26388888888889,523.3757526021546,TOP2B;SMC4,Latent_58
GO_Biological_Process_2023,Heterochromatin Formation (GO:0031507),2/32,0.0004628054168177868,0.0285464348896028,0,0,73.88888888888889,567.3339517497183,HMGB1;EZH2,Latent_58
GO_Biological_Process_2023,Sister Chromatid Segregation (GO:0000819),2/34,0.0005228284778315545,0.0285464348896028,0,0,69.26388888888889,523.3757526021546,TOP2B;SMC4,Latent_58
KEGG_2021_Human,Heterochromatin Organization (GO:0070828),2/39,0.0006885154392429702,0.0313274524855551,0,0,59.888888888888886,436.0493719555131,HMGB1;EZH2,Latent_58
GO_Biological_Process_2023,Heterochromatin Organization (GO:0070828),2/39,0.0006885154392429702,0.0313274524855551,0,0,59.888888888888886,436.0493719555131,HMGB1;EZH2,Latent_58
KEGG_2021_Human,Positive Regulation Of DNA-templated Transcription (GO:0045893),6/1243,0.0010360931391159,0.0341056154212371,0,0,6.493705970666359,44.626684090977335,AUTS2;ATAD2;MYB;TCF4;HMGB1;ARID1B,Latent_58
KEGG_2021_Human,"Negative Regulation Of Gene Expression, Epigenetic (GO:0045814)",2/51,0.0011762077962531,0.0341056154212371,0,0,45.19501133786848,304.8611297728522,HMGB1;EZH2,Latent_58
KEGG_2021_Human,Regulation Of GTPase Activity (GO:0043087),3/214,0.0012038551850812,0.0341056154212371,0,0,16.533872316699192,111.14442996413352,SIPA1L1;DOCK8;EZH2,Latent_58
KEGG_2021_Human,Actin Cytoskeleton Reorganization (GO:0031532),2/53,0.0012697052431465,0.0341056154212371,0,0,43.41830065359477,289.55536610866125,SIPA1L1;AUTS2,Latent_58
KEGG_2021_Human,Positive Regulation Of GTPase Activity (GO:0043547),3/234,0.0015558589879857,0.0341056154212371,0,0,15.087089381207027,97.54900843576918,SIPA1L1;DOCK8;EZH2,Latent_58
KEGG_2021_Human,Negative Regulation Of Protein-Containing Complex Assembly (GO:0031333),2/59,0.0015708812917978,0.0341056154212371,0,0,38.83625730994152,250.73147869740143,LDLRAD4;HMGB1,Latent_58
KEGG_2021_Human,protein-DNA Complex Organization (GO:0071824),2/60,0.0016240769248208,0.0341056154212371,0,0,38.16475095785441,245.1251605267273,TCF4;EZH2,Latent_58
GO_Biological_Process_2023,Positive Regulation Of DNA-templated Transcription (GO:0045893),6/1243,0.0010360931391159,0.0341056154212371,0,0,6.493705970666359,44.626684090977335,AUTS2;ATAD2;MYB;TCF4;HMGB1;ARID1B,Latent_58
GO_Biological_Process_2023,"Negative Regulation Of Gene Expression, Epigenetic (GO:0045814)",2/51,0.0011762077962531,0.0341056154212371,0,0,45.19501133786848,304.8611297728522,HMGB1;EZH2,Latent_58
GO_Biological_Process_2023,Regulation Of GTPase Activity (GO:0043087),3/214,0.0012038551850812,0.0341056154212371,0,0,16.533872316699192,111.14442996413352,SIPA1L1;DOCK8;EZH2,Latent_58
GO_Biological_Process_2023,Actin Cytoskeleton Reorganization (GO:0031532),2/53,0.0012697052431465,0.0341056154212371,0,0,43.41830065359477,289.55536610866125,SIPA1L1;AUTS2,Latent_58
GO_Biological_Process_2023,Positive Regulation Of GTPase Activity (GO:0043547),3/234,0.0015558589879857,0.0341056154212371,0,0,15.087089381207027,97.54900843576918,SIPA1L1;DOCK8;EZH2,Latent_58
GO_Biological_Process_2023,Negative Regulation Of Protein-Containing Complex Assembly (GO:0031333),2/59,0.0015708812917978,0.0341056154212371,0,0,38.83625730994152,250.73147869740143,LDLRAD4;HMGB1,Latent_58
GO_Biological_Process_2023,protein-DNA Complex Organization (GO:0071824),2/60,0.0016240769248208,0.0341056154212371,0,0,38.16475095785441,245.1251605267273,TCF4;EZH2,Latent_58
KEGG_2021_Human,Regulation Of DNA-templated Transcription (GO:0006355),7/1922,0.0018819652162398,0.0344903010721135,0,0,5.079534042980519,31.87630461454304,ATAD2;MYB;NSD2;TCF4;HMGB1;ARID1B;EZH2,Latent_58
KEGG_2021_Human,Positive Regulation Of Transcription By RNA Polymerase II (GO:0045944),5/938,0.0019303756717345,0.0344903010721135,0,0,6.804930332261522,42.53109117282544,AUTS2;ATAD2;MYB;TCF4;HMGB1,Latent_58
KEGG_2021_Human,Positive Regulation Of Nucleic Acid-Templated Transcription (GO:1903508),4/557,0.002021409586644,0.0344903010721135,0,0,8.78254972875226,54.48658893444878,ATAD2;MYB;TCF4;ARID1B,Latent_58
GO_Biological_Process_2023,Regulation Of DNA-templated Transcription (GO:0006355),7/1922,0.0018819652162398,0.0344903010721135,0,0,5.079534042980519,31.87630461454304,ATAD2;MYB;NSD2;TCF4;HMGB1;ARID1B;EZH2,Latent_58
GO_Biological_Process_2023,Positive Regulation Of Transcription By RNA Polymerase II (GO:0045944),5/938,0.0019303756717345,0.0344903010721135,0,0,6.804930332261522,42.53109117282544,AUTS2;ATAD2;MYB;TCF4;HMGB1,Latent_58
GO_Biological_Process_2023,Positive Regulation Of Nucleic Acid-Templated Transcription (GO:1903508),4/557,0.002021409586644,0.0344903010721135,0,0,8.78254972875226,54.48658893444878,ATAD2;MYB;TCF4;ARID1B,Latent_58
KEGG_2021_Human,Regulation Of Cell Cycle G1/S Phase Transition (GO:1902806),2/74,0.0024576407666974,0.038415273274342,0,0,30.72222222222222,184.5961136225927,ARID1B;EZH2,Latent_58
KEGG_2021_Human,Regulation Of Transcription By RNA Polymerase II (GO:0006357),7/2028,0.0025704486243523,0.038415273274342,0,0,4.784874205458075,28.5354338796176,AUTS2;ATAD2;MYB;TCF4;HMGB1;ARID1B;EZH2,Latent_58
KEGG_2021_Human,Positive Regulation Of Cell Differentiation (GO:0045597),3/283,0.0026735904476648,0.038415273274342,0,0,12.415966386554622,73.5563190551011,TCF4;ARID1B;EZH2,Latent_58
GO_Biological_Process_2023,Regulation Of Cell Cycle G1/S Phase Transition (GO:1902806),2/74,0.0024576407666974,0.038415273274342,0,0,30.72222222222222,184.5961136225927,ARID1B;EZH2,Latent_58
GO_Biological_Process_2023,Regulation Of Transcription By RNA Polymerase II (GO:0006357),7/2028,0.0025704486243523,0.038415273274342,0,0,4.784874205458075,28.5354338796176,AUTS2;ATAD2;MYB;TCF4;HMGB1;ARID1B;EZH2,Latent_58
GO_Biological_Process_2023,Positive Regulation Of Cell Differentiation (GO:0045597),3/283,0.0026735904476648,0.038415273274342,0,0,12.415966386554622,73.5563190551011,TCF4;ARID1B;EZH2,Latent_58
KEGG_2021_Human,Epigenetic Regulation Of Gene Expression (GO:0040029),2/83,0.0030797608907503,0.0400368915797547,0,0,27.296296296296298,157.851842417783,ARID1B;EZH2,Latent_58
KEGG_2021_Human,Regulation Of Epithelial To Mesenchymal Transition (GO:0010717),2/83,0.0030797608907503,0.0400368915797547,0,0,27.296296296296298,157.851842417783,LDLRAD4;EZH2,Latent_58
GO_Biological_Process_2023,Epigenetic Regulation Of Gene Expression (GO:0040029),2/83,0.0030797608907503,0.0400368915797547,0,0,27.296296296296298,157.851842417783,ARID1B;EZH2,Latent_58
GO_Biological_Process_2023,Regulation Of Epithelial To Mesenchymal Transition (GO:0010717),2/83,0.0030797608907503,0.0400368915797547,0,0,27.296296296296298,157.851842417783,LDLRAD4;EZH2,Latent_58
KEGG_2021_Human,Positive Regulation Of DNA Repair (GO:0045739),2/89,0.0035313354289598,0.0438206623684566,0,0,25.406130268199234,143.44502292528725,HMGB1;ARID1B,Latent_58
GO_Biological_Process_2023,Positive Regulation Of DNA Repair (GO:0045739),2/89,0.0035313354289598,0.0438206623684566,0,0,25.406130268199234,143.44502292528725,HMGB1;ARID1B,Latent_58
GO_Biological_Process_2023,Positive Regulation Of Transcription By RNA Polymerase II (GO:0045944),7/938,2.2099495716234266e-05,0.0059226648519507,0,0,11.017351069982649,118.10551615042031,ZEB2;AUTS2;TCF4;MAML3;ERG;SSBP2;SOX4,Latent_59
KEGG_2021_Human,Positive Regulation Of Transcription By RNA Polymerase II (GO:0045944),7/938,2.2099495716234266e-05,0.0059226648519507,0,0,11.017351069982649,118.10551615042031,ZEB2;AUTS2;TCF4;MAML3;ERG;SSBP2;SOX4,Latent_59
GO_Biological_Process_2023,Positive Regulation Of DNA-templated Transcription (GO:0045893),7/1243,0.00013315340774418415,0.0178425566377206,0,0,8.165795369678865,72.87162853567932,ZEB2;AUTS2;TCF4;MAML3;ERG;SSBP2;SOX4,Latent_59
KEGG_2021_Human,Positive Regulation Of DNA-templated Transcription (GO:0045893),7/1243,0.00013315340774418415,0.0178425566377206,0,0,8.165795369678865,72.87162853567932,ZEB2;AUTS2;TCF4;MAML3;ERG;SSBP2;SOX4,Latent_59
KEGG_2021_Human,Sequestering Of Actin Monomers (GO:0042989),2/8,2.650430025143172e-05,0.0091704878869953,0,0,369.8888888888889,3897.964407357134,TMSB4X;TMSB10,Latent_6
GO_Biological_Process_2023,Sequestering Of Actin Monomers (GO:0042989),2/8,2.650430025143172e-05,0.0091704878869953,0,0,369.8888888888889,3897.964407357134,TMSB4X;TMSB10,Latent_6
KEGG_2021_Human,Positive Regulation Of Cell Differentiation (GO:0045597),4/283,0.0001590170610738952,0.0273737223177239,0,0,17.653225806451612,154.40392290707362,ID2;RAPGEF2;SOX6;ACTB,Latent_6
KEGG_2021_Human,Negative Regulation Of Actin Filament Polymerization (GO:0030837),2/23,0.0002373444131594564,0.0273737223177239,0,0,105.6031746031746,881.3639106067293,TMSB4X;TMSB10,Latent_6
GO_Biological_Process_2023,Positive Regulation Of Cell Differentiation (GO:0045597),4/283,0.0001590170610738952,0.0273737223177239,0,0,17.653225806451612,154.40392290707362,ID2;RAPGEF2;SOX6;ACTB,Latent_6
GO_Biological_Process_2023,Negative Regulation Of Actin Filament Polymerization (GO:0030837),2/23,0.0002373444131594564,0.0273737223177239,0,0,105.6031746031746,881.3639106067293,TMSB4X;TMSB10,Latent_6
KEGG_2021_Human,Cellular Response To Organic Cyclic Compound (GO:0071407),3/152,0.000446186551915373,0.0385951367406797,0,0,23.48716936439005,181.19818981917132,GNG2;RAPGEF2;ACTB,Latent_6
GO_Biological_Process_2023,Cellular Response To Organic Cyclic Compound (GO:0071407),3/152,0.000446186551915373,0.0385951367406797,0,0,23.48716936439005,181.19818981917132,GNG2;RAPGEF2;ACTB,Latent_6
GO_Biological_Process_2023,Antigen Processing And Presentation Of Endogenous Peptide Antigen Via MHC Class I Via ER Pathway (GO:0002484),4/13,5.166823063302324e-10,5.1409889479858143e-08,0,0,554.75,11862.548175046626,HLA-B;HLA-C;HLA-A;HLA-E,Latent_60
GO_Biological_Process_2023,"Antigen Processing And Presentation Of Endogenous Peptide Antigen Via MHC Class I Via ER Pathway, TAP-independent (GO:0002486)",4/13,5.166823063302324e-10,5.1409889479858143e-08,0,0,554.75,11862.548175046626,HLA-B;HLA-C;HLA-A;HLA-E,Latent_60
GO_Biological_Process_2023,Antigen Processing And Presentation Of Endogenous Peptide Antigen Via MHC Class Ib (GO:0002476),4/13,5.166823063302324e-10,5.1409889479858143e-08,0,0,554.75,11862.548175046626,HLA-B;HLA-C;HLA-A;HLA-E,Latent_60
GO_Biological_Process_2023,Antigen Processing And Presentation Of Peptide Antigen Via MHC Class Ib (GO:0002428),4/13,5.166823063302324e-10,5.1409889479858143e-08,0,0,554.75,11862.548175046626,HLA-B;HLA-C;HLA-A;HLA-E,Latent_60
KEGG_2021_Human,Antigen Processing And Presentation Of Endogenous Peptide Antigen Via MHC Class I Via ER Pathway (GO:0002484),4/13,5.166823063302324e-10,5.1409889479858143e-08,0,0,554.75,11862.548175046626,HLA-B;HLA-C;HLA-A;HLA-E,Latent_60
KEGG_2021_Human,"Antigen Processing And Presentation Of Endogenous Peptide Antigen Via MHC Class I Via ER Pathway, TAP-independent (GO:0002486)",4/13,5.166823063302324e-10,5.1409889479858143e-08,0,0,554.75,11862.548175046626,HLA-B;HLA-C;HLA-A;HLA-E,Latent_60
KEGG_2021_Human,Antigen Processing And Presentation Of Endogenous Peptide Antigen Via MHC Class Ib (GO:0002476),4/13,5.166823063302324e-10,5.1409889479858143e-08,0,0,554.75,11862.548175046626,HLA-B;HLA-C;HLA-A;HLA-E,Latent_60
KEGG_2021_Human,Antigen Processing And Presentation Of Peptide Antigen Via MHC Class Ib (GO:0002428),4/13,5.166823063302324e-10,5.1409889479858143e-08,0,0,554.75,11862.548175046626,HLA-B;HLA-C;HLA-A;HLA-E,Latent_60
GO_Biological_Process_2023,Antigen Processing And Presentation Of Endogenous Peptide Antigen (GO:0002483),4/21,4.303029496793e-09,3.425211479447228e-07,0,0,293.5735294117647,5655.384772676332,HLA-B;HLA-C;HLA-A;HLA-E,Latent_60
KEGG_2021_Human,Antigen Processing And Presentation Of Endogenous Peptide Antigen (GO:0002483),4/21,4.303029496793e-09,3.425211479447228e-07,0,0,293.5735294117647,5655.384772676332,HLA-B;HLA-C;HLA-A;HLA-E,Latent_60
GO_Biological_Process_2023,Positive Regulation Of T Cell Mediated Cytotoxicity (GO:0001916),4/33,2.9195909047975665e-08,1.936661966849052e-06,0,0,171.99137931034485,2983.919242646456,HLA-B;HLA-C;HLA-A;HLA-E,Latent_60
KEGG_2021_Human,Positive Regulation Of T Cell Mediated Cytotoxicity (GO:0001916),4/33,2.9195909047975665e-08,1.936661966849052e-06,0,0,171.99137931034485,2983.919242646456,HLA-B;HLA-C;HLA-A;HLA-E,Latent_60
GO_Biological_Process_2023,Regulation Of T Cell Mediated Cytotoxicity (GO:0001914),4/36,4.194753512885026e-08,2.385016997326057e-06,0,0,155.84375,2647.293806733271,HLA-B;HLA-C;HLA-A;HLA-E,Latent_60
KEGG_2021_Human,Regulation Of T Cell Mediated Cytotoxicity (GO:0001914),4/36,4.194753512885026e-08,2.385016997326057e-06,0,0,155.84375,2647.293806733271,HLA-B;HLA-C;HLA-A;HLA-E,Latent_60
GO_Biological_Process_2023,Positive Regulation Of T Cell Mediated Immunity (GO:0002711),4/43,8.749072169108574e-08,4.352663404131516e-06,0,0,127.82692307692308,2077.409035181372,HLA-B;HLA-C;HLA-A;HLA-E,Latent_60
KEGG_2021_Human,Positive Regulation Of T Cell Mediated Immunity (GO:0002711),4/43,8.749072169108574e-08,4.352663404131516e-06,0,0,127.82692307692308,2077.409035181372,HLA-B;HLA-C;HLA-A;HLA-E,Latent_60
GO_Biological_Process_2023,Positive Regulation Of Leukocyte Mediated Cytotoxicity (GO:0001912),4/51,1.7626104108758965e-07,7.794654928095631e-06,0,0,106.02659574468083,1648.851372188917,HLA-B;HLA-C;HLA-A;HLA-E,Latent_60
KEGG_2021_Human,Positive Regulation Of Leukocyte Mediated Cytotoxicity (GO:0001912),4/51,1.7626104108758965e-07,7.794654928095631e-06,0,0,106.02659574468083,1648.851372188917,HLA-B;HLA-C;HLA-A;HLA-E,Latent_60
GO_Biological_Process_2023,Negative Regulation Of Natural Killer Cell Mediated Cytotoxicity (GO:0045953),3/16,4.748696385083876e-07,1.8899811612633823e-05,0,0,271.0452488687783,3946.479948522122,HLA-B;HLA-A;HLA-E,Latent_60
KEGG_2021_Human,Negative Regulation Of Natural Killer Cell Mediated Cytotoxicity (GO:0045953),3/16,4.748696385083876e-07,1.8899811612633823e-05,0,0,271.0452488687783,3946.479948522122,HLA-B;HLA-A;HLA-E,Latent_60
GO_Biological_Process_2023,Amyloid Fibril Formation (GO:1990000),3/24,1.7076087361357007e-06,6.178438881654626e-05,0,0,167.72268907563026,2227.4271785014485,CD36;B2M;SNCA,Latent_60
KEGG_2021_Human,Amyloid Fibril Formation (GO:1990000),3/24,1.7076087361357007e-06,6.178438881654626e-05,0,0,167.72268907563026,2227.4271785014485,CD36;B2M;SNCA,Latent_60
GO_Biological_Process_2023,Protection From Natural Killer Cell Mediated Cytotoxicity (GO:0042270),2/5,9.482777500558208e-06,0.0003145121204351805,0,0,739.8888888888889,8557.579526684436,HLA-B;HLA-E,Latent_60
KEGG_2021_Human,Protection From Natural Killer Cell Mediated Cytotoxicity (GO:0042270),2/5,9.482777500558208e-06,0.0003145121204351805,0,0,739.8888888888889,8557.579526684436,HLA-B;HLA-E,Latent_60
GO_Biological_Process_2023,DNA Topological Change (GO:0006265),2/8,2.650430025143172e-05,0.0007534793928621303,0,0,369.8888888888889,3897.964407357134,TOP2A;HMGB2,Latent_60
GO_Biological_Process_2023,"Positive Regulation Of CD8-positive, Alpha-Beta T Cell Activation (GO:2001187)",2/8,2.650430025143172e-05,0.0007534793928621303,0,0,369.8888888888889,3897.964407357134,HLA-A;HLA-E,Latent_60
KEGG_2021_Human,DNA Topological Change (GO:0006265),2/8,2.650430025143172e-05,0.0007534793928621303,0,0,369.8888888888889,3897.964407357134,TOP2A;HMGB2,Latent_60
KEGG_2021_Human,"Positive Regulation Of CD8-positive, Alpha-Beta T Cell Activation (GO:2001187)",2/8,2.650430025143172e-05,0.0007534793928621303,0,0,369.8888888888889,3897.964407357134,HLA-A;HLA-E,Latent_60
GO_Biological_Process_2023,"Regulation Of CD8-positive, Alpha-Beta T Cell Activation (GO:2001185)",2/9,3.405659800132413e-05,0.0009036350669684672,0,0,317.031746031746,3261.459893047559,HLA-A;HLA-E,Latent_60
KEGG_2021_Human,"Regulation Of CD8-positive, Alpha-Beta T Cell Activation (GO:2001185)",2/9,3.405659800132413e-05,0.0009036350669684672,0,0,317.031746031746,3261.459893047559,HLA-A;HLA-E,Latent_60
GO_Biological_Process_2023,DNA Conformation Change (GO:0071103),2/12,6.232515501994467e-05,0.0013780784276632,0,0,221.88888888888889,2148.58238291385,TOP2A;HMGB2,Latent_60
GO_Biological_Process_2023,Response To Iron Ion (GO:0010039),2/12,6.232515501994467e-05,0.0013780784276632,0,0,221.88888888888889,2148.58238291385,B2M;SNCA,Latent_60
GO_Biological_Process_2023,Detection Of Bacterium (GO:0016045),2/12,6.232515501994467e-05,0.0013780784276632,0,0,221.88888888888889,2148.58238291385,HLA-B;HLA-A,Latent_60
KEGG_2021_Human,DNA Conformation Change (GO:0071103),2/12,6.232515501994467e-05,0.0013780784276632,0,0,221.88888888888889,2148.58238291385,TOP2A;HMGB2,Latent_60
KEGG_2021_Human,Response To Iron Ion (GO:0010039),2/12,6.232515501994467e-05,0.0013780784276632,0,0,221.88888888888889,2148.58238291385,B2M;SNCA,Latent_60
KEGG_2021_Human,Detection Of Bacterium (GO:0016045),2/12,6.232515501994467e-05,0.0013780784276632,0,0,221.88888888888889,2148.58238291385,HLA-B;HLA-A,Latent_60
GO_Biological_Process_2023,Defense Response To Gram-positive Bacterium (GO:0050830),3/85,8.015427688190231e-05,0.0016790211683682,0,0,42.82209469153515,403.8790406182925,HMGB2;HLA-A;HLA-E,Latent_60
KEGG_2021_Human,Defense Response To Gram-positive Bacterium (GO:0050830),3/85,8.015427688190231e-05,0.0016790211683682,0,0,42.82209469153515,403.8790406182925,HMGB2;HLA-A;HLA-E,Latent_60
GO_Biological_Process_2023,Alpha-Beta T Cell Activation (GO:0046631),2/15,9.897575036981038e-05,0.0019696174323592,0,0,170.65811965811966,1573.5763478145914,HLA-A;HLA-E,Latent_60
KEGG_2021_Human,Alpha-Beta T Cell Activation (GO:0046631),2/15,9.897575036981038e-05,0.0019696174323592,0,0,170.65811965811966,1573.5763478145914,HLA-A;HLA-E,Latent_60
GO_Biological_Process_2023,Positive Regulation Of Alpha-Beta T Cell Proliferation (GO:0046641),2/17,0.0001280437171265482,0.0024267333055412,0,0,147.88888888888889,1325.548639908665,HLA-A;HLA-E,Latent_60
KEGG_2021_Human,Positive Regulation Of Alpha-Beta T Cell Proliferation (GO:0046641),2/17,0.0001280437171265482,0.0024267333055412,0,0,147.88888888888889,1325.548639908665,HLA-A;HLA-E,Latent_60
GO_Biological_Process_2023,Antigen Processing And Presentation Of Peptide Antigen Via MHC Class I (GO:0002474),2/18,0.00014396293387323563,0.0026044203491612,0,0,138.63888888888889,1226.393330101256,HLA-A;B2M,Latent_60
KEGG_2021_Human,Antigen Processing And Presentation Of Peptide Antigen Via MHC Class I (GO:0002474),2/18,0.00014396293387323563,0.0026044203491612,0,0,138.63888888888889,1226.393330101256,HLA-A;B2M,Latent_60
GO_Biological_Process_2023,Positive Regulation Of Alpha-Beta T Cell Activation (GO:0046635),2/19,0.0001608034054265043,0.0027825980591195,0,0,130.47712418300654,1139.760479290825,HLA-A;HLA-E,Latent_60
KEGG_2021_Human,Positive Regulation Of Alpha-Beta T Cell Activation (GO:0046635),2/19,0.0001608034054265043,0.0027825980591195,0,0,130.47712418300654,1139.760479290825,HLA-A;HLA-E,Latent_60
GO_Biological_Process_2023,Response To Lipid (GO:0033993),3/110,0.00017237462167320945,0.002858545809414,0,0,32.77570093457944,284.0289938426636,HMGB2;CD36;SNCA,Latent_60
KEGG_2021_Human,Response To Lipid (GO:0033993),3/110,0.00017237462167320945,0.002858545809414,0,0,32.77570093457944,284.0289938426636,HMGB2;CD36;SNCA,Latent_60
GO_Biological_Process_2023,Regulation Of Reactive Oxygen Species Biosynthetic Process (GO:1903426),2/26,0.00030434158117427734,0.0048451179722944,0,0,92.38888888888889,748.1060808668657,CD36;SNCA,Latent_60
KEGG_2021_Human,Regulation Of Reactive Oxygen Species Biosynthetic Process (GO:1903426),2/26,0.00030434158117427734,0.0048451179722944,0,0,92.38888888888889,748.1060808668657,CD36;SNCA,Latent_60
GO_Biological_Process_2023,Antigen Processing And Presentation Of Exogenous Peptide Antigen (GO:0002478),2/31,0.0004341401026524156,0.0066456831098331,0,0,76.44061302681992,591.8141768431133,HLA-A;HLA-E,Latent_60
KEGG_2021_Human,Antigen Processing And Presentation Of Exogenous Peptide Antigen (GO:0002478),2/31,0.0004341401026524156,0.0066456831098331,0,0,76.44061302681992,591.8141768431133,HLA-A;HLA-E,Latent_60
GO_Biological_Process_2023,Positive Regulation Of Cytokine Production Involved In Immune Response (GO:0002720),2/33,0.0004923687563769557,0.0072578801865936,0,0,71.50179211469533,544.5778563946176,HLA-A;HLA-E,Latent_60
KEGG_2021_Human,Positive Regulation Of Cytokine Production Involved In Immune Response (GO:0002720),2/33,0.0004923687563769557,0.0072578801865936,0,0,71.50179211469533,544.5778563946176,HLA-A;HLA-E,Latent_60
GO_Biological_Process_2023,Regulation Of Receptor-Mediated Endocytosis (GO:0048259),2/39,0.0006885154392429702,0.0097867551720965,0,0,59.888888888888886,436.0493719555131,BMP2K;B2M,Latent_60
KEGG_2021_Human,Regulation Of Receptor-Mediated Endocytosis (GO:0048259),2/39,0.0006885154392429702,0.0097867551720965,0,0,59.888888888888886,436.0493719555131,BMP2K;B2M,Latent_60
GO_Biological_Process_2023,Defense Response To Bacterium (GO:0042742),3/204,0.0010487935935971,0.0143937879397122,0,0,17.36523266022827,119.1274884291729,HMGB2;HLA-A;HLA-E,Latent_60
KEGG_2021_Human,Defense Response To Bacterium (GO:0042742),3/204,0.0010487935935971,0.0143937879397122,0,0,17.36523266022827,119.1274884291729,HMGB2;HLA-A;HLA-E,Latent_60
GO_Biological_Process_2023,Antibacterial Humoral Response (GO:0019731),2/49,0.0010861789782258,0.0144099744444632,0,0,47.12293144208038,321.61821357029646,HLA-A;HLA-E,Latent_60
KEGG_2021_Human,Antibacterial Humoral Response (GO:0019731),2/49,0.0010861789782258,0.0144099744444632,0,0,47.12293144208038,321.61821357029646,HLA-A;HLA-E,Latent_60
GO_Biological_Process_2023,Receptor Internalization (GO:0031623),2/51,0.0011762077962531,0.0151009904164115,0,0,45.19501133786848,304.8611297728522,CD36;SNCA,Latent_60
KEGG_2021_Human,Receptor Internalization (GO:0031623),2/51,0.0011762077962531,0.0151009904164115,0,0,45.19501133786848,304.8611297728522,CD36;SNCA,Latent_60
GO_Biological_Process_2023,Regulation Of Neurogenesis (GO:0050767),2/67,0.0020202359976765,0.0251266852211015,0,0,34.042735042735046,211.21954341363585,HMGB2;B2M,Latent_60
KEGG_2021_Human,Regulation Of Neurogenesis (GO:0050767),2/67,0.0020202359976765,0.0251266852211015,0,0,34.042735042735046,211.21954341363585,HMGB2;B2M,Latent_60
GO_Biological_Process_2023,Response To Molecule Of Bacterial Origin (GO:0002237),2/69,0.0021410236112441,0.0258220423416723,0,0,33.02321724709785,202.976255104392,HMGB2;SNCA,Latent_60
KEGG_2021_Human,Response To Molecule Of Bacterial Origin (GO:0002237),2/69,0.0021410236112441,0.0258220423416723,0,0,33.02321724709785,202.976255104392,HMGB2;SNCA,Latent_60
GO_Biological_Process_2023,Protein Tetramerization (GO:0051262),2/73,0.0023926495225994,0.0280080738233695,0,0,31.156494522691705,188.04047198052453,B2M;SNCA,Latent_60
KEGG_2021_Human,Protein Tetramerization (GO:0051262),2/73,0.0023926495225994,0.0280080738233695,0,0,31.156494522691705,188.04047198052453,B2M;SNCA,Latent_60
GO_Biological_Process_2023,Positive Regulation Of Endocytosis (GO:0045807),2/79,0.0027950276574232,0.0317834573615557,0,0,28.72005772005772,168.87144870732206,B2M;SNCA,Latent_60
KEGG_2021_Human,Positive Regulation Of Endocytosis (GO:0045807),2/79,0.0027950276574232,0.0317834573615557,0,0,28.72005772005772,168.87144870732206,B2M;SNCA,Latent_60
GO_Biological_Process_2023,Supramolecular Fiber Organization (GO:0097435),3/316,0.0036488140519614,0.0392129434234542,0,0,11.088329261417028,62.24270722776978,CD36;B2M;SNCA,Latent_60
GO_Biological_Process_2023,Positive Regulation Of Binding (GO:0051099),2/91,0.003688337741346,0.0392129434234542,0,0,24.83270911360799,139.12722450187454,HMGB2;B2M,Latent_60
GO_Biological_Process_2023,Positive Regulation Of Protein-Containing Complex Assembly (GO:0031334),2/98,0.0042631105931237,0.0392129434234542,0,0,23.01388888888889,125.60419474591951,CD36;SNCA,Latent_60
GO_Biological_Process_2023,Antimicrobial Humoral Response (GO:0019730),2/100,0.004434499847536,0.0392129434234542,0,0,22.54195011337869,122.13995997533476,HLA-A;HLA-E,Latent_60
GO_Biological_Process_2023,Positive Regulation Of Hemoglobin Biosynthetic Process (GO:0046985),1/5,0.0049904406959516,0.0392129434234542,0,0,262.8421052631579,1393.123889480945,SLC25A37,Latent_60
GO_Biological_Process_2023,Positive Regulation Of Receptor Binding (GO:1900122),1/5,0.0049904406959516,0.0392129434234542,0,0,262.8421052631579,1393.123889480945,B2M,Latent_60
GO_Biological_Process_2023,Regulation Of Monoatomic Anion Transport (GO:0044070),1/5,0.0049904406959516,0.0392129434234542,0,0,262.8421052631579,1393.123889480945,CA2,Latent_60
GO_Biological_Process_2023,Positive Regulation Of Vesicle Fusion (GO:0031340),1/5,0.0049904406959516,0.0392129434234542,0,0,262.8421052631579,1393.123889480945,SNCA,Latent_60
GO_Biological_Process_2023,Cholesterol Import (GO:0070508),1/5,0.0049904406959516,0.0392129434234542,0,0,262.8421052631579,1393.123889480945,CD36,Latent_60
GO_Biological_Process_2023,Positive Regulation Of T Cell Activation (GO:0050870),2/107,0.0050591983954509,0.0392129434234542,0,0,21.03174603174603,111.18531868631156,HLA-A;B2M,Latent_60
GO_Biological_Process_2023,Lipid Transport (GO:0006869),2/108,0.0051515748448776,0.0392129434234542,0,0,20.832285115303986,109.75391117798864,CD36;PITPNC1,Latent_60
GO_Biological_Process_2023,"Synaptic Transmission, Dopaminergic (GO:0001963)",1/6,0.0059856908667451,0.0392129434234542,0,0,210.26315789473685,1076.2074808846232,SNCA,Latent_60
GO_Biological_Process_2023,Positive Regulation Of Natural Killer Cell Cytokine Production (GO:0002729),1/6,0.0059856908667451,0.0392129434234542,0,0,210.26315789473685,1076.2074808846232,HLA-E,Latent_60
GO_Biological_Process_2023,Regulation Of Hemoglobin Biosynthetic Process (GO:0046984),1/6,0.0059856908667451,0.0392129434234542,0,0,210.26315789473685,1076.2074808846232,SLC25A37,Latent_60
GO_Biological_Process_2023,Regulation Of Inositol Phosphate Biosynthetic Process (GO:0010919),1/6,0.0059856908667451,0.0392129434234542,0,0,210.26315789473685,1076.2074808846232,SNCA,Latent_60
GO_Biological_Process_2023,Angiotensin-Activated Signaling Pathway (GO:0038166),1/6,0.0059856908667451,0.0392129434234542,0,0,210.26315789473685,1076.2074808846232,CA2,Latent_60
GO_Biological_Process_2023,Antigen Processing And Presentation Of Endogenous Peptide Antigen Via MHC Class I (GO:0019885),1/6,0.0059856908667451,0.0392129434234542,0,0,210.26315789473685,1076.2074808846232,HLA-A,Latent_60
GO_Biological_Process_2023,Antigen Processing And Presentation Of Exogenous Peptide Antigen Via MHC Class I (GO:0042590),1/6,0.0059856908667451,0.0392129434234542,0,0,210.26315789473685,1076.2074808846232,HLA-A,Latent_60
GO_Biological_Process_2023,Regulation Of Natural Killer Cell Cytokine Production (GO:0002727),1/6,0.0059856908667451,0.0392129434234542,0,0,210.26315789473685,1076.2074808846232,HLA-E,Latent_60
GO_Biological_Process_2023,Cellular Response To Bacterial Lipopeptide (GO:0071221),1/6,0.0059856908667451,0.0392129434234542,0,0,210.26315789473685,1076.2074808846232,CD36,Latent_60
GO_Biological_Process_2023,Regulation Of T Cell Tolerance Induction (GO:0002664),1/6,0.0059856908667451,0.0392129434234542,0,0,210.26315789473685,1076.2074808846232,HLA-B,Latent_60
GO_Biological_Process_2023,Receptor-Mediated Endocytosis (GO:0006898),2/122,0.0065259614572547,0.0392129434234542,0,0,18.38888888888889,92.53228181387864,CD36;SNCA,Latent_60
GO_Biological_Process_2023,Regulation Of Chaperone-Mediated Autophagy (GO:1904714),1/7,0.0069799958941807,0.0392129434234542,0,0,175.21052631578948,869.8689177892479,SNCA,Latent_60
GO_Biological_Process_2023,DNA Ligation (GO:0006266),1/7,0.0069799958941807,0.0392129434234542,0,0,175.21052631578948,869.8689177892479,TOP2A,Latent_60
GO_Biological_Process_2023,Regulation Of Dopamine Uptake Involved In Synaptic Transmission (GO:0051584),1/7,0.0069799958941807,0.0392129434234542,0,0,175.21052631578948,869.8689177892479,SNCA,Latent_60
GO_Biological_Process_2023,Negative Regulation Of Monooxygenase Activity (GO:0032769),1/7,0.0069799958941807,0.0392129434234542,0,0,175.21052631578948,869.8689177892479,SNCA,Latent_60
GO_Biological_Process_2023,Positive Regulation Of Natural Killer Cell Proliferation (GO:0032819),1/7,0.0069799958941807,0.0392129434234542,0,0,175.21052631578948,869.8689177892479,HLA-E,Latent_60
GO_Biological_Process_2023,Regulation Of Lipase Activity (GO:0060191),1/7,0.0069799958941807,0.0392129434234542,0,0,175.21052631578948,869.8689177892479,SNCA,Latent_60
GO_Biological_Process_2023,Cellular Response To Angiotensin (GO:1904385),1/7,0.0069799958941807,0.0392129434234542,0,0,175.21052631578948,869.8689177892479,CA2,Latent_60
GO_Biological_Process_2023,Phosphatidylserine Acyl-Chain Remodeling (GO:0036150),1/7,0.0069799958941807,0.0392129434234542,0,0,175.21052631578948,869.8689177892479,MBOAT2,Latent_60
GO_Biological_Process_2023,Cellular Response To Epinephrine Stimulus (GO:0071872),1/7,0.0069799958941807,0.0392129434234542,0,0,175.21052631578948,869.8689177892479,SNCA,Latent_60
GO_Biological_Process_2023,Response To Epinephrine (GO:0071871),1/7,0.0069799958941807,0.0392129434234542,0,0,175.21052631578948,869.8689177892479,SNCA,Latent_60
GO_Biological_Process_2023,Dopamine Uptake (GO:0090494),1/7,0.0069799958941807,0.0392129434234542,0,0,175.21052631578948,869.8689177892479,SNCA,Latent_60
GO_Biological_Process_2023,Cellular Response To Metal Ion (GO:0071248),2/135,0.0079353477675877,0.0392129434234542,0,0,16.58061821219716,80.19096781895072,B2M;SNCA,Latent_60
GO_Biological_Process_2023,Positive Regulation Of Inositol Phosphate Biosynthetic Process (GO:0060732),1/8,0.0079733565142536,0.0392129434234542,0,0,150.17293233082708,725.5830081396662,SNCA,Latent_60
GO_Biological_Process_2023,Positive Regulation Of Megakaryocyte Differentiation (GO:0045654),1/8,0.0079733565142536,0.0392129434234542,0,0,150.17293233082708,725.5830081396662,HMGB2,Latent_60
GO_Biological_Process_2023,T Cell Mediated Cytotoxicity (GO:0001913),1/8,0.0079733565142536,0.0392129434234542,0,0,150.17293233082708,725.5830081396662,HLA-A,Latent_60
GO_Biological_Process_2023,Negative Regulation Of Transporter Activity (GO:0032410),1/8,0.0079733565142536,0.0392129434234542,0,0,150.17293233082708,725.5830081396662,SNCA,Latent_60
GO_Biological_Process_2023,Regulation Of Pattern Recognition Receptor Signaling Pathway (GO:0062207),1/8,0.0079733565142536,0.0392129434234542,0,0,150.17293233082708,725.5830081396662,CD36,Latent_60
GO_Biological_Process_2023,Phosphatidylglycerol Acyl-Chain Remodeling (GO:0036148),1/8,0.0079733565142536,0.0392129434234542,0,0,150.17293233082708,725.5830081396662,MBOAT2,Latent_60
GO_Biological_Process_2023,"Regulation Of CD8-positive, Alpha-Beta T Cell Proliferation (GO:2000564)",1/8,0.0079733565142536,0.0392129434234542,0,0,150.17293233082708,725.5830081396662,HLA-E,Latent_60
GO_Biological_Process_2023,Response To Magnesium Ion (GO:0032026),1/8,0.0079733565142536,0.0392129434234542,0,0,150.17293233082708,725.5830081396662,SNCA,Latent_60
GO_Biological_Process_2023,Negative Regulation Of Chromosome Organization (GO:2001251),1/8,0.0079733565142536,0.0392129434234542,0,0,150.17293233082708,725.5830081396662,TOP2A,Latent_60
GO_Biological_Process_2023,SNARE Complex Assembly (GO:0035493),1/9,0.0089657734963174,0.0392129434234542,0,0,131.39473684210526,619.439581424405,SNCA,Latent_60
GO_Biological_Process_2023,Negative Regulation Of Receptor Binding (GO:1900121),1/9,0.0089657734963174,0.0392129434234542,0,0,131.39473684210526,619.439581424405,B2M,Latent_60
GO_Biological_Process_2023,Positive Regulation Of Receptor Recycling (GO:0001921),1/9,0.0089657734963174,0.0392129434234542,0,0,131.39473684210526,619.439581424405,SNCA,Latent_60
GO_Biological_Process_2023,Intestinal Cholesterol Absorption (GO:0030299),1/9,0.0089657734963174,0.0392129434234542,0,0,131.39473684210526,619.439581424405,CD36,Latent_60
GO_Biological_Process_2023,Regulation Of Natural Killer Cell Proliferation (GO:0032817),1/9,0.0089657734963174,0.0392129434234542,0,0,131.39473684210526,619.439581424405,HLA-E,Latent_60
GO_Biological_Process_2023,Iron Ion Transmembrane Transport (GO:0034755),1/9,0.0089657734963174,0.0392129434234542,0,0,131.39473684210526,619.439581424405,SLC25A37,Latent_60
GO_Biological_Process_2023,Lipid Import Into Cell (GO:0140354),1/9,0.0089657734963174,0.0392129434234542,0,0,131.39473684210526,619.439581424405,CD36,Latent_60
GO_Biological_Process_2023,Long-Chain Fatty Acid Import Into Cell (GO:0044539),1/9,0.0089657734963174,0.0392129434234542,0,0,131.39473684210526,619.439581424405,CD36,Latent_60
GO_Biological_Process_2023,Regulation Of Receptor Binding (GO:1900120),1/9,0.0089657734963174,0.0392129434234542,0,0,131.39473684210526,619.439581424405,B2M,Latent_60
GO_Biological_Process_2023,Phosphatidylethanolamine Acyl-Chain Remodeling (GO:0036152),1/9,0.0089657734963174,0.0392129434234542,0,0,131.39473684210526,619.439581424405,MBOAT2,Latent_60
GO_Biological_Process_2023,Regulation Of Transmembrane Transporter Activity (GO:0022898),1/9,0.0089657734963174,0.0392129434234542,0,0,131.39473684210526,619.439581424405,SNCA,Latent_60
GO_Biological_Process_2023,Cellular Response To Oxidised Low-Density Lipoprotein Particle Stimulus (GO:0140052),1/9,0.0089657734963174,0.0392129434234542,0,0,131.39473684210526,619.439581424405,CD36,Latent_60
GO_Biological_Process_2023,Positive Regulation Of RNA Biosynthetic Process (GO:1902680),1/9,0.0089657734963174,0.0392129434234542,0,0,131.39473684210526,619.439581424405,TOP2A,Latent_60
KEGG_2021_Human,Supramolecular Fiber Organization (GO:0097435),3/316,0.0036488140519614,0.0392129434234542,0,0,11.088329261417028,62.24270722776978,CD36;B2M;SNCA,Latent_60
KEGG_2021_Human,Positive Regulation Of Binding (GO:0051099),2/91,0.003688337741346,0.0392129434234542,0,0,24.83270911360799,139.12722450187454,HMGB2;B2M,Latent_60
KEGG_2021_Human,Positive Regulation Of Protein-Containing Complex Assembly (GO:0031334),2/98,0.0042631105931237,0.0392129434234542,0,0,23.01388888888889,125.60419474591951,CD36;SNCA,Latent_60
KEGG_2021_Human,Antimicrobial Humoral Response (GO:0019730),2/100,0.004434499847536,0.0392129434234542,0,0,22.54195011337869,122.13995997533476,HLA-A;HLA-E,Latent_60
KEGG_2021_Human,Positive Regulation Of Hemoglobin Biosynthetic Process (GO:0046985),1/5,0.0049904406959516,0.0392129434234542,0,0,262.8421052631579,1393.123889480945,SLC25A37,Latent_60
KEGG_2021_Human,Positive Regulation Of Receptor Binding (GO:1900122),1/5,0.0049904406959516,0.0392129434234542,0,0,262.8421052631579,1393.123889480945,B2M,Latent_60
KEGG_2021_Human,Regulation Of Monoatomic Anion Transport (GO:0044070),1/5,0.0049904406959516,0.0392129434234542,0,0,262.8421052631579,1393.123889480945,CA2,Latent_60
KEGG_2021_Human,Positive Regulation Of Vesicle Fusion (GO:0031340),1/5,0.0049904406959516,0.0392129434234542,0,0,262.8421052631579,1393.123889480945,SNCA,Latent_60
KEGG_2021_Human,Cholesterol Import (GO:0070508),1/5,0.0049904406959516,0.0392129434234542,0,0,262.8421052631579,1393.123889480945,CD36,Latent_60
KEGG_2021_Human,Positive Regulation Of T Cell Activation (GO:0050870),2/107,0.0050591983954509,0.0392129434234542,0,0,21.03174603174603,111.18531868631156,HLA-A;B2M,Latent_60
KEGG_2021_Human,Lipid Transport (GO:0006869),2/108,0.0051515748448776,0.0392129434234542,0,0,20.832285115303986,109.75391117798864,CD36;PITPNC1,Latent_60
KEGG_2021_Human,"Synaptic Transmission, Dopaminergic (GO:0001963)",1/6,0.0059856908667451,0.0392129434234542,0,0,210.26315789473685,1076.2074808846232,SNCA,Latent_60
KEGG_2021_Human,Positive Regulation Of Natural Killer Cell Cytokine Production (GO:0002729),1/6,0.0059856908667451,0.0392129434234542,0,0,210.26315789473685,1076.2074808846232,HLA-E,Latent_60
KEGG_2021_Human,Regulation Of Hemoglobin Biosynthetic Process (GO:0046984),1/6,0.0059856908667451,0.0392129434234542,0,0,210.26315789473685,1076.2074808846232,SLC25A37,Latent_60
KEGG_2021_Human,Regulation Of Inositol Phosphate Biosynthetic Process (GO:0010919),1/6,0.0059856908667451,0.0392129434234542,0,0,210.26315789473685,1076.2074808846232,SNCA,Latent_60
KEGG_2021_Human,Angiotensin-Activated Signaling Pathway (GO:0038166),1/6,0.0059856908667451,0.0392129434234542,0,0,210.26315789473685,1076.2074808846232,CA2,Latent_60
KEGG_2021_Human,Antigen Processing And Presentation Of Endogenous Peptide Antigen Via MHC Class I (GO:0019885),1/6,0.0059856908667451,0.0392129434234542,0,0,210.26315789473685,1076.2074808846232,HLA-A,Latent_60
KEGG_2021_Human,Antigen Processing And Presentation Of Exogenous Peptide Antigen Via MHC Class I (GO:0042590),1/6,0.0059856908667451,0.0392129434234542,0,0,210.26315789473685,1076.2074808846232,HLA-A,Latent_60
KEGG_2021_Human,Regulation Of Natural Killer Cell Cytokine Production (GO:0002727),1/6,0.0059856908667451,0.0392129434234542,0,0,210.26315789473685,1076.2074808846232,HLA-E,Latent_60
KEGG_2021_Human,Cellular Response To Bacterial Lipopeptide (GO:0071221),1/6,0.0059856908667451,0.0392129434234542,0,0,210.26315789473685,1076.2074808846232,CD36,Latent_60
KEGG_2021_Human,Regulation Of T Cell Tolerance Induction (GO:0002664),1/6,0.0059856908667451,0.0392129434234542,0,0,210.26315789473685,1076.2074808846232,HLA-B,Latent_60
KEGG_2021_Human,Receptor-Mediated Endocytosis (GO:0006898),2/122,0.0065259614572547,0.0392129434234542,0,0,18.38888888888889,92.53228181387864,CD36;SNCA,Latent_60
KEGG_2021_Human,Regulation Of Chaperone-Mediated Autophagy (GO:1904714),1/7,0.0069799958941807,0.0392129434234542,0,0,175.21052631578948,869.8689177892479,SNCA,Latent_60
KEGG_2021_Human,DNA Ligation (GO:0006266),1/7,0.0069799958941807,0.0392129434234542,0,0,175.21052631578948,869.8689177892479,TOP2A,Latent_60
KEGG_2021_Human,Regulation Of Dopamine Uptake Involved In Synaptic Transmission (GO:0051584),1/7,0.0069799958941807,0.0392129434234542,0,0,175.21052631578948,869.8689177892479,SNCA,Latent_60
KEGG_2021_Human,Negative Regulation Of Monooxygenase Activity (GO:0032769),1/7,0.0069799958941807,0.0392129434234542,0,0,175.21052631578948,869.8689177892479,SNCA,Latent_60
KEGG_2021_Human,Positive Regulation Of Natural Killer Cell Proliferation (GO:0032819),1/7,0.0069799958941807,0.0392129434234542,0,0,175.21052631578948,869.8689177892479,HLA-E,Latent_60
KEGG_2021_Human,Regulation Of Lipase Activity (GO:0060191),1/7,0.0069799958941807,0.0392129434234542,0,0,175.21052631578948,869.8689177892479,SNCA,Latent_60
KEGG_2021_Human,Cellular Response To Angiotensin (GO:1904385),1/7,0.0069799958941807,0.0392129434234542,0,0,175.21052631578948,869.8689177892479,CA2,Latent_60
KEGG_2021_Human,Phosphatidylserine Acyl-Chain Remodeling (GO:0036150),1/7,0.0069799958941807,0.0392129434234542,0,0,175.21052631578948,869.8689177892479,MBOAT2,Latent_60
KEGG_2021_Human,Cellular Response To Epinephrine Stimulus (GO:0071872),1/7,0.0069799958941807,0.0392129434234542,0,0,175.21052631578948,869.8689177892479,SNCA,Latent_60
KEGG_2021_Human,Response To Epinephrine (GO:0071871),1/7,0.0069799958941807,0.0392129434234542,0,0,175.21052631578948,869.8689177892479,SNCA,Latent_60
KEGG_2021_Human,Dopamine Uptake (GO:0090494),1/7,0.0069799958941807,0.0392129434234542,0,0,175.21052631578948,869.8689177892479,SNCA,Latent_60
KEGG_2021_Human,Cellular Response To Metal Ion (GO:0071248),2/135,0.0079353477675877,0.0392129434234542,0,0,16.58061821219716,80.19096781895072,B2M;SNCA,Latent_60
KEGG_2021_Human,Positive Regulation Of Inositol Phosphate Biosynthetic Process (GO:0060732),1/8,0.0079733565142536,0.0392129434234542,0,0,150.17293233082708,725.5830081396662,SNCA,Latent_60
KEGG_2021_Human,Positive Regulation Of Megakaryocyte Differentiation (GO:0045654),1/8,0.0079733565142536,0.0392129434234542,0,0,150.17293233082708,725.5830081396662,HMGB2,Latent_60
KEGG_2021_Human,T Cell Mediated Cytotoxicity (GO:0001913),1/8,0.0079733565142536,0.0392129434234542,0,0,150.17293233082708,725.5830081396662,HLA-A,Latent_60
KEGG_2021_Human,Negative Regulation Of Transporter Activity (GO:0032410),1/8,0.0079733565142536,0.0392129434234542,0,0,150.17293233082708,725.5830081396662,SNCA,Latent_60
KEGG_2021_Human,Regulation Of Pattern Recognition Receptor Signaling Pathway (GO:0062207),1/8,0.0079733565142536,0.0392129434234542,0,0,150.17293233082708,725.5830081396662,CD36,Latent_60
KEGG_2021_Human,Phosphatidylglycerol Acyl-Chain Remodeling (GO:0036148),1/8,0.0079733565142536,0.0392129434234542,0,0,150.17293233082708,725.5830081396662,MBOAT2,Latent_60
KEGG_2021_Human,"Regulation Of CD8-positive, Alpha-Beta T Cell Proliferation (GO:2000564)",1/8,0.0079733565142536,0.0392129434234542,0,0,150.17293233082708,725.5830081396662,HLA-E,Latent_60
KEGG_2021_Human,Response To Magnesium Ion (GO:0032026),1/8,0.0079733565142536,0.0392129434234542,0,0,150.17293233082708,725.5830081396662,SNCA,Latent_60
KEGG_2021_Human,Negative Regulation Of Chromosome Organization (GO:2001251),1/8,0.0079733565142536,0.0392129434234542,0,0,150.17293233082708,725.5830081396662,TOP2A,Latent_60
KEGG_2021_Human,SNARE Complex Assembly (GO:0035493),1/9,0.0089657734963174,0.0392129434234542,0,0,131.39473684210526,619.439581424405,SNCA,Latent_60
KEGG_2021_Human,Negative Regulation Of Receptor Binding (GO:1900121),1/9,0.0089657734963174,0.0392129434234542,0,0,131.39473684210526,619.439581424405,B2M,Latent_60
KEGG_2021_Human,Positive Regulation Of Receptor Recycling (GO:0001921),1/9,0.0089657734963174,0.0392129434234542,0,0,131.39473684210526,619.439581424405,SNCA,Latent_60
KEGG_2021_Human,Intestinal Cholesterol Absorption (GO:0030299),1/9,0.0089657734963174,0.0392129434234542,0,0,131.39473684210526,619.439581424405,CD36,Latent_60
KEGG_2021_Human,Regulation Of Natural Killer Cell Proliferation (GO:0032817),1/9,0.0089657734963174,0.0392129434234542,0,0,131.39473684210526,619.439581424405,HLA-E,Latent_60
KEGG_2021_Human,Iron Ion Transmembrane Transport (GO:0034755),1/9,0.0089657734963174,0.0392129434234542,0,0,131.39473684210526,619.439581424405,SLC25A37,Latent_60
KEGG_2021_Human,Lipid Import Into Cell (GO:0140354),1/9,0.0089657734963174,0.0392129434234542,0,0,131.39473684210526,619.439581424405,CD36,Latent_60
KEGG_2021_Human,Long-Chain Fatty Acid Import Into Cell (GO:0044539),1/9,0.0089657734963174,0.0392129434234542,0,0,131.39473684210526,619.439581424405,CD36,Latent_60
KEGG_2021_Human,Regulation Of Receptor Binding (GO:1900120),1/9,0.0089657734963174,0.0392129434234542,0,0,131.39473684210526,619.439581424405,B2M,Latent_60
KEGG_2021_Human,Phosphatidylethanolamine Acyl-Chain Remodeling (GO:0036152),1/9,0.0089657734963174,0.0392129434234542,0,0,131.39473684210526,619.439581424405,MBOAT2,Latent_60
KEGG_2021_Human,Regulation Of Transmembrane Transporter Activity (GO:0022898),1/9,0.0089657734963174,0.0392129434234542,0,0,131.39473684210526,619.439581424405,SNCA,Latent_60
KEGG_2021_Human,Cellular Response To Oxidised Low-Density Lipoprotein Particle Stimulus (GO:0140052),1/9,0.0089657734963174,0.0392129434234542,0,0,131.39473684210526,619.439581424405,CD36,Latent_60
KEGG_2021_Human,Positive Regulation Of RNA Biosynthetic Process (GO:1902680),1/9,0.0089657734963174,0.0392129434234542,0,0,131.39473684210526,619.439581424405,TOP2A,Latent_60
GO_Biological_Process_2023,Negative Regulation Of Exocytosis (GO:0045920),1/10,0.0099572476243861,0.0400301470152091,0,0,116.78947368421052,538.3357753631753,SNCA,Latent_60
GO_Biological_Process_2023,Positive Regulation Of Interleukin-13 Production (GO:0032736),1/10,0.0099572476243861,0.0400301470152091,0,0,116.78947368421052,538.3357753631753,HLA-E,Latent_60
GO_Biological_Process_2023,Regulation Of Dendritic Cell Differentiation (GO:2001198),1/10,0.0099572476243861,0.0400301470152091,0,0,116.78947368421052,538.3357753631753,HLA-B,Latent_60
GO_Biological_Process_2023,Negative Regulation Of Natural Killer Cell Mediated Immunity (GO:0002716),1/10,0.0099572476243861,0.0400301470152091,0,0,116.78947368421052,538.3357753631753,HLA-E,Latent_60
GO_Biological_Process_2023,Negative Regulation Of Oxidoreductase Activity (GO:0051354),1/10,0.0099572476243861,0.0400301470152091,0,0,116.78947368421052,538.3357753631753,SNCA,Latent_60
GO_Biological_Process_2023,Regulation Of Phospholipase Activity (GO:0010517),1/10,0.0099572476243861,0.0400301470152091,0,0,116.78947368421052,538.3357753631753,SNCA,Latent_60
GO_Biological_Process_2023,Positive Regulation Of Cellular Senescence (GO:2000774),1/10,0.0099572476243861,0.0400301470152091,0,0,116.78947368421052,538.3357753631753,B2M,Latent_60
GO_Biological_Process_2023,Regulation Of Biosynthetic Process (GO:0009889),1/10,0.0099572476243861,0.0400301470152091,0,0,116.78947368421052,538.3357753631753,SNCA,Latent_60
KEGG_2021_Human,Negative Regulation Of Exocytosis (GO:0045920),1/10,0.0099572476243861,0.0400301470152091,0,0,116.78947368421052,538.3357753631753,SNCA,Latent_60
KEGG_2021_Human,Positive Regulation Of Interleukin-13 Production (GO:0032736),1/10,0.0099572476243861,0.0400301470152091,0,0,116.78947368421052,538.3357753631753,HLA-E,Latent_60
KEGG_2021_Human,Regulation Of Dendritic Cell Differentiation (GO:2001198),1/10,0.0099572476243861,0.0400301470152091,0,0,116.78947368421052,538.3357753631753,HLA-B,Latent_60
KEGG_2021_Human,Negative Regulation Of Natural Killer Cell Mediated Immunity (GO:0002716),1/10,0.0099572476243861,0.0400301470152091,0,0,116.78947368421052,538.3357753631753,HLA-E,Latent_60
KEGG_2021_Human,Negative Regulation Of Oxidoreductase Activity (GO:0051354),1/10,0.0099572476243861,0.0400301470152091,0,0,116.78947368421052,538.3357753631753,SNCA,Latent_60
KEGG_2021_Human,Regulation Of Phospholipase Activity (GO:0010517),1/10,0.0099572476243861,0.0400301470152091,0,0,116.78947368421052,538.3357753631753,SNCA,Latent_60
KEGG_2021_Human,Positive Regulation Of Cellular Senescence (GO:2000774),1/10,0.0099572476243861,0.0400301470152091,0,0,116.78947368421052,538.3357753631753,B2M,Latent_60
KEGG_2021_Human,Regulation Of Biosynthetic Process (GO:0009889),1/10,0.0099572476243861,0.0400301470152091,0,0,116.78947368421052,538.3357753631753,SNCA,Latent_60
GO_Biological_Process_2023,Response To Lipopolysaccharide (GO:0032496),2/159,0.0108632827727134,0.0407216478666979,0,0,14.02901627742392,63.44435645442206,HMGB2;SNCA,Latent_60
GO_Biological_Process_2023,Negative Regulation Of Microtubule Polymerization (GO:0031115),1/11,0.0109477797028559,0.0407216478666979,0,0,105.10526315789474,474.5101770765117,SNCA,Latent_60
GO_Biological_Process_2023,Negative Regulation Of Platelet-Derived Growth Factor Receptor Signaling Pathway (GO:0010642),1/11,0.0109477797028559,0.0407216478666979,0,0,105.10526315789474,474.5101770765117,SNCA,Latent_60
GO_Biological_Process_2023,Intestinal Absorption (GO:0050892),1/11,0.0109477797028559,0.0407216478666979,0,0,105.10526315789474,474.5101770765117,CD36,Latent_60
GO_Biological_Process_2023,Intestinal Lipid Absorption (GO:0098856),1/11,0.0109477797028559,0.0407216478666979,0,0,105.10526315789474,474.5101770765117,CD36,Latent_60
GO_Biological_Process_2023,Lipoprotein Transport (GO:0042953),1/11,0.0109477797028559,0.0407216478666979,0,0,105.10526315789474,474.5101770765117,CD36,Latent_60
GO_Biological_Process_2023,Carbon Dioxide Transport (GO:0015670),1/11,0.0109477797028559,0.0407216478666979,0,0,105.10526315789474,474.5101770765117,CA2,Latent_60
GO_Biological_Process_2023,Catecholamine Biosynthetic Process (GO:0042423),1/11,0.0109477797028559,0.0407216478666979,0,0,105.10526315789474,474.5101770765117,SNCA,Latent_60
KEGG_2021_Human,Response To Lipopolysaccharide (GO:0032496),2/159,0.0108632827727134,0.0407216478666979,0,0,14.02901627742392,63.44435645442206,HMGB2;SNCA,Latent_60
KEGG_2021_Human,Negative Regulation Of Microtubule Polymerization (GO:0031115),1/11,0.0109477797028559,0.0407216478666979,0,0,105.10526315789474,474.5101770765117,SNCA,Latent_60
KEGG_2021_Human,Negative Regulation Of Platelet-Derived Growth Factor Receptor Signaling Pathway (GO:0010642),1/11,0.0109477797028559,0.0407216478666979,0,0,105.10526315789474,474.5101770765117,SNCA,Latent_60
KEGG_2021_Human,Intestinal Absorption (GO:0050892),1/11,0.0109477797028559,0.0407216478666979,0,0,105.10526315789474,474.5101770765117,CD36,Latent_60
KEGG_2021_Human,Intestinal Lipid Absorption (GO:0098856),1/11,0.0109477797028559,0.0407216478666979,0,0,105.10526315789474,474.5101770765117,CD36,Latent_60
KEGG_2021_Human,Lipoprotein Transport (GO:0042953),1/11,0.0109477797028559,0.0407216478666979,0,0,105.10526315789474,474.5101770765117,CD36,Latent_60
KEGG_2021_Human,Carbon Dioxide Transport (GO:0015670),1/11,0.0109477797028559,0.0407216478666979,0,0,105.10526315789474,474.5101770765117,CA2,Latent_60
KEGG_2021_Human,Catecholamine Biosynthetic Process (GO:0042423),1/11,0.0109477797028559,0.0407216478666979,0,0,105.10526315789474,474.5101770765117,SNCA,Latent_60
GO_Biological_Process_2023,Fatty Acid Transmembrane Transport (GO:1902001),1/12,0.0119373705403343,0.040957529957354,0,0,95.54545454545456,423.0830518492731,CD36,Latent_60
GO_Biological_Process_2023,V(D)J Recombination (GO:0033151),1/12,0.0119373705403343,0.040957529957354,0,0,95.54545454545456,423.0830518492731,HMGB2,Latent_60
GO_Biological_Process_2023,Positive Regulation Of Reactive Oxygen Species Biosynthetic Process (GO:1903428),1/12,0.0119373705403343,0.040957529957354,0,0,95.54545454545456,423.0830518492731,CD36,Latent_60
GO_Biological_Process_2023,Regulation Of Monooxygenase Activity (GO:0032768),1/12,0.0119373705403343,0.040957529957354,0,0,95.54545454545456,423.0830518492731,SNCA,Latent_60
GO_Biological_Process_2023,Lipoprotein Localization (GO:0044872),1/12,0.0119373705403343,0.040957529957354,0,0,95.54545454545456,423.0830518492731,CD36,Latent_60
GO_Biological_Process_2023,Regulation Of Platelet-Derived Growth Factor Receptor Signaling Pathway (GO:0010640),1/12,0.0119373705403343,0.040957529957354,0,0,95.54545454545456,423.0830518492731,SNCA,Latent_60
GO_Biological_Process_2023,Phosphatidylcholine Acyl-Chain Remodeling (GO:0036151),1/12,0.0119373705403343,0.040957529957354,0,0,95.54545454545456,423.0830518492731,MBOAT2,Latent_60
GO_Biological_Process_2023,Positive Regulation Of Alcohol Biosynthetic Process (GO:1902932),1/12,0.0119373705403343,0.040957529957354,0,0,95.54545454545456,423.0830518492731,SNCA,Latent_60
GO_Biological_Process_2023,Regulation Of SNARE Complex Assembly (GO:0035542),1/12,0.0119373705403343,0.040957529957354,0,0,95.54545454545456,423.0830518492731,SNCA,Latent_60
KEGG_2021_Human,Fatty Acid Transmembrane Transport (GO:1902001),1/12,0.0119373705403343,0.040957529957354,0,0,95.54545454545456,423.0830518492731,CD36,Latent_60
KEGG_2021_Human,V(D)J Recombination (GO:0033151),1/12,0.0119373705403343,0.040957529957354,0,0,95.54545454545456,423.0830518492731,HMGB2,Latent_60
KEGG_2021_Human,Positive Regulation Of Reactive Oxygen Species Biosynthetic Process (GO:1903428),1/12,0.0119373705403343,0.040957529957354,0,0,95.54545454545456,423.0830518492731,CD36,Latent_60
KEGG_2021_Human,Regulation Of Monooxygenase Activity (GO:0032768),1/12,0.0119373705403343,0.040957529957354,0,0,95.54545454545456,423.0830518492731,SNCA,Latent_60
KEGG_2021_Human,Lipoprotein Localization (GO:0044872),1/12,0.0119373705403343,0.040957529957354,0,0,95.54545454545456,423.0830518492731,CD36,Latent_60
KEGG_2021_Human,Regulation Of Platelet-Derived Growth Factor Receptor Signaling Pathway (GO:0010640),1/12,0.0119373705403343,0.040957529957354,0,0,95.54545454545456,423.0830518492731,SNCA,Latent_60
KEGG_2021_Human,Phosphatidylcholine Acyl-Chain Remodeling (GO:0036151),1/12,0.0119373705403343,0.040957529957354,0,0,95.54545454545456,423.0830518492731,MBOAT2,Latent_60
KEGG_2021_Human,Positive Regulation Of Alcohol Biosynthetic Process (GO:1902932),1/12,0.0119373705403343,0.040957529957354,0,0,95.54545454545456,423.0830518492731,SNCA,Latent_60
KEGG_2021_Human,Regulation Of SNARE Complex Assembly (GO:0035542),1/12,0.0119373705403343,0.040957529957354,0,0,95.54545454545456,423.0830518492731,SNCA,Latent_60
GO_Biological_Process_2023,Positive Regulation Of Cellular Biosynthetic Process (GO:0031328),2/174,0.0129008233573588,0.0438848521045198,0,0,12.795865633074936,55.66795462172957,CD36;SNCA,Latent_60
KEGG_2021_Human,Positive Regulation Of Cellular Biosynthetic Process (GO:0031328),2/174,0.0129008233573588,0.0438848521045198,0,0,12.795865633074936,55.66795462172957,CD36;SNCA,Latent_60
GO_Biological_Process_2023,Negative Regulation Of Leukocyte Mediated Cytotoxicity (GO:0001911),1/14,0.01391373176082,0.0465350020235829,0,0,80.83805668016194,345.57291333057793,HLA-E,Latent_60
GO_Biological_Process_2023,Resolution Of Meiotic Recombination Intermediates (GO:0000712),1/14,0.01391373176082,0.0465350020235829,0,0,80.83805668016194,345.57291333057793,TOP2A,Latent_60
KEGG_2021_Human,Negative Regulation Of Leukocyte Mediated Cytotoxicity (GO:0001911),1/14,0.01391373176082,0.0465350020235829,0,0,80.83805668016194,345.57291333057793,HLA-E,Latent_60
KEGG_2021_Human,Resolution Of Meiotic Recombination Intermediates (GO:0000712),1/14,0.01391373176082,0.0465350020235829,0,0,80.83805668016194,345.57291333057793,TOP2A,Latent_60
GO_Biological_Process_2023,Regulation Of Clathrin-Dependent Endocytosis (GO:2000369),1/15,0.0149005037888985,0.0482146382762734,0,0,75.06015037593986,315.7300332957057,BMP2K,Latent_60
GO_Biological_Process_2023,Gas Transport (GO:0015669),1/15,0.0149005037888985,0.0482146382762734,0,0,75.06015037593986,315.7300332957057,CA2,Latent_60
GO_Biological_Process_2023,Regulation Of Interleukin-13 Production (GO:0032656),1/15,0.0149005037888985,0.0482146382762734,0,0,75.06015037593986,315.7300332957057,HLA-E,Latent_60
GO_Biological_Process_2023,Positive Regulation Of Transmembrane Transport (GO:0034764),1/15,0.0149005037888985,0.0482146382762734,0,0,75.06015037593986,315.7300332957057,CA2,Latent_60
KEGG_2021_Human,Regulation Of Clathrin-Dependent Endocytosis (GO:2000369),1/15,0.0149005037888985,0.0482146382762734,0,0,75.06015037593986,315.7300332957057,BMP2K,Latent_60
KEGG_2021_Human,Gas Transport (GO:0015669),1/15,0.0149005037888985,0.0482146382762734,0,0,75.06015037593986,315.7300332957057,CA2,Latent_60
KEGG_2021_Human,Regulation Of Interleukin-13 Production (GO:0032656),1/15,0.0149005037888985,0.0482146382762734,0,0,75.06015037593986,315.7300332957057,HLA-E,Latent_60
KEGG_2021_Human,Positive Regulation Of Transmembrane Transport (GO:0034764),1/15,0.0149005037888985,0.0482146382762734,0,0,75.06015037593986,315.7300332957057,CA2,Latent_60
GO_Biological_Process_2023,Regulation Of Cell Differentiation (GO:0045595),2/193,0.0157023000244154,0.0490136625592749,0,0,11.511925538103547,47.81994097445014,HEMGN;MBOAT2,Latent_60
GO_Biological_Process_2023,Apoptotic Nuclear Changes (GO:0030262),1/16,0.0158863378646896,0.0490136625592749,0,0,70.05263157894737,290.1787210723924,TOP2A,Latent_60
GO_Biological_Process_2023,Nuclear Chromosome Segregation (GO:0098813),1/16,0.0158863378646896,0.0490136625592749,0,0,70.05263157894737,290.1787210723924,TOP2A,Latent_60
GO_Biological_Process_2023,Regulation Of Presynapse Assembly (GO:1905606),1/16,0.0158863378646896,0.0490136625592749,0,0,70.05263157894737,290.1787210723924,SNCA,Latent_60
GO_Biological_Process_2023,Regulation Of Presynapse Organization (GO:0099174),1/16,0.0158863378646896,0.0490136625592749,0,0,70.05263157894737,290.1787210723924,SNCA,Latent_60
GO_Biological_Process_2023,Regulation Of Stem Cell Proliferation (GO:0072091),1/16,0.0158863378646896,0.0490136625592749,0,0,70.05263157894737,290.1787210723924,HMGB2,Latent_60
KEGG_2021_Human,Regulation Of Cell Differentiation (GO:0045595),2/193,0.0157023000244154,0.0490136625592749,0,0,11.511925538103547,47.81994097445014,HEMGN;MBOAT2,Latent_60
KEGG_2021_Human,Apoptotic Nuclear Changes (GO:0030262),1/16,0.0158863378646896,0.0490136625592749,0,0,70.05263157894737,290.1787210723924,TOP2A,Latent_60
KEGG_2021_Human,Nuclear Chromosome Segregation (GO:0098813),1/16,0.0158863378646896,0.0490136625592749,0,0,70.05263157894737,290.1787210723924,TOP2A,Latent_60
KEGG_2021_Human,Regulation Of Presynapse Assembly (GO:1905606),1/16,0.0158863378646896,0.0490136625592749,0,0,70.05263157894737,290.1787210723924,SNCA,Latent_60
KEGG_2021_Human,Regulation Of Presynapse Organization (GO:0099174),1/16,0.0158863378646896,0.0490136625592749,0,0,70.05263157894737,290.1787210723924,SNCA,Latent_60
KEGG_2021_Human,Regulation Of Stem Cell Proliferation (GO:0072091),1/16,0.0158863378646896,0.0490136625592749,0,0,70.05263157894737,290.1787210723924,HMGB2,Latent_60
GO_Biological_Process_2023,Positive Regulation Of Macrophage Derived Foam Cell Differentiation (GO:0010744),1/17,0.0168712348172723,0.049738899683514,0,0,65.67105263157895,268.0787715603985,CD36,Latent_60
GO_Biological_Process_2023,cGMP-mediated Signaling (GO:0019934),1/17,0.0168712348172723,0.049738899683514,0,0,65.67105263157895,268.0787715603985,CD36,Latent_60
GO_Biological_Process_2023,Regulation Of Receptor Recycling (GO:0001919),1/17,0.0168712348172723,0.049738899683514,0,0,65.67105263157895,268.0787715603985,SNCA,Latent_60
GO_Biological_Process_2023,Regulation Of Single Stranded Viral RNA Replication Via Double Stranded DNA Intermediate (GO:0045091),1/17,0.0168712348172723,0.049738899683514,0,0,65.67105263157895,268.0787715603985,TOP2A,Latent_60
GO_Biological_Process_2023,Sensory Perception Of Taste (GO:0050909),1/17,0.0168712348172723,0.049738899683514,0,0,65.67105263157895,268.0787715603985,CD36,Latent_60
GO_Biological_Process_2023,Regulation Of Cartilage Development (GO:0061035),1/17,0.0168712348172723,0.049738899683514,0,0,65.67105263157895,268.0787715603985,MBOAT2,Latent_60
KEGG_2021_Human,Positive Regulation Of Macrophage Derived Foam Cell Differentiation (GO:0010744),1/17,0.0168712348172723,0.049738899683514,0,0,65.67105263157895,268.0787715603985,CD36,Latent_60
KEGG_2021_Human,cGMP-mediated Signaling (GO:0019934),1/17,0.0168712348172723,0.049738899683514,0,0,65.67105263157895,268.0787715603985,CD36,Latent_60
KEGG_2021_Human,Regulation Of Receptor Recycling (GO:0001919),1/17,0.0168712348172723,0.049738899683514,0,0,65.67105263157895,268.0787715603985,SNCA,Latent_60
KEGG_2021_Human,Regulation Of Single Stranded Viral RNA Replication Via Double Stranded DNA Intermediate (GO:0045091),1/17,0.0168712348172723,0.049738899683514,0,0,65.67105263157895,268.0787715603985,TOP2A,Latent_60
KEGG_2021_Human,Sensory Perception Of Taste (GO:0050909),1/17,0.0168712348172723,0.049738899683514,0,0,65.67105263157895,268.0787715603985,CD36,Latent_60
KEGG_2021_Human,Regulation Of Cartilage Development (GO:0061035),1/17,0.0168712348172723,0.049738899683514,0,0,65.67105263157895,268.0787715603985,MBOAT2,Latent_60
GO_Biological_Process_2023,Central Nervous System Development (GO:0007417),4/283,0.0001590170610738952,0.0185648364516309,0,0,17.653225806451612,154.40392290707362,MEIS1;APLP2;ZBTB16;JARID2,Latent_61
GO_Biological_Process_2023,Negative Regulation Of Myeloid Cell Differentiation (GO:0045638),2/22,0.00021683563043902655,0.0185648364516309,0,0,110.88888888888889,935.4998014387868,MEIS1;ZBTB16,Latent_61
GO_Biological_Process_2023,Regulation Of Myeloid Cell Differentiation (GO:0045637),2/26,0.00030434158117427734,0.0185648364516309,0,0,92.38888888888889,748.1060808668657,MEIS1;ZBTB16,Latent_61
KEGG_2021_Human,Central Nervous System Development (GO:0007417),4/283,0.0001590170610738952,0.0185648364516309,0,0,17.653225806451612,154.40392290707362,MEIS1;APLP2;ZBTB16;JARID2,Latent_61
KEGG_2021_Human,Negative Regulation Of Myeloid Cell Differentiation (GO:0045638),2/22,0.00021683563043902655,0.0185648364516309,0,0,110.88888888888889,935.4998014387868,MEIS1;ZBTB16,Latent_61
KEGG_2021_Human,Regulation Of Myeloid Cell Differentiation (GO:0045637),2/26,0.00030434158117427734,0.0185648364516309,0,0,92.38888888888889,748.1060808668657,MEIS1;ZBTB16,Latent_61
GO_Biological_Process_2023,Nervous System Development (GO:0007399),4/433,0.0007971637787840758,0.0364702428793714,0,0,11.393356643356643,81.285337932202,ZEB2;APLP2;ZBTB16;JARID2,Latent_61
KEGG_2021_Human,Nervous System Development (GO:0007399),4/433,0.0007971637787840758,0.0364702428793714,0,0,11.393356643356643,81.285337932202,ZEB2;APLP2;ZBTB16;JARID2,Latent_61
GO_Biological_Process_2023,Positive Regulation Of DNA-templated Transcription (GO:0045893),6/1243,0.0010360931391159,0.0379210088916435,0,0,6.493705970666359,44.626684090977335,ZEB2;MEIS1;CTBP2;ZBTB16;MAML3;ERG,Latent_61
KEGG_2021_Human,Positive Regulation Of DNA-templated Transcription (GO:0045893),6/1243,0.0010360931391159,0.0379210088916435,0,0,6.493705970666359,44.626684090977335,ZEB2;MEIS1;CTBP2;ZBTB16;MAML3;ERG,Latent_61
GO_Biological_Process_2023,Cytoplasmic Translation (GO:0002181),3/93,0.00010477271693988004,0.0263255456031166,0,0,39.0,357.3849690260219,RPS18;RPL13;RPL39,Latent_63
GO_Biological_Process_2023,Positive Regulation Of Nucleic Acid-Templated Transcription (GO:1903508),5/557,0.0001803119561857302,0.0263255456031166,0,0,11.731884057971014,101.13848556362616,MAP2K3;JUN;PYHIN1;SKAP1;PICALM,Latent_63
KEGG_2021_Human,Cytoplasmic Translation (GO:0002181),3/93,0.00010477271693988004,0.0263255456031166,0,0,39.0,357.3849690260219,RPS18;RPL13;RPL39,Latent_63
KEGG_2021_Human,Positive Regulation Of Nucleic Acid-Templated Transcription (GO:1903508),5/557,0.0001803119561857302,0.0263255456031166,0,0,11.731884057971014,101.13848556362616,MAP2K3;JUN;PYHIN1;SKAP1;PICALM,Latent_63
GO_Biological_Process_2023,Peptide Biosynthetic Process (GO:0043043),3/158,0.000499603264385389,0.0434858631157329,0,0,22.57115749525617,171.5790831936098,RPS18;RPL13;RPL39,Latent_63
GO_Biological_Process_2023,Macromolecule Biosynthetic Process (GO:0009059),3/183,0.0007659941735256985,0.0434858631157329,0,0,19.41176470588235,139.26652224842684,RPS18;RPL13;RPL39,Latent_63
GO_Biological_Process_2023,Positive Regulation Of Cell-Cell Adhesion (GO:0022409),2/46,0.0009576675617417908,0.0434858631157329,0,0,50.343434343434346,349.9377081556704,ANK3;SKAP1,Latent_63
GO_Biological_Process_2023,Positive Regulation Of DNA-templated Transcription (GO:0045893),6/1243,0.0010360931391159,0.0434858631157329,0,0,6.493705970666359,44.626684090977335,MAP2K3;JUN;TXK;PYHIN1;SKAP1;PICALM,Latent_63
GO_Biological_Process_2023,Regulation Of DNA Binding (GO:0051101),2/48,0.0010424693212675,0.0434858631157329,0,0,48.14975845410628,330.6040915341501,JUN;PYHIN1,Latent_63
KEGG_2021_Human,Peptide Biosynthetic Process (GO:0043043),3/158,0.000499603264385389,0.0434858631157329,0,0,22.57115749525617,171.5790831936098,RPS18;RPL13;RPL39,Latent_63
KEGG_2021_Human,Macromolecule Biosynthetic Process (GO:0009059),3/183,0.0007659941735256985,0.0434858631157329,0,0,19.41176470588235,139.26652224842684,RPS18;RPL13;RPL39,Latent_63
KEGG_2021_Human,Positive Regulation Of Cell-Cell Adhesion (GO:0022409),2/46,0.0009576675617417908,0.0434858631157329,0,0,50.343434343434346,349.9377081556704,ANK3;SKAP1,Latent_63
KEGG_2021_Human,Positive Regulation Of DNA-templated Transcription (GO:0045893),6/1243,0.0010360931391159,0.0434858631157329,0,0,6.493705970666359,44.626684090977335,MAP2K3;JUN;TXK;PYHIN1;SKAP1;PICALM,Latent_63
KEGG_2021_Human,Regulation Of DNA Binding (GO:0051101),2/48,0.0010424693212675,0.0434858631157329,0,0,48.14975845410628,330.6040915341501,JUN;PYHIN1,Latent_63
KEGG_2021_Human,Cytoplasmic Translation (GO:0002181),5/93,2.860665683313096e-08,9.268556813934433e-06,0,0,75.34848484848484,1308.7750308557625,RPS6;RPL13;RPS3A;RPS20;RPL17,Latent_7
GO_Biological_Process_2023,Cytoplasmic Translation (GO:0002181),5/93,2.860665683313096e-08,9.268556813934433e-06,0,0,75.34848484848484,1308.7750308557625,RPS6;RPL13;RPS3A;RPS20;RPL17,Latent_7
KEGG_2021_Human,Peptide Biosynthetic Process (GO:0043043),5/158,4.067877641898312e-07,6.589961779875265e-05,0,0,43.19607843137255,635.6291818799854,RPS6;RPL13;RPS3A;RPS20;RPL17,Latent_7
GO_Biological_Process_2023,Peptide Biosynthetic Process (GO:0043043),5/158,4.067877641898312e-07,6.589961779875265e-05,0,0,43.19607843137255,635.6291818799854,RPS6;RPL13;RPS3A;RPS20;RPL17,Latent_7
KEGG_2021_Human,Macromolecule Biosynthetic Process (GO:0009059),5/183,8.420687467861249e-07,9.094342465290148e-05,0,0,37.08239700374532,518.6864748183632,RPS6;RPL13;RPS3A;RPS20;RPL17,Latent_7
GO_Biological_Process_2023,Macromolecule Biosynthetic Process (GO:0009059),5/183,8.420687467861249e-07,9.094342465290148e-05,0,0,37.08239700374532,518.6864748183632,RPS6;RPL13;RPS3A;RPS20;RPL17,Latent_7
KEGG_2021_Human,Translation (GO:0006412),5/234,2.8216729930228176e-06,0.0002285555124348482,0,0,28.74963609898108,367.3680419404166,RPS6;RPL13;RPS3A;RPS20;RPL17,Latent_7
GO_Biological_Process_2023,Translation (GO:0006412),5/234,2.8216729930228176e-06,0.0002285555124348482,0,0,28.74963609898108,367.3680419404166,RPS6;RPL13;RPS3A;RPS20;RPL17,Latent_7
KEGG_2021_Human,Inositol Lipid-Mediated Signaling (GO:0048017),3/33,4.576828401537777e-06,0.00029657848041964794,0,0,117.3529411764706,1442.7962385582716,EZR;PLCB1;IGF1R,Latent_7
GO_Biological_Process_2023,Inositol Lipid-Mediated Signaling (GO:0048017),3/33,4.576828401537777e-06,0.00029657848041964794,0,0,117.3529411764706,1442.7962385582716,EZR;PLCB1;IGF1R,Latent_7
KEGG_2021_Human,Gene Expression (GO:0010467),5/296,8.869072739287972e-06,0.0004789299279215505,0,0,22.553264604811,262.36078085505625,RPS6;RPL13;RPS3A;RPS20;RPL17,Latent_7
GO_Biological_Process_2023,Gene Expression (GO:0010467),5/296,8.869072739287972e-06,0.0004789299279215505,0,0,22.553264604811,262.36078085505625,RPS6;RPL13;RPS3A;RPS20;RPL17,Latent_7
KEGG_2021_Human,Phosphatidylinositol-Mediated Signaling (GO:0048015),3/62,3.1145039317832526e-05,0.0014415703912825,0,0,59.584247258225325,618.2971284537232,EZR;PLCB1;IGF1R,Latent_7
GO_Biological_Process_2023,Phosphatidylinositol-Mediated Signaling (GO:0048015),3/62,3.1145039317832526e-05,0.0014415703912825,0,0,59.584247258225325,618.2971284537232,EZR;PLCB1;IGF1R,Latent_7
KEGG_2021_Human,Insulin-Like Growth Factor Receptor Signaling Pathway (GO:0048009),2/10,4.254530034649759e-05,0.0017230846640331,0,0,277.3888888888889,2791.9028448786567,PLCB1;IGF1R,Latent_7
GO_Biological_Process_2023,Insulin-Like Growth Factor Receptor Signaling Pathway (GO:0048009),2/10,4.254530034649759e-05,0.0017230846640331,0,0,277.3888888888889,2791.9028448786567,PLCB1;IGF1R,Latent_7
KEGG_2021_Human,Positive Regulation Of Signal Transduction By P53 Class Mediator (GO:1901798),2/21,0.000197241423521882,0.0071006912467877,0,0,116.7309941520468,995.841692324286,RPS20;RPL17,Latent_7
GO_Biological_Process_2023,Positive Regulation Of Signal Transduction By P53 Class Mediator (GO:1901798),2/21,0.000197241423521882,0.0071006912467877,0,0,116.7309941520468,995.841692324286,RPS20;RPL17,Latent_7
KEGG_2021_Human,Fc Receptor Signaling Pathway (GO:0038093),2/26,0.00030434158117427734,0.0098606672300465,0,0,92.38888888888889,748.1060808668657,MAP3K1;CD247,Latent_7
GO_Biological_Process_2023,Fc Receptor Signaling Pathway (GO:0038093),2/26,0.00030434158117427734,0.0098606672300465,0,0,92.38888888888889,748.1060808668657,MAP3K1;CD247,Latent_7
KEGG_2021_Human,Regulation Of Signal Transduction By P53 Class Mediator (GO:1901796),2/47,0.0009996316450557327,0.0294436957270961,0,0,49.22222222222222,340.0331999878986,RPS20;RPL17,Latent_7
GO_Biological_Process_2023,Regulation Of Signal Transduction By P53 Class Mediator (GO:1901796),2/47,0.0009996316450557327,0.0294436957270961,0,0,49.22222222222222,340.0331999878986,RPS20;RPL17,Latent_7
KEGG_2021_Human,Cellular Response To Peptide (GO:1901653),2/56,0.0014164270510532,0.0382435303784384,0,0,41.0,268.9443273175631,RPL17;IGF1R,Latent_7
GO_Biological_Process_2023,Cellular Response To Peptide (GO:1901653),2/56,0.0014164270510532,0.0382435303784384,0,0,41.0,268.9443273175631,RPL17;IGF1R,Latent_7
GO_Biological_Process_2023,Regulation Of Mitotic Cell Cycle Phase Transition (GO:1901990),3/86,8.299850468693465e-05,0.0141347199023329,0,0,42.30403968816442,397.5178606573078,SMARCC1;CDK6;ARID1B,Latent_8
GO_Biological_Process_2023,Regulation Of G1/S Transition Of Mitotic Cell Cycle (GO:2000045),3/106,0.00015447781314025097,0.0141347199023329,0,0,34.055396916047975,298.85177601622246,ANKRD17;SMARCC1;ARID1B,Latent_8
KEGG_2021_Human,Regulation Of Mitotic Cell Cycle Phase Transition (GO:1901990),3/86,8.299850468693465e-05,0.0141347199023329,0,0,42.30403968816442,397.5178606573078,SMARCC1;CDK6;ARID1B,Latent_8
KEGG_2021_Human,Regulation Of G1/S Transition Of Mitotic Cell Cycle (GO:2000045),3/106,0.00015447781314025097,0.0141347199023329,0,0,34.055396916047975,298.85177601622246,ANKRD17;SMARCC1;ARID1B,Latent_8
GO_Biological_Process_2023,Regulation Of Nucleotide-Excision Repair (GO:2000819),2/26,0.00030434158117427734,0.0179997607687805,0,0,92.38888888888889,748.1060808668657,SMARCC1;ARID1B,Latent_8
GO_Biological_Process_2023,Regulation Of Metaphase/Anaphase Transition Of Cell Cycle (GO:1902099),2/32,0.0004628054168177868,0.0179997607687805,0,0,73.88888888888889,567.3339517497183,SMARCC1;ARID1B,Latent_8
GO_Biological_Process_2023,Regulation Of G0 To G1 Transition (GO:0070316),2/33,0.0004923687563769557,0.0179997607687805,0,0,71.50179211469533,544.5778563946176,SMARCC1;ARID1B,Latent_8
GO_Biological_Process_2023,Positive Regulation Of Myoblast Differentiation (GO:0045663),2/38,0.0006535983868982156,0.0179997607687805,0,0,61.55555555555556,451.387965030658,SMARCC1;ARID1B,Latent_8
GO_Biological_Process_2023,Positive Regulation Of Lymphocyte Differentiation (GO:0045621),2/39,0.0006885154392429702,0.0179997607687805,0,0,59.888888888888886,436.0493719555131,SMARCC1;ARID1B,Latent_8
KEGG_2021_Human,Regulation Of Nucleotide-Excision Repair (GO:2000819),2/26,0.00030434158117427734,0.0179997607687805,0,0,92.38888888888889,748.1060808668657,SMARCC1;ARID1B,Latent_8
KEGG_2021_Human,Regulation Of Metaphase/Anaphase Transition Of Cell Cycle (GO:1902099),2/32,0.0004628054168177868,0.0179997607687805,0,0,73.88888888888889,567.3339517497183,SMARCC1;ARID1B,Latent_8
KEGG_2021_Human,Regulation Of G0 To G1 Transition (GO:0070316),2/33,0.0004923687563769557,0.0179997607687805,0,0,71.50179211469533,544.5778563946176,SMARCC1;ARID1B,Latent_8
KEGG_2021_Human,Positive Regulation Of Myoblast Differentiation (GO:0045663),2/38,0.0006535983868982156,0.0179997607687805,0,0,61.55555555555556,451.387965030658,SMARCC1;ARID1B,Latent_8
KEGG_2021_Human,Positive Regulation Of Lymphocyte Differentiation (GO:0045621),2/39,0.0006885154392429702,0.0179997607687805,0,0,59.888888888888886,436.0493719555131,SMARCC1;ARID1B,Latent_8
GO_Biological_Process_2023,Regulation Of Cell Differentiation (GO:0045595),3/193,0.0008936113232019103,0.0180700684559394,0,0,18.38080495356037,129.03765552888265,SMARCC1;CDK6;ARID1B,Latent_8
GO_Biological_Process_2023,Regulation Of T Cell Differentiation (GO:0045580),2/47,0.0009996316450557327,0.0180700684559394,0,0,49.22222222222222,340.0331999878986,SMARCC1;ARID1B,Latent_8
GO_Biological_Process_2023,Positive Regulation Of DNA-templated Transcription (GO:0045893),6/1243,0.0010360931391159,0.0180700684559394,0,0,6.493705970666359,44.626684090977335,SMARCC1;TBL1XR1;TCF12;TCF4;SSBP2;ARID1B,Latent_8
GO_Biological_Process_2023,Regulation Of Mitotic Metaphase/Anaphase Transition (GO:0030071),2/49,0.0010861789782258,0.0180700684559394,0,0,47.12293144208038,321.61821357029646,SMARCC1;ARID1B,Latent_8
KEGG_2021_Human,Regulation Of Cell Differentiation (GO:0045595),3/193,0.0008936113232019103,0.0180700684559394,0,0,18.38080495356037,129.03765552888265,SMARCC1;CDK6;ARID1B,Latent_8
KEGG_2021_Human,Regulation Of T Cell Differentiation (GO:0045580),2/47,0.0009996316450557327,0.0180700684559394,0,0,49.22222222222222,340.0331999878986,SMARCC1;ARID1B,Latent_8
KEGG_2021_Human,Positive Regulation Of DNA-templated Transcription (GO:0045893),6/1243,0.0010360931391159,0.0180700684559394,0,0,6.493705970666359,44.626684090977335,SMARCC1;TBL1XR1;TCF12;TCF4;SSBP2;ARID1B,Latent_8
KEGG_2021_Human,Regulation Of Mitotic Metaphase/Anaphase Transition (GO:0030071),2/49,0.0010861789782258,0.0180700684559394,0,0,47.12293144208038,321.61821357029646,SMARCC1;ARID1B,Latent_8
GO_Biological_Process_2023,Regulation Of Myoblast Differentiation (GO:0045661),2/54,0.0013177506939226,0.0200956980823203,0,0,42.58119658119658,282.3912150075315,SMARCC1;ARID1B,Latent_8
KEGG_2021_Human,Regulation Of Myoblast Differentiation (GO:0045661),2/54,0.0013177506939226,0.0200956980823203,0,0,42.58119658119658,282.3912150075315,SMARCC1;ARID1B,Latent_8
GO_Biological_Process_2023,Positive Regulation Of T Cell Differentiation (GO:0045582),2/64,0.0018453715711163,0.0245999738979921,0,0,35.69534050179212,224.7048323380627,SMARCC1;ARID1B,Latent_8
GO_Biological_Process_2023,Regulation Of DNA-templated Transcription (GO:0006355),7/1922,0.0018819652162398,0.0245999738979921,0,0,5.079534042980519,31.87630461454304,SMARCC1;TBL1XR1;TCF12;TCF4;SSBP2;ARID1B;ETV6,Latent_8
KEGG_2021_Human,Positive Regulation Of T Cell Differentiation (GO:0045582),2/64,0.0018453715711163,0.0245999738979921,0,0,35.69534050179212,224.7048323380627,SMARCC1;ARID1B,Latent_8
KEGG_2021_Human,Regulation Of DNA-templated Transcription (GO:0006355),7/1922,0.0018819652162398,0.0245999738979921,0,0,5.079534042980519,31.87630461454304,SMARCC1;TBL1XR1;TCF12;TCF4;SSBP2;ARID1B;ETV6,Latent_8
GO_Biological_Process_2023,Positive Regulation Of Nucleic Acid-Templated Transcription (GO:1903508),4/557,0.002021409586644,0.024661196957057,0,0,8.78254972875226,54.48658893444878,SMARCC1;TBL1XR1;TCF4;ARID1B,Latent_8
KEGG_2021_Human,Positive Regulation Of Nucleic Acid-Templated Transcription (GO:1903508),4/557,0.002021409586644,0.024661196957057,0,0,8.78254972875226,54.48658893444878,SMARCC1;TBL1XR1;TCF4;ARID1B,Latent_8
GO_Biological_Process_2023,Regulation Of Cell Cycle G1/S Phase Transition (GO:1902806),2/74,0.0024576407666974,0.0257508974696138,0,0,30.72222222222222,184.5961136225927,SMARCC1;ARID1B,Latent_8
GO_Biological_Process_2023,Positive Regulation Of Cellular Process (GO:0048522),4/594,0.0025544978089758,0.0257508974696138,0,0,8.216101694915254,49.04930244309082,ANKRD17;SMARCC1;HBB;ARID1B,Latent_8
GO_Biological_Process_2023,Regulation Of Transcription By RNA Polymerase II (GO:0006357),7/2028,0.0025704486243523,0.0257508974696138,0,0,4.784874205458075,28.5354338796176,SMARCC1;TBL1XR1;TCF12;TCF4;SSBP2;ARID1B;ETV6,Latent_8
GO_Biological_Process_2023,Positive Regulation Of Cell Differentiation (GO:0045597),3/283,0.0026735904476648,0.0257508974696138,0,0,12.415966386554622,73.5563190551011,SMARCC1;TCF4;ARID1B,Latent_8
KEGG_2021_Human,Regulation Of Cell Cycle G1/S Phase Transition (GO:1902806),2/74,0.0024576407666974,0.0257508974696138,0,0,30.72222222222222,184.5961136225927,SMARCC1;ARID1B,Latent_8
KEGG_2021_Human,Positive Regulation Of Cellular Process (GO:0048522),4/594,0.0025544978089758,0.0257508974696138,0,0,8.216101694915254,49.04930244309082,ANKRD17;SMARCC1;HBB;ARID1B,Latent_8
KEGG_2021_Human,Regulation Of Transcription By RNA Polymerase II (GO:0006357),7/2028,0.0025704486243523,0.0257508974696138,0,0,4.784874205458075,28.5354338796176,SMARCC1;TBL1XR1;TCF12;TCF4;SSBP2;ARID1B;ETV6,Latent_8
KEGG_2021_Human,Positive Regulation Of Cell Differentiation (GO:0045597),3/283,0.0026735904476648,0.0257508974696138,0,0,12.415966386554622,73.5563190551011,SMARCC1;TCF4;ARID1B,Latent_8
GO_Biological_Process_2023,Positive Regulation Of Double-Strand Break Repair (GO:2000781),2/84,0.0031529901666195,0.0280971471086807,0,0,26.962059620596207,155.2853944898215,SMARCC1;ARID1B,Latent_8
GO_Biological_Process_2023,Positive Regulation Of Canonical Wnt Signaling Pathway (GO:0090263),2/85,0.0032270347482887,0.0280971471086807,0,0,26.63587684069612,152.78849293856263,TBL1XR1;GPC5,Latent_8
GO_Biological_Process_2023,Regulation Of Double-Strand Break Repair (GO:2000779),2/88,0.0034540449719347,0.0280971471086807,0,0,25.702842377260986,145.6890896619056,SMARCC1;ARID1B,Latent_8
GO_Biological_Process_2023,Positive Regulation Of DNA Repair (GO:0045739),2/89,0.0035313354289598,0.0280971471086807,0,0,25.406130268199234,143.44502292528725,SMARCC1;ARID1B,Latent_8
KEGG_2021_Human,Positive Regulation Of Double-Strand Break Repair (GO:2000781),2/84,0.0031529901666195,0.0280971471086807,0,0,26.962059620596207,155.2853944898215,SMARCC1;ARID1B,Latent_8
KEGG_2021_Human,Positive Regulation Of Canonical Wnt Signaling Pathway (GO:0090263),2/85,0.0032270347482887,0.0280971471086807,0,0,26.63587684069612,152.78849293856263,TBL1XR1;GPC5,Latent_8
KEGG_2021_Human,Regulation Of Double-Strand Break Repair (GO:2000779),2/88,0.0034540449719347,0.0280971471086807,0,0,25.702842377260986,145.6890896619056,SMARCC1;ARID1B,Latent_8
KEGG_2021_Human,Positive Regulation Of DNA Repair (GO:0045739),2/89,0.0035313354289598,0.0280971471086807,0,0,25.406130268199234,143.44502292528725,SMARCC1;ARID1B,Latent_8
GO_Biological_Process_2023,Positive Regulation Of T Cell Activation (GO:0050870),2/107,0.0050591983954509,0.0369148322114627,0,0,21.03174603174603,111.18531868631156,SMARCC1;ARID1B,Latent_8
GO_Biological_Process_2023,Negative Regulation Of Developmental Process (GO:0051093),2/109,0.005244730259552,0.0369148322114627,0,0,20.63655244029076,108.3528679492363,SMARCC1;CDK6,Latent_8
GO_Biological_Process_2023,Positive Regulation Of Wnt Signaling Pathway (GO:0030177),2/109,0.005244730259552,0.0369148322114627,0,0,20.63655244029076,108.3528679492363,TBL1XR1;GPC5,Latent_8
KEGG_2021_Human,Positive Regulation Of T Cell Activation (GO:0050870),2/107,0.0050591983954509,0.0369148322114627,0,0,21.03174603174603,111.18531868631156,SMARCC1;ARID1B,Latent_8
KEGG_2021_Human,Negative Regulation Of Developmental Process (GO:0051093),2/109,0.005244730259552,0.0369148322114627,0,0,20.63655244029076,108.3528679492363,SMARCC1;CDK6,Latent_8
KEGG_2021_Human,Positive Regulation Of Wnt Signaling Pathway (GO:0030177),2/109,0.005244730259552,0.0369148322114627,0,0,20.63655244029076,108.3528679492363,TBL1XR1;GPC5,Latent_8
GO_Biological_Process_2023,Glandular Epithelial Cell Development (GO:0002068),1/6,0.0059856908667451,0.0391207653076559,0,0,210.26315789473685,1076.2074808846232,CDK6,Latent_8
GO_Biological_Process_2023,Type B Pancreatic Cell Development (GO:0003323),1/6,0.0059856908667451,0.0391207653076559,0,0,210.26315789473685,1076.2074808846232,CDK6,Latent_8
KEGG_2021_Human,Glandular Epithelial Cell Development (GO:0002068),1/6,0.0059856908667451,0.0391207653076559,0,0,210.26315789473685,1076.2074808846232,CDK6,Latent_8
KEGG_2021_Human,Type B Pancreatic Cell Development (GO:0003323),1/6,0.0059856908667451,0.0391207653076559,0,0,210.26315789473685,1076.2074808846232,CDK6,Latent_8
GO_Biological_Process_2023,Purine-Containing Compound Metabolic Process (GO:0072521),1/7,0.0069799958941807,0.0435558547502637,0,0,175.21052631578948,869.8689177892479,FHIT,Latent_8
GO_Biological_Process_2023,Regulation Of DNA Repair (GO:0006282),2/129,0.007269141613339,0.0435558547502637,0,0,17.36920384951881,85.52799311302711,SMARCC1;ARID1B,Latent_8
GO_Biological_Process_2023,Regulation Of Cell Cycle Process (GO:0010564),2/130,0.0073783141926676,0.0435558547502637,0,0,17.23263888888889,84.5986448078777,SMARCC1;ARID1B,Latent_8
KEGG_2021_Human,Purine-Containing Compound Metabolic Process (GO:0072521),1/7,0.0069799958941807,0.0435558547502637,0,0,175.21052631578948,869.8689177892479,FHIT,Latent_8
KEGG_2021_Human,Regulation Of DNA Repair (GO:0006282),2/129,0.007269141613339,0.0435558547502637,0,0,17.36920384951881,85.52799311302711,SMARCC1;ARID1B,Latent_8
KEGG_2021_Human,Regulation Of Cell Cycle Process (GO:0010564),2/130,0.0073783141926676,0.0435558547502637,0,0,17.23263888888889,84.5986448078777,SMARCC1;ARID1B,Latent_8
GO_Biological_Process_2023,Type B Pancreatic Cell Differentiation (GO:0003309),1/8,0.0079733565142536,0.0455976325658877,0,0,150.17293233082708,725.5830081396662,CDK6,Latent_8
KEGG_2021_Human,Type B Pancreatic Cell Differentiation (GO:0003309),1/8,0.0079733565142536,0.0455976325658877,0,0,150.17293233082708,725.5830081396662,CDK6,Latent_8
GO_Biological_Process_2023,B Cell Receptor Signaling Pathway (GO:0050853),5/46,7.769975852238601e-10,2.579631982943215e-07,0,0,162.10569105691056,3400.2615191173827,IGHG3;IGHG1;IGKC;IGLC3;IGHA1,Latent_9
KEGG_2021_Human,B Cell Receptor Signaling Pathway (GO:0050853),5/46,7.769975852238601e-10,2.579631982943215e-07,0,0,162.10569105691056,3400.2615191173827,IGHG3;IGHG1;IGKC;IGLC3;IGHA1,Latent_9
GO_Biological_Process_2023,Antigen Receptor-Mediated Signaling Pathway (GO:0050851),5/134,1.7910795339524157e-07,2.973192026361009e-05,0,0,51.29457364341085,796.8754163692558,IGHG3;IGHG1;IGKC;IGLC3;IGHA1,Latent_9
KEGG_2021_Human,Antigen Receptor-Mediated Signaling Pathway (GO:0050851),5/134,1.7910795339524157e-07,2.973192026361009e-05,0,0,51.29457364341085,796.8754163692558,IGHG3;IGHG1;IGKC;IGLC3;IGHA1,Latent_9
GO_Biological_Process_2023,Retina Homeostasis (GO:0001895),3/39,7.637120838980064e-06,0.0008451747061804604,0,0,97.76470588235294,1151.9116576164165,IGHG3;IGKC;IGHA1,Latent_9
KEGG_2021_Human,Retina Homeostasis (GO:0001895),3/39,7.637120838980064e-06,0.0008451747061804604,0,0,97.76470588235294,1151.9116576164165,IGHG3;IGKC;IGHA1,Latent_9
GO_Biological_Process_2023,Autophagy Of Peroxisome (GO:0030242),2/9,3.405659800132413e-05,0.0028266976341099,0,0,317.031746031746,3261.459893047559,RB1CC1;ATM,Latent_9
KEGG_2021_Human,Autophagy Of Peroxisome (GO:0030242),2/9,3.405659800132413e-05,0.0028266976341099,0,0,317.031746031746,3261.459893047559,RB1CC1;ATM,Latent_9
GO_Biological_Process_2023,Positive Regulation Of Neuron Death (GO:1901216),2/34,0.0005228284778315545,0.0347158109280152,0,0,69.26388888888889,523.3757526021546,SRPK2;SNCA,Latent_9
KEGG_2021_Human,Positive Regulation Of Neuron Death (GO:1901216),2/34,0.0005228284778315545,0.0347158109280152,0,0,69.26388888888889,523.3757526021546,SRPK2;SNCA,Latent_9
